"IdA","Anno","Data","IdL","Note","IdRif"
"1","1274",1274-01-01,"1","","1"
"2","1290",1290-01-01,"1","","1"
"3","1295",1295-01-01,"1","","1"
"4","1321",1321-01-01,"1","","1"
"5","1400",1400-01-01,"1","","1"
"6","1401",1401-01-01,"1","","1"
"7","1402",1402-01-01,"1","","1"
"8","1404",1404-01-01,"1","Promis, Zecca d'Asti S92=G12 e 1/2","1"
"9","1406",1406-01-01,"1","","1"
"10","1408",1408-01-01,"1","","1"
"11","1410",1410-01-01,"1","","1"
"12","1412",1412-01-01,"1","","1"
"13","1414",1414-01-01,"1","","1"
"14","1415",1415-01-01,"1","","1"
"15","1416",1416-01-01,"1","","1"
"16","1418",1418-01-01,"1","","1"
"17","1419",1419-01-01,"1","","1"
"18","1420",1420-01-01,"1","","1"
"19","1420",1420-02-01,"1","","1"
"20","1422",1422-01-01,"1","","1"
"21","1423",1423-01-01,"1","","1"
"22","1424",1424-01-01,"1","","1"
"23","1425",1425-01-01,"1","","1"
"24","1426",1426-01-01,"1","","1"
"25","1427",1427-01-01,"1","","1"
"26","1430",1430-01-01,"1","","1"
"27","1436",1436-01-01,"1","","1"
"28","1437",1437-01-01,"1","","1"
"29","1439",1439-01-01,"1","","1"
"30","1440",1440-01-01,"1","","1"
"31","1447",1447-01-01,"1","","1"
"32","1448",1448-01-01,"1","","1"
"33","1451",1451-01-01,"1","","1"
"34","1452",1452-01-01,"1","","1"
"35","1455",1455-01-01,"1","","1"
"36","1457",1457-01-01,"1","","1"
"37","1458",1458-01-01,"1","","1"
"38","1459",1459-01-01,"1","","1"
"39","1460",1460-01-01,"1","","1"
"40","1463",1463-01-01,"1","","1"
"41","1466",1466-01-01,"1","","1"
"42","1470",1470-01-01,"1","","1"
"43","1474",1474-01-01,"1","","1"
"44","1475",1475-01-01,"1","","1"
"45","1476",1476-01-01,"1","","1"
"46","1477",1477-01-01,"1","","1"
"47","1478",1478-01-01,"1","","1"
"48","1483",1483-01-01,"1","","1"
"49","1483",1483-02-01,"1","","1"
"50","1485",1485-01-01,"1","","1"
"51","1487",1487-01-01,"1","","1"
"52","1490",1490-01-01,"1","","1"
"53","1491",1491-01-01,"1","","1"
"54","1492",1492-01-01,"1","","1"
"55","1493",1493-01-01,"1","","1"
"56","1494",1494-01-01,"1","","1"
"57","1495",1495-01-01,"1","","1"
"58","1500",1500-01-01,"1","","1"
"59","1322",1322-01-01,"1","","1"
"60","1323",1323-01-01,"1","","1"
"61","1342",1342-01-01,"1","","1"
"62","1356",1356-01-01,"1","","1"
"63","1252",1252-01-01,"6","","1"
"64","1278",1278-01-01,"3","AGLIARDI","1"
"65","1279",1279-01-01,"3","","1"
"66","1280",1280-01-01,"3","","1"
"67","1281",1281-01-01,"3","","1"
"68","1285",1285-01-01,"3","","1"
"69","1286",1286-01-01,"3","","1"
"70","1287",1287-01-01,"3","a Genova maggio 1287 1F=s15 e d2 CANALE IV, p 498","1"
"71","1288",1288-01-01,"3","","1"
"72","1292",1292-01-01,"3","","1"
"73","1293",1293-01-01,"3","","1"
"74","1295",1295-01-01,"3","","1"
"75","1296",1296-01-01,"3","","1"
"76","1297",1297-01-01,"3","","1"
"77","1298",1298-01-01,"3","","1"
"78","1299",1299-01-01,"3","","1"
"79","1300",1300-01-01,"3","","1"
"80","1301",1301-01-01,"3","","1"
"81","1302",1302-01-01,"3","","1"
"82","1303",1303-01-01,"3","","1"
"83","1304",1304-01-01,"3","","1"
"84","1305",1305-01-01,"3","","1"
"85","1306",1306-01-01,"3","","1"
"86","1308",1308-01-01,"3","","1"
"87","1309",1309-01-01,"3","","1"
"88","1310",1310-01-01,"3","","1"
"89","1311",1311-01-01,"3","","1"
"90","1312",1312-01-01,"3","","1"
"91","1317",1317-01-01,"3","","1"
"92","1322",1322-01-01,"3","","1"
"93","1325",1325-01-01,"3","","1"
"94","1333",1333-01-01,"3","","1"
"95","1337",1337-01-01,"3","","1"
"96","1339",1339-01-01,"3","","1"
"97","1340",1340-01-01,"3","","1"
"98","1341",1341-01-01,"3","","1"
"99","1346",1346-01-01,"3","","1"
"100","1347",1347-01-01,"3","","1"
"101","1348",1348-01-01,"3","","1"
"102","1349",1349-01-01,"3","","1"
"103","1350",1350-01-01,"3","","1"
"104","1352",1352-01-01,"3","","1"
"105","1355",1355-01-01,"3","","1"
"106","1356",1356-01-01,"3","","1"
"107","1357",1357-01-01,"3","","1"
"108","1364",1364-01-01,"3","","1"
"109","1367",1367-01-01,"3","","1"
"110","1369",1369-01-01,"3","","1"
"111","1377",1377-01-01,"3","","1"
"112","1382",1382-01-01,"3","","1"
"113","1389",1389-01-01,"3","","1"
"114","1286",1286-03-01,"3","","1"
"115","1286",1286-03-10,"3","","1"
"116","1286",1286-03-12,"3","","1"
"117","1286",1286-03-20,"3","","1"
"118","1286",1286-03-30,"3","","1"
"120","1286",1286-04-01,"3","","1"
"121","1286",1286-04-10,"3","","1"
"122","1286",1286-04-20,"3","","1"
"123","1286",1286-04-30,"3","","1"
"124","1286",1286-06-01,"3","","1"
"125","1286",1286-06-15,"3","","1"
"126","1286",1286-06-30,"3","","1"
"127","1279",1279-01-02,"3","","1"
"128","1279",1279-06-01,"3","","1"
"129","1281",1281-01-02,"3","","1"
"130","1287",1287-07-01,"3","","1"
"131","1287",1287-11-01,"3","","1"
"132","1287",1287-11-30,"3","","1"
"133","1293",1293-01-02,"3","","1"
"134","1295",1295-01-02,"3","","1"
"135","1296",1296-01-02,"3","","1"
"136","1298",1298-01-02,"3","","1"
"137","1298",1298-06-01,"3","","1"
"138","1299",1299-01-02,"3","","1"
"139","1300",1300-01-02,"3","","1"
"140","1301",1301-01-02,"3","","1"
"141","1304",1304-01-02,"3","","1"
"142","1309",1309-01-02,"3","","1"
"143","1309",1309-06-01,"3","","1"
"144","1312",1312-01-02,"3","","1"
"145","1317",1317-01-02,"3","","1"
"146","1289",1289-01-01,"2","","1"
"147","1297",1297-01-01,"4","","1"
"148","1306",1306-01-01,"2","","1"
"149","1310",1310-01-01,"2","","1"
"150","1368",1368-01-01,"2","","1"
"151","1375",1375-01-01,"2","","1"
"152","1387",1387-01-01,"4","","1"
"153","1311",1311-01-01,"6","","1"
"154","1315",1315-01-01,"6","","1"
"155","1316",1316-01-01,"6","","1"
"156","1321",1321-01-01,"6","","1"
"157","1333",1333-01-01,"6","","1"
"158","1339",1339-01-01,"6","","1"
"159","1360",1360-01-01,"6","","1"
"160","1373",1373-01-01,"6","","1"
"161","1374",1374-01-01,"6","","1"
"162","1375",1375-01-01,"6","","1"
"163","1399",1399-01-01,"6","","1"
"164","1319",1319-01-01,"7","","1"
"165","1326",1326-01-01,"7","","1"
"166","1363",1363-01-01,"7","","1"
"167","1364",1364-01-01,"7","","1"
"168","1375",1375-01-01,"7","","1"
"169","1383",1383-01-01,"7","","1"
"170","1385",1385-01-01,"7","","1"
"171","1399",1399-01-01,"5","","1"
"172","1330",1330-01-01,"8","","1"
"173","1331",1331-01-01,"8","","1"
"174","1332",1332-01-01,"8","","1"
"175","1333",1333-01-01,"8","","1"
"176","1334",1334-01-01,"8","","1"
"177","1337",1337-01-01,"8","","1"
"178","1341",1341-01-01,"8","","1"
"179","1341",1341-01-02,"8","","1"
"180","1365",1365-01-01,"8","","1"
"181","1390",1390-01-01,"8","","1"
"182","1397",1397-01-01,"11","","1"
"183","1398",1398-01-01,"11","","1"
"184","1399",1399-01-01,"11","","1"
"185","1400",1400-01-01,"11","","1"
"186","1401",1401-01-01,"11","","1"
"187","1402",1402-01-01,"11","","1"
"188","1403",1403-01-01,"11","","1"
"189","1404",1404-01-01,"11","","1"
"190","1405",1405-01-01,"11","","1"
"191","1406",1406-01-01,"11","","1"
"192","1407",1407-01-01,"11","","1"
"193","1408",1408-01-01,"11","","1"
"194","1409",1409-01-01,"11","","1"
"195","1410",1410-01-01,"11","","1"
"196","1411",1411-01-01,"11","","1"
"197","1412",1412-01-01,"11","","1"
"198","1413",1413-01-01,"11","","1"
"199","1414",1414-01-01,"11","","1"
"200","1415",1415-01-01,"11","","1"
"201","1416",1416-01-01,"11","","1"
"202","1417",1417-01-01,"11","","1"
"203","1418",1418-01-01,"11","","1"
"204","1419",1419-01-01,"11","","1"
"205","1420",1420-01-01,"11","","1"
"206","1421",1421-01-01,"11","","1"
"207","1422",1422-01-01,"11","","1"
"208","1423",1423-01-01,"11","","1"
"209","1424",1424-01-01,"11","","1"
"210","1425",1425-01-01,"11","","1"
"211","1426",1426-01-01,"11","","1"
"212","1427",1427-01-01,"11","","1"
"213","1428",1428-01-01,"11","","1"
"214","1429",1429-01-01,"11","","1"
"215","1430",1430-01-01,"11","","1"
"216","1431",1431-01-01,"11","","1"
"217","1432",1432-01-01,"11","","1"
"218","1433",1433-01-01,"11","","1"
"219","1434",1434-01-01,"11","","1"
"220","1435",1435-01-01,"11","","1"
"221","1436",1436-01-01,"11","","1"
"222","1437",1437-01-01,"11","","1"
"223","1438",1438-01-01,"11","","1"
"224","1439",1439-01-01,"11","","1"
"225","1440",1440-01-01,"11","","1"
"226","1441",1441-01-01,"11","","1"
"227","1442",1442-01-01,"11","","1"
"228","1443",1443-01-01,"11","","1"
"229","1444",1444-01-01,"11","","1"
"230","1445",1445-01-01,"11","","1"
"231","1446",1446-01-01,"11","","1"
"232","1447",1447-01-01,"11","","1"
"233","1448",1448-01-01,"11","","1"
"234","1449",1449-01-01,"11","","1"
"235","1450",1450-01-01,"11","","1"
"236","1451",1451-01-01,"11","","1"
"237","1452",1452-01-01,"11","","1"
"238","1453",1453-01-01,"11","","1"
"239","1454",1454-01-01,"11","","1"
"240","1455",1455-01-01,"11","","1"
"241","1456",1456-01-01,"11","","1"
"242","1457",1457-01-01,"11","","1"
"243","1458",1458-01-01,"11","","1"
"244","1459",1459-01-01,"11","","1"
"245","1460",1460-01-01,"11","","1"
"246","1461",1461-01-01,"11","","1"
"247","1462",1462-01-01,"11","","1"
"248","1463",1463-01-01,"11","","1"
"249","1464",1464-01-01,"11","","1"
"250","1465",1465-01-01,"11","","1"
"251","1466",1466-01-01,"11","","1"
"252","1467",1467-01-01,"11","","1"
"253","1468",1468-01-01,"11","","1"
"254","1469",1469-01-01,"11","","1"
"255","1470",1470-01-01,"11","","1"
"256","1471",1471-01-01,"11","","1"
"257","1472",1472-01-01,"11","","1"
"258","1473",1473-01-01,"11","","1"
"259","1474",1474-01-01,"11","","1"
"260","1475",1475-01-01,"11","","1"
"261","1476",1476-01-01,"11","","1"
"262","1477",1477-01-01,"11","","1"
"263","1478",1478-01-01,"11","","1"
"264","1479",1479-01-01,"11","","1"
"265","1480",1480-01-01,"11","","1"
"266","1481",1481-01-01,"11","","1"
"267","1482",1482-01-01,"11","","1"
"268","1483",1483-01-01,"11","","1"
"269","1484",1484-01-01,"11","","1"
"270","1485",1485-01-01,"11","","1"
"271","1486",1486-01-01,"11","","1"
"272","1487",1487-01-01,"11","","1"
"273","1488",1488-01-01,"11","","1"
"274","1489",1489-01-01,"11","","1"
"275","1490",1490-01-01,"11","","1"
"276","1491",1491-01-01,"11","","1"
"277","1492",1492-01-01,"11","","1"
"278","1493",1493-01-01,"11","","1"
"279","1494",1494-01-01,"11","","1"
"280","1495",1495-01-01,"11","","1"
"281","1496",1496-01-01,"11","","1"
"282","1497",1497-01-01,"11","","1"
"283","1498",1498-01-01,"11","","1"
"284","1499",1499-01-01,"11","","1"
"285","1500",1500-01-01,"11","","1"
"286","1404",1404-01-02,"1",,"1"
"287","1258",1258-01-01,"12",,"1"
"288","1260",1260-01-01,"12",,"1"
"289","1262",1262-01-01,"12",,"1"
"290","1276",1276-01-01,"12",,"1"
"291","1281",1281-01-01,"12",,"1"
"292","1282",1282-01-01,"12",,"1"
"293","1283",1283-01-01,"12",,"1"
"294","1284",1284-01-01,"12",,"1"
"295","1285",1285-01-01,"12",,"1"
"296","1286",1286-01-01,"12",,"1"
"297","1287",1287-01-01,"12",,"1"
"298","1291",1291-01-01,"12",,"1"
"299","1292",1292-01-01,"12",,"1"
"300","1302",1302-01-01,"12",,"1"
"301","1306",1306-01-01,"12",,"1"
"302","1309",1309-01-01,"12",,"1"
"303","1310",1310-01-01,"12",,"1"
"304","1311",1311-01-01,"12",,"1"
"305","1321",1321-01-01,"12",,"1"
"306","1326",1326-01-01,"12",,"1"
"307","1327",1327-01-01,"12",,"1"
"308","1330",1330-01-01,"12",,"1"
"309","1331",1331-01-01,"12",,"1"
"310","1335",1335-01-01,"12",,"1"
"311","1339",1339-01-01,"12",,"1"
"312","1340",1340-01-01,"12",,"1"
"313","1343",1343-01-01,"12",,"1"
"314","1348",1348-01-01,"12",,"1"
"315","1370",1370-01-01,"12",,"1"
"316","1387",1387-01-01,"12",,"1"
"317","1390",1390-01-01,"12",,"1"
"318","1400",1400-01-01,"12",,"1"
"319","1404",1404-01-01,"12",,"1"
"320","1412",1412-01-01,"12",,"1"
"321","1421",1421-01-01,"12",,"1"
"322","1429",1429-01-01,"12",,"1"
"323","1434",1434-01-01,"12",,"1"
"324","1437",1437-01-01,"12",,"1"
"325","1440",1440-01-01,"12",,"1"
"326","1444",1444-01-01,"12",,"1"
"327","1447",1447-01-01,"12",,"1"
"328","1448",1448-01-01,"12",,"1"
"329","1451",1451-01-01,"12",,"1"
"330","1454",1454-01-01,"12",,"1"
"331","1455",1455-01-01,"12",,"1"
"332","1459",1459-01-01,"12",,"1"
"333","1460",1460-01-01,"12",,"1"
"334","1461",1461-01-01,"12",,"1"
"335","1470",1470-01-01,"12",,"1"
"336","1473",1473-01-01,"12",,"1"
"337","1480",1480-01-01,"12",,"1"
"338","1483",1483-01-01,"12",,"1"
"339","1484",1484-01-01,"12",,"1"
"340","1490",1490-01-01,"12",,"1"
"341","1491",1491-01-01,"12",,"1"
"342","1493",1493-01-01,"12",,"1"
"343","1494",1494-01-01,"12",,"1"
"344","1495",1495-01-01,"12",,"1"
"345","1497",1497-01-01,"12",,"1"
"346","1498",1498-01-01,"12",,"1"
"347","1500",1500-01-01,"12",,"1"
"348","1303",1303-01-01,"13",,"1"
"349","1316",1316-01-01,"13",,"1"
"350","1339",1339-01-01,"13",,"1"
"351","1356",1356-01-01,"13",,"1"
"352","1361",1361-01-01,"13",,"1"
"353","1368",1368-01-01,"13",,"1"
"354","1386",1386-01-01,"13",,"1"
"355","1392",1392-01-01,"13",,"1"
"356","1411",1411-01-01,"13",,"1"
"357","1419",1419-01-01,"13",,"1"
"358","1420",1420-01-01,"13",,"1"
"359","1421",1421-01-01,"13",,"1"
"360","1426",1426-01-01,"13",,"1"
"361","1427",1427-01-01,"13",,"1"
"362","1429",1429-01-01,"13",,"1"
"363","1432",1432-01-01,"13",,"1"
"364","1433",1433-01-01,"13",,"1"
"365","1434",1434-01-01,"13",,"1"
"366","1435",1435-01-01,"13",,"1"
"367","1436",1436-01-01,"13",,"1"
"368","1440",1440-01-01,"13",,"1"
"369","1442",1442-01-01,"13",,"1"
"370","1443",1443-01-01,"13",,"1"
"371","1447",1447-01-01,"13",,"1"
"372","1450",1450-01-01,"13","Moneta vecchia","1"
"373","1450",1450-01-02,"13","Moneta nuova","1"
"374","1451",1451-01-01,"13",,"1"
"375","1454",1454-01-01,"13",,"1"
"376","1456",1456-01-01,"13",,"1"
"377","1458",1458-01-01,"13",,"1"
"378","1459",1459-01-01,"13",,"1"
"379","1462",1462-01-01,"13",,"1"
"380","1463",1463-01-01,"13",,"1"
"381","1464",1464-01-01,"13",,"1"
"382","1465",1465-01-01,"13",,"1"
"383","1466",1466-01-01,"13",,"1"
"384","1467",1467-01-01,"13",,"1"
"385","1468",1468-01-01,"13",,"1"
"386","1470",1470-01-01,"13",,"1"
"387","1473",1473-01-01,"13",,"1"
"388","1475",1475-01-01,"13",,"1"
"389","1476",1476-01-01,"13",,"1"
"390","1478",1478-01-01,"13",,"1"
"391","1479",1479-01-01,"13",,"1"
"392","1480",1480-01-01,"13",,"1"
"393","1482",1482-01-01,"13",,"1"
"394","1483",1483-01-01,"13",,"1"
"395","1484",1484-01-01,"13",,"1"
"396","1487",1487-01-01,"13",,"1"
"397","1495",1495-01-01,"13",,"1"
"398","1500",1500-01-01,"13",,"1"
"399","1316",1316-01-02,"13",,"1"
"400","1356",1356-01-02,"13",,"1"
"401","1368",1368-01-02,"13",,"1"
"402","1429",1429-01-02,"13",,"1"
"403","1433",1433-01-02,"13",,"1"
"404","1454",1454-01-02,"13",,"1"
"405","1458",1458-01-02,"13",,"1"
"406","1464",1464-01-02,"13",,"1"
"407","1473",1473-01-02,"13",,"1"
"408","1284",1284-01-01,"14",,"1"
"409","1285",1285-01-01,"14",,"1"
"410","1287",1287-01-01,"14",,"1"
"411","1310",1310-01-01,"14",,"1"
"412","1320",1320-01-01,"14",,"1"
"413","1328",1328-01-01,"14",,"1"
"414","1340",1340-01-01,"14",,"1"
"415","1351",1351-01-01,"14",,"1"
"416","1352",1352-01-01,"14",,"1"
"417","1353",1353-01-01,"14",,"1"
"418","1356",1356-01-01,"14",,"1"
"419","1357",1357-01-01,"14",,"1"
"420","1359",1359-01-01,"14",,"1"
"421","1360",1360-01-01,"14",,"1"
"422","1361",1361-01-01,"14",,"1"
"423","1365",1365-01-01,"14",,"1"
"424","1370",1370-01-01,"14",,"1"
"425","1377",1377-01-01,"14",,"1"
"426","1378",1378-01-01,"14",,"1"
"427","1379",1379-01-01,"14",,"1"
"428","1380",1380-01-01,"14",,"1"
"429","1380",1380-01-02,"14","Guerra di Chioggia","1"
"430","1381",1381-01-01,"14",,"1"
"431","1382",1382-01-01,"14",,"1"
"432","1384",1384-01-01,"14",,"1"
"433","1399",1399-01-01,"14",,"1"
"434","1400",1400-01-01,"14",,"1"
"435","1401",1401-01-01,"14",,"1"
"436","1402",1402-01-01,"14",,"1"
"437","1403",1403-01-01,"14",,"1"
"438","1404",1404-01-01,"14",,"1"
"439","1405",1405-01-01,"14",,"1"
"440","1406",1406-01-01,"14",,"1"
"441","1407",1407-01-01,"14",,"1"
"442","1408",1408-01-01,"14",,"1"
"443","1412",1412-01-01,"14",,"1"
"444","1417",1417-01-01,"14",,"1"
"445","1418",1418-01-01,"14",,"1"
"446","1424",1424-01-01,"14",,"1"
"447","1429",1429-01-01,"14",,"1"
"448","1433",1433-01-01,"14",,"1"
"449","1441",1441-01-01,"14",,"1"
"450","1443",1443-01-01,"14",,"1"
"451","1452",1452-01-01,"14",,"1"
"452","1472",1472-01-01,"14",,"1"
"453","1473",1473-01-01,"14",,"1"
"454","1474",1474-01-01,"14",,"1"
"455","1475",1475-01-01,"14",,"1"
"456","1476",1476-01-01,"14",,"1"
"457","1477",1477-01-01,"14",,"1"
"458","1478",1478-01-01,"14",,"1"
"459","1479",1479-01-01,"14",,"1"
"460","1480",1480-01-01,"14",,"1"
"461","1481",1481-01-01,"14",,"1"
"462","1482",1482-01-01,"14",,"1"
"463","1483",1483-01-01,"14",,"1"
"464","1484",1484-01-01,"14",,"1"
"465","1485",1485-01-01,"14",,"1"
"466","1486",1486-01-01,"14",,"1"
"467","1487",1487-01-01,"14",,"1"
"468","1488",1488-01-01,"14",,"1"
"469","1489",1489-01-01,"14",,"1"
"470","1490",1490-01-01,"14",,"1"
"471","1491",1491-01-01,"14",,"1"
"472","1492",1492-01-01,"14",,"1"
"473","1493",1493-01-01,"14",,"1"
"474","1494",1494-01-01,"14",,"1"
"475","1495",1495-01-01,"14",,"1"
"476","1496",1496-01-01,"14",,"1"
"477","1497",1497-01-01,"14",,"1"
"478","1498",1498-01-01,"14",,"1"
"479","1499",1499-01-01,"14",,"1"
"480","1500",1500-01-01,"14",,"1"
"481","1308",1308-01-01,"15",,"1"
"482","1311",1311-01-01,"15",,"1"
"483","1318",1318-01-01,"15",,"1"
"484","1329",1329-01-01,"15",,"1"
"485","1331",1331-01-01,"15",,"1"
"486","1341",1341-01-01,"15",,"1"
"487","1342",1342-01-01,"15",,"1"
"488","1345",1345-01-01,"15",,"1"
"489","1349",1349-01-01,"15",,"1"
"490","1350",1350-01-01,"15",,"1"
"491","1354",1354-01-01,"15",,"1"
"492","1355",1355-01-01,"15",,"1"
"493","1366",1366-01-01,"15",,"1"
"494","1368",1368-01-01,"15",,"1"
"495","1369",1369-01-01,"15",,"1"
"496","1370",1370-01-01,"15",,"1"
"497","1371",1371-01-01,"15",,"1"
"498","1374",1374-01-01,"15",,"1"
"499","1376",1376-01-01,"15",,"1"
"500","1378",1378-01-01,"15",,"1"
"501","1385",1385-01-01,"15",,"1"
"502","1386",1386-01-01,"15",,"1"
"503","1388",1388-01-01,"15",,"1"
"504","1389",1389-01-01,"15",,"1"
"505","1390",1390-01-01,"15",,"1"
"506","1391",1391-01-01,"15",,"1"
"507","1394",1394-01-01,"15",,"1"
"508","1396",1396-01-01,"15",,"1"
"509","1398",1398-01-01,"15",,"1"
"510","1402",1402-01-01,"15",,"1"
"511","1403",1403-01-01,"15",,"1"
"512","1405",1405-01-01,"15",,"1"
"513","1414",1414-01-01,"15",,"1"
"514","1421",1421-01-01,"15",,"1"
"515","1424",1424-01-01,"15",,"1"
"516","1434",1434-01-01,"15",,"1"
"517","1439",1439-01-01,"15",,"1"
"518","1441",1441-01-01,"15",,"1"
"519","1452",1452-01-01,"15",,"1"
"520","1453",1453-01-01,"15",,"1"
"521","1454",1454-01-01,"15",,"1"
"522","1264",1264-01-01,"17",,"1"
"523","1342",1342-01-02,"15",,"1"
"524","1345",1345-01-02,"15",,"1"
"525","1345",1345-01-03,"15",,"1"
"526","1368",1368-01-02,"15",,"1"
"527","1371",1371-01-02,"15",,"1"
"528","1371",1371-01-03,"15",,"1"
"529","1371",1371-01-04,"15",,"1"
"530","1388",1388-01-02,"15",,"1"
"531","1388",1388-01-03,"15",,"1"
"532","1389",1389-01-02,"15",,"1"
"533","1394",1394-01-02,"15",,"1"
"534","1392",1392-01-01,"15",,"1"
"535","1397",1397-01-01,"15",,"1"
"536","1321",1321-01-01,"16",,"1"
"537","1337",1337-01-01,"16",,"1"
"538","1381",1381-01-01,"16",,"1"
"539","1387",1387-01-01,"16",,"1"
"540","1388",1388-01-01,"16",,"1"
"541","1389",1389-01-01,"16",,"1"
"542","1390",1390-01-01,"16",,"1"
"543","1391",1391-01-01,"16",,"1"
"544","1392",1392-01-01,"16",,"1"
"545","1400",1400-01-01,"16",,"1"
"546","1401",1401-01-01,"16",,"1"
"547","1402",1402-01-01,"16",,"1"
"548","1403",1403-01-01,"16",,"1"
"549","1404",1404-01-01,"16",,"1"
"550","1405",1405-01-01,"16",,"1"
"551","1406",1406-01-01,"16",,"1"
"552","1407",1407-01-01,"16",,"1"
"553","1408",1408-01-01,"16",,"1"
"554","1409",1409-01-01,"16",,"1"
"555","1410",1410-01-01,"16",,"1"
"556","1411",1411-01-01,"16",,"1"
"557","1412",1412-01-01,"16",,"1"
"558","1413",1413-01-01,"16",,"1"
"559","1414",1414-01-01,"16",,"1"
"560","1415",1415-01-01,"16",,"1"
"561","1416",1416-01-01,"16",,"1"
"562","1417",1417-01-01,"16",,"1"
"563","1418",1418-01-01,"16",,"1"
"564","1419",1419-01-01,"16",,"1"
"565","1420",1420-01-01,"16",,"1"
"566","1421",1421-01-01,"16",,"1"
"567","1422",1422-01-01,"16",,"1"
"568","1423",1423-01-01,"16",,"1"
"569","1424",1424-01-01,"16",,"1"
"570","1430",1430-01-01,"16",,"1"
"571","1437",1437-01-01,"16",,"1"
"572","1438",1438-01-01,"16",,"1"
"573","1439",1439-01-01,"16",,"1"
"574","1440",1440-01-01,"16",,"1"
"575","1441",1441-01-01,"16",,"1"
"576","1442",1442-01-01,"16",,"1"
"577","1443",1443-01-01,"16",,"1"
"578","1444",1444-01-01,"16",,"1"
"579","1445",1445-01-01,"16",,"1"
"580","1446",1446-01-01,"16",,"1"
"581","1447",1447-01-01,"16",,"1"
"582","1448",1448-01-01,"16",,"1"
"583","1449",1449-01-01,"16",,"1"
"584","1450",1450-01-01,"16",,"1"
"585","1451",1451-01-01,"16",,"1"
"586","1452",1452-01-01,"16",,"1"
"587","1453",1453-01-01,"16",,"1"
"588","1454",1454-01-01,"16",,"1"
"589","1455",1455-01-01,"16",,"1"
"590","1456",1456-01-01,"16",,"1"
"591","1457",1457-01-01,"16",,"1"
"592","1458",1458-01-01,"16",,"1"
"593","1459",1459-01-01,"16",,"1"
"594","1460",1460-01-01,"16",,"1"
"595","1461",1461-01-01,"16",,"1"
"596","1462",1462-01-01,"16",,"1"
"597","1463",1463-01-01,"16",,"1"
"598","1464",1464-01-01,"16",,"1"
"599","1465",1465-01-01,"16",,"1"
"600","1466",1466-01-01,"16",,"1"
"601","1467",1467-01-01,"16",,"1"
"602","1468",1468-01-01,"16",,"1"
"603","1469",1469-01-01,"16",,"1"
"604","1470",1470-01-01,"16",,"1"
"605","1471",1471-01-01,"16",,"1"
"606","1472",1472-01-01,"16",,"1"
"607","1473",1473-01-01,"16",,"1"
"608","1474",1474-01-01,"16",,"1"
"609","1475",1475-01-01,"16",,"1"
"610","1476",1476-01-01,"16",,"1"
"611","1477",1477-01-01,"16",,"1"
"612","1478",1478-01-01,"16",,"1"
"613","1479",1479-01-01,"16",,"1"
"614","1480",1480-01-01,"16",,"1"
"615","1481",1481-01-01,"16",,"1"
"616","1482",1482-01-01,"16",,"1"
"617","1483",1483-01-01,"16",,"1"
"618","1484",1484-01-01,"16",,"1"
"619","1485",1485-01-01,"16",,"1"
"620","1486",1486-01-01,"16",,"1"
"621","1487",1487-01-01,"16",,"1"
"622","1488",1488-01-01,"16",,"1"
"623","1489",1489-01-01,"16",,"1"
"624","1490",1490-01-01,"16",,"1"
"625","1491",1491-01-01,"16",,"1"
"626","1492",1492-01-01,"16",,"1"
"627","1493",1493-01-01,"16",,"1"
"628","1494",1494-01-01,"16",,"1"
"629","1495",1495-01-01,"16",,"1"
"630","1496",1496-01-01,"16",,"1"
"631","1497",1497-01-01,"16",,"1"
"632","1498",1498-01-01,"16",,"1"
"633","1499",1499-01-01,"16",,"1"
"634","1500",1500-01-01,"16",,"1"
"635","1438",1438-01-02,"16",,"1"
"636","1267",1267-01-01,"17",,"1"
"637","1285",1285-01-01,"17",,"1"
"638","1286",1286-01-01,"17",,"1"
"639","1288",1288-01-01,"17",,"1"
"640","1291",1291-01-01,"17",,"1"
"641","1292",1292-01-01,"17",,"1"
"642","1294",1294-01-01,"17",,"1"
"643","1297",1297-01-01,"17",,"1"
"644","1305",1305-01-01,"17",,"1"
"645","1312",1312-01-01,"17",,"1"
"646","1313",1313-01-01,"17",,"1"
"647","1316",1316-01-01,"17",,"1"
"648","1319",1319-01-01,"17",,"1"
"649","1320",1320-01-01,"17",,"1"
"650","1321",1321-01-01,"17",,"1"
"651","1322",1322-01-01,"17",,"1"
"652","1323",1323-01-01,"17",,"1"
"653","1328",1328-01-01,"17",,"1"
"654","1305",1305-01-02,"17",,"1"
"655","1330",1330-01-01,"17",,"1"
"656","1331",1331-01-01,"17",,"1"
"657","1332",1332-01-01,"17",,"1"
"658","1333",1333-01-01,"17",,"1"
"659","1334",1334-01-01,"17",,"1"
"660","1336",1336-01-01,"17",,"1"
"661","1337",1337-01-01,"17",,"1"
"662","1338",1338-01-01,"17",,"1"
"663","1339",1339-01-01,"17",,"1"
"664","1348",1348-01-01,"17",,"1"
"665","1349",1349-01-01,"17",,"1"
"666","1350",1350-01-01,"17",,"1"
"667","1351",1351-01-01,"17",,"1"
"668","1352",1352-01-01,"17",,"1"
"669","1353",1353-01-01,"17",,"1"
"670","1355",1355-01-01,"17",,"1"
"671","1357",1357-01-01,"17",,"1"
"672","1358",1358-01-01,"17",,"1"
"673","1360",1360-01-01,"17",,"1"
"674","1361",1361-01-01,"17",,"1"
"675","1362",1362-01-01,"17",,"1"
"676","1364",1364-01-01,"17",,"1"
"677","1368",1368-01-01,"17",,"1"
"678","1371",1371-01-01,"17",,"1"
"679","1381",1381-01-01,"17",,"1"
"680","1382",1382-01-01,"17",,"1"
"681","1383",1383-01-01,"17",,"1"
"682","1384",1384-01-01,"17",,"1"
"683","1385",1385-01-01,"17",,"1"
"684","1386",1386-01-01,"17",,"1"
"685","1387",1387-01-01,"17",,"1"
"686","1388",1388-01-01,"17",,"1"
"687","1389",1389-01-01,"17",,"1"
"688","1390",1390-01-01,"17",,"1"
"689","1391",1391-01-01,"17",,"1"
"690","1392",1392-01-01,"17",,"1"
"691","1393",1393-01-01,"17",,"1"
"692","1394",1394-01-01,"17",,"1"
"693","1395",1395-01-01,"17",,"1"
"694","1398",1398-01-01,"17",,"1"
"695","1399",1399-01-01,"17",,"1"
"696","1400",1400-01-01,"17",,"1"
"697","1401",1401-01-01,"17",,"1"
"698","1404",1404-01-01,"17",,"1"
"699","1405",1405-01-01,"17",,"1"
"700","1407",1407-01-01,"17",,"1"
"701","1408",1408-01-01,"17",,"1"
"702","1409",1409-01-01,"17",,"1"
"703","1410",1410-01-01,"17",,"1"
"704","1411",1411-01-01,"17",,"1"
"705","1412",1412-01-01,"17",,"1"
"706","1413",1413-01-01,"17",,"1"
"707","1414",1414-01-01,"17",,"1"
"708","1415",1415-01-01,"17",,"1"
"709","1416",1416-01-01,"17",,"1"
"710","1417",1417-01-01,"17",,"1"
"711","1418",1418-01-01,"17",,"1"
"712","1419",1419-01-01,"17",,"1"
"713","1420",1420-01-01,"17",,"1"
"714","1421",1421-01-01,"17",,"1"
"715","1422",1422-01-01,"17",,"1"
"716","1423",1423-01-01,"17",,"1"
"717","1425",1425-01-01,"17",,"1"
"718","1426",1426-01-01,"17",,"1"
"719","1427",1427-01-01,"17",,"1"
"720","1428",1428-01-01,"17",,"1"
"721","1429",1429-01-01,"17",,"1"
"722","1430",1430-01-01,"17",,"1"
"723","1431",1431-01-01,"17",,"1"
"724","1432",1432-01-01,"17",,"1"
"725","1433",1433-01-01,"17",,"1"
"726","1434",1434-01-01,"17",,"1"
"727","1436",1436-01-01,"17",,"1"
"728","1437",1437-01-01,"17",,"1"
"729","1438",1438-01-01,"17",,"1"
"730","1439",1439-01-01,"17",,"1"
"731","1440",1440-01-01,"17",,"1"
"732","1441",1441-01-01,"17",,"1"
"733","1446",1446-01-01,"17",,"1"
"734","1449",1449-01-01,"17",,"1"
"735","1450",1450-01-01,"17",,"1"
"736","1451",1451-01-01,"17",,"1"
"737","1452",1452-01-01,"17",,"1"
"738","1453",1453-01-01,"17",,"1"
"739","1454",1454-01-01,"17",,"1"
"740","1455",1455-01-01,"17",,"1"
"741","1456",1456-01-01,"17",,"1"
"742","1458",1458-01-01,"17",,"1"
"743","1459",1459-01-01,"17",,"1"
"744","1460",1460-01-01,"17",,"1"
"745","1463",1463-01-01,"17",,"1"
"746","1464",1464-01-01,"17",,"1"
"747","1465",1465-01-01,"17",,"1"
"748","1466",1466-01-01,"17",,"1"
"749","1467",1467-01-01,"17",,"1"
"750","1468",1468-01-01,"17",,"1"
"751","1469",1469-01-01,"17",,"1"
"752","1470",1470-01-01,"17",,"1"
"753","1471",1471-01-01,"17",,"1"
"754","1475",1475-01-01,"17",,"1"
"755","1478",1478-01-01,"17",,"1"
"756","1479",1479-01-01,"17",,"1"
"757","1483",1483-01-01,"17",,"1"
"758","1485",1485-01-01,"17",,"1"
"759","1487",1487-01-01,"17",,"1"
"760","1490",1490-01-01,"17",,"1"
"761","1494",1494-01-01,"17",,"1"
"762","1495",1495-01-01,"17",,"1"
"763","1500",1500-01-01,"17",,"1"
"764","1316",1316-01-02,"17",,"1"
"765","1326",1326-01-02,"17",,"1"
"766","1330",1330-01-02,"17",,"1"
"767","1337",1337-01-02,"17",,"1"
"768","1338",1338-01-02,"17",,"1"
"769","1350",1350-01-02,"17",,"1"
"770","1350",1350-02-03,"17",,"1"
"771","1352",1352-01-02,"17",,"1"
"772","1353",1353-01-02,"17",,"1"
"773","1353",1353-01-03,"17",,"1"
"774","1353",1353-01-04,"17",,"1"
"775","1355",1355-01-02,"17",,"1"
"776","1389",1389-01-02,"17",,"1"
"777","1389",1389-01-03,"17",,"1"
"778","1389",1389-01-04,"17",,"1"
"779","1390",1390-01-02,"17",,"1"
"780","1390",1390-01-03,"17",,"1"
"781","1252",1252-01-01,"18",,"1"
"782","1268",1268-01-01,"18",,"1"
"783","1277",1277-01-01,"18",,"1"
"784","1278",1278-01-01,"18",,"1"
"785","1287",1287-09-03,"18",,"1"
"786","1288",1288-01-01,"18",,"1"
"787","1289",1289-01-17,"18",,"1"
"788","1291",1291-01-01,"18",,"1"
"789","1292",1292-01-01,"18",,"1"
"790","1295",1295-03-16,"18",,"1"
"791","1297",1297-01-01,"18",,"1"
"792","1298",1298-05-20,"18",,"1"
"793","1311",1311-01-01,"18",,"1"
"794","1314",1314-01-01,"18",,"1"
"795","1315",1315-01-01,"18",,"1"
"796","1316",1316-01-01,"18",,"1"
"797","1317",1317-01-01,"18",,"1"
"798","1318",1318-08-25,"18",,"1"
"799","1319",1319-01-01,"18",,"1"
"800","1320",1320-01-01,"18",,"1"
"801","1321",1321-01-01,"18",,"1"
"802","1322",1322-01-01,"18",,"1"
"803","1323",1323-01-01,"18",,"1"
"804","1324",1324-01-01,"18",,"1"
"805","1325",1325-01-01,"18",,"1"
"806","1327",1327-01-01,"18",,"1"
"807","1328",1328-01-01,"18",,"1"
"808","1329",1329-01-01,"18",,"1"
"809","1335",1335-01-01,"18",,"1"
"810","1336",1336-01-01,"18",,"1"
"811","1340",1340-01-01,"18",,"1"
"812","1345",1345-01-01,"18",,"1"
"813","1346",1346-05-23,"18",,"1"
"814","1348",1348-01-01,"18",,"1"
"815","1354",1354-02-01,"18",,"1"
"816","1355",1355-07-17,"18",,"1"
"817","1365",1365-01-01,"18",,"1"
"818","1367",1367-01-01,"18",,"1"
"819","1371",1371-01-01,"18",,"1"
"820","1378",1378-10-13,"18",,"1"
"821","1396",1396-01-01,"18",,"1"
"822","1252",1252-01-01,"9",,"1"
"823","1254",1254-01-01,"9",,"1"
"824","1255",1255-01-01,"9",,"1"
"825","1258",1258-01-01,"9",,"1"
"826","1272",1272-01-01,"9",,"1"
"827","1275",1275-01-01,"9",,"1"
"828","1277",1277-01-01,"9",,"1"
"829","1280",1280-01-01,"9",,"1"
"830","1281",1281-01-01,"9",,"1"
"831","1282",1282-01-01,"9",,"1"
"832","1283",1283-01-01,"9",,"1"
"833","1286",1286-01-01,"9",,"1"
"834","1291",1291-01-01,"9",,"1"
"835","1292",1292-01-01,"9",,"1"
"836","1293",1293-01-01,"9",,"1"
"837","1296",1296-01-01,"9",,"1"
"838","1298",1298-01-01,"9",,"1"
"839","1300",1300-01-01,"9",,"1"
"840","1301",1301-01-01,"9",,"1"
"841","1302",1302-01-01,"9",,"1"
"842","1303",1303-01-01,"9",,"1"
"843","1305",1305-01-01,"9",,"1"
"844","1308",1308-01-01,"9",,"1"
"845","1313",1313-01-01,"9",,"1"
"846","1315",1315-01-01,"9",,"1"
"847","1316",1316-01-01,"9",,"1"
"848","1317",1317-01-01,"9",,"1"
"849","1318",1318-01-01,"9",,"1"
"850","1319",1319-01-01,"9",,"1"
"851","1320",1320-01-01,"9",,"1"
"852","1321",1321-01-01,"9",,"1"
"853","1322",1322-01-01,"9",,"1"
"854","1323",1323-01-01,"9",,"1"
"855","1324",1324-01-01,"9",,"1"
"856","1325",1325-01-01,"9",,"1"
"857","1326",1326-01-01,"9",,"1"
"858","1327",1327-01-01,"9",,"1"
"859","1328",1328-01-01,"9",,"1"
"860","1329",1329-01-01,"9",,"1"
"861","1330",1330-01-01,"9",,"1"
"862","1331",1331-01-01,"9",,"1"
"863","1332",1332-01-01,"9",,"1"
"864","1333",1333-01-01,"9",,"1"
"865","1334",1334-01-01,"9",,"1"
"866","1335",1335-01-01,"9",,"1"
"867","1336",1336-01-01,"9",,"1"
"868","1337",1337-01-01,"9",,"1"
"869","1338",1338-01-01,"9",,"1"
"870","1339",1339-01-01,"9",,"1"
"871","1341",1341-01-01,"9",,"1"
"872","1342",1342-01-01,"9",,"1"
"873","1343",1343-01-01,"9",,"1"
"874","1344",1344-01-01,"9",,"1"
"875","1345",1345-01-01,"9",,"1"
"876","1490",1490-01-01,"9",,"1"
"877","1491",1491-01-01,"9",,"1"
"878","1492",1492-01-01,"9",,"1"
"879","1493",1493-01-01,"9",,"1"
"880","1494",1494-01-01,"9",,"1"
"881","1495",1495-01-01,"9",,"1"
"882","1496",1496-01-01,"9",,"1"
"883","1498",1498-01-01,"9",,"1"
"884","1499",1499-01-01,"9",,"1"
"885","1500",1500-01-01,"9",,"1"
"886","1451",1451-09-08,"10",,"1"
"887","1453",1453-11-29,"10",,"1"
"888","1455",1455-03-19,"10",,"1"
"889","1459",1459-04-14,"10",,"1"
"890","1289",1289-02-11,"18",,"1"
"891","1292",1292-02-16,"18",,"1"
"892","1297",1297-01-02,"18",,"1"
"893","1298",1298-06-01,"18",,"1"
"894","1318",1318-01-01,"18",,"1"
"895","1322",1322-01-02,"18",,"1"
"896","1328",1328-01-02,"18",,"1"
"897","1329",1329-01-02,"18",,"1"
"898","1354",1354-03-01,"18",,"1"
"899","1354",1354-04-01,"18",,"1"
"900","1354",1354-05-14,"18",,"1"
"901","1286",1286-01-02,"9",,"1"
"902","1301",1301-01-02,"9",,"1"
"903","1302",1302-01-02,"9",,"1"
"904","1302",1302-01-03,"9",,"1"
"905","1303",1303-01-02,"9",,"1"
"906","1313",1313-01-02,"9",,"1"
"907","1316",1316-01-02,"9",,"1"
"908","1317",1317-01-02,"9",,"1"
"909","1318",1318-01-02,"9",,"1"
"910","1319",1319-01-02,"9",,"1"
"911","1319",1319-01-03,"9",,"1"
"912","1319",1319-01-04,"9",,"1"
"913","1319",1319-01-05,"9",,"1"
"914","1320",1320-01-02,"9",,"1"
"915","1322",1322-01-02,"9",,"1"
"916","1322",1322-01-03,"9",,"1"
"917","1322",1322-01-04,"9",,"1"
"918","1323",1323-01-02,"9",,"1"
"919","1323",1323-01-03,"9",,"1"
"920","1324",1324-01-02,"9",,"1"
"921","1325",1325-01-02,"9",,"1"
"922","1326",1326-01-02,"9",,"1"
"923","1327",1327-01-02,"9",,"1"
"924","1327",1327-01-03,"9",,"1"
"925","1328",1328-01-02,"9",,"1"
"926","1328",1328-01-03,"9",,"1"
"927","1329",1329-01-02,"9",,"1"
"928","1330",1330-01-02,"9",,"1"
"929","1337",1337-01-02,"9",,"1"
"930","1339",1339-01-02,"9",,"1"
"931","1341",1341-01-02,"9",,"1"
"932","1342",1342-01-02,"9",,"1"
"933","1343",1343-01-02,"9",,"1"
"934","1344",1344-03-02,"9",,"1"
"935","1344",1344-03-03,"9",,"1"
"936","1344",1344-03-05,"9",,"1"
"937","1344",1344-03-10,"9",,"1"
"938","1344",1344-03-17,"9",,"1"
"939","1344",1344-03-27,"9",,"1"
"940","1344",1344-04-03,"9",,"1"
"941","1344",1344-04-08,"9",,"1"
"942","1344",1344-04-26,"9",,"1"
"943","1344",1344-12-01,"9",,"1"
"944","1345",1345-01-02,"9",,"1"
"945","1316",1316-01-03,"9",,"1"
"946","1318",1318-01-03,"9",,"1"
"947","1318",1318-01-04,"9",,"1"
"948","1460",1460-01-18,"10",,"1"
"949","1461",1461-10-17,"10",,"1"
"950","1462",1462-01-23,"10",,"1"
"951","1463",1463-04-16,"10",,"1"
"952","1464",1464-06-08,"10",,"1"
"953","1465",1465-01-01,"10",,"1"
"954","1466",1466-07-06,"10",,"1"
"955","1467",1467-08-31,"10",,"1"
"956","1468",1468-10-17,"10",,"1"
"957","1469",1469-01-01,"10",,"1"
"958","1470",1470-01-01,"10",,"1"
"959","1471",1471-02-15,"10",,"1"
"960","1472",1472-07-04,"10",,"1"
"961","1473",1473-03-06,"10",,"1"
"962","1475",1475-06-10,"10",,"1"
"963","1476",1476-08-01,"10",,"1"
"964","1477",1477-04-28,"10",,"1"
"965","1480",1480-06-04,"10",,"1"
"966","1481",1481-04-12,"10",,"1"
"967","1482",1482-01-01,"10",,"1"
"968","1483",1483-01-28,"10",,"1"
"969","1487",1487-01-01,"10",,"1"
"970","1490",1490-01-01,"10",,"1"
"971","1491",1491-01-01,"10",,"1"
"972","1492",1492-01-01,"10",,"1"
"973","1493",1493-08-30,"10",,"1"
"974","1494",1494-01-01,"10",,"1"
"975","1495",1495-01-01,"10",,"1"
"976","1496",1496-01-01,"10",,"1"
"977","1497",1497-01-01,"10",,"1"
"978","1498",1498-01-01,"10",,"1"
"979","1499",1499-01-01,"10",,"1"
"980","1451",1451-12-15,"10",,"1"
"981","1453",1453-01-01,"10",,"1"
"982","1460",1460-03-27,"10",,"1"
"983","1460",1460-05-13,"10",,"1"
"984","1463",1463-04-28,"10",,"1"
"985","1463",1463-05-21,"10",,"1"
"986","1468",1468-11-24,"10",,"1"
"987","1468",1468-01-02,"10",,"1"
"988","1469",1469-01-02,"10",,"1"
"989","1470",1470-01-02,"10",,"1"
"990","1470",1470-01-03,"10",,"1"
"991","1471",1471-08-30,"10",,"1"
"992","1471",1471-05-30,"10",,"1"
"993","1471",1471-03-26,"10",,"1"
"994","1472",1472-08-28,"10",,"1"
"995","1473",1473-12-11,"10",,"1"
"996","1475",1475-06-19,"10",,"1"
"997","1475",1475-07-24,"10",,"1"
"998","1474",1474-01-01,"10",,"1"
"999","1476",1476-11-15,"10",,"1"
"1000","1476",1476-12-11,"10",,"1"
"1001","1477",1477-01-01,"10",,"1"
"1002","1483",1483-12-06,"10",,"1"
"1003","1491",1491-01-02,"10",,"1"
"1004","1491",1491-01-03,"10",,"1"
"1005","1492",1492-01-02,"10",,"1"
"1006","1492",1492-01-03,"10",,"1"
"1007","1493",1493-11-26,"10",,"1"
"1008","1493",1493-01-01,"10",,"1"
"1009","1493",1493-01-02,"10",,"1"
"1010","1494",1494-01-02,"10",,"1"
"1011","1494",1494-06-12,"10",,"1"
"1012","1494",1494-10-15,"10",,"1"
"1013","1496",1496-01-02,"10",,"1"
"1014","1498",1498-01-02,"10",,"1"
"1016","1302",1302-01-02,"10",,"1"
"1206","1302",1302-01-03,"10",,"1"
"1207","1302",1302-01-04,"10",,"1"
"1208","1302",1302-01-05,"10",,"1"
"1209","1302",1302-01-09,"10",,"1"
"1210","1302",1302-01-12,"10",,"1"
"1211","1302",1302-01-15,"10",,"1"
"1212","1302",1302-01-20,"10",,"1"
"1213","1302",1302-02-06,"10",,"1"
"1214","1302",1302-02-13,"10",,"1"
"1215","1302",1302-02-14,"10",,"1"
"1216","1302",1302-02-24,"10",,"1"
"1217","1302",1302-02-26,"10",,"1"
"1218","1302",1302-02-27,"10",,"1"
"1219","1302",1302-03-03,"10",,"1"
"1220","1302",1302-03-26,"10",,"1"
"1221","1302",1302-03-30,"10",,"1"
"1222","1302",1302-03-31,"10",,"1"
"1223","1302",1302-04-03,"10",,"1"
"1224","1302",1302-04-04,"10",,"1"
"1225","1302",1302-04-07,"10",,"1"
"1226","1302",1302-04-26,"10",,"1"
"1227","1302",1302-04-30,"10",,"1"
"1228","1302",1302-05-03,"10",,"1"
"1229","1302",1302-05-07,"10",,"1"
"1230","1302",1302-05-12,"10",,"1"
"1231","1302",1302-05-14,"10",,"1"
"1232","1302",1302-05-18,"10",,"1"
"1233","1302",1302-05-21,"10",,"1"
"1234","1302",1302-05-26,"10",,"1"
"1235","1302",1302-06-01,"10",,"1"
"1236","1302",1302-06-06,"10",,"1"
"1237","1302",1302-06-08,"10",,"1"
"1238","1302",1302-06-12,"10",,"1"
"1239","1302",1302-06-13,"10",,"1"
"1240","1302",1302-06-15,"10",,"1"
"1241","1302",1302-06-22,"10",,"1"
"1242","1302",1302-06-25,"10",,"1"
"1243","1302",1302-07-04,"10",,"1"
"1244","1302",1302-07-10,"10",,"1"
"1245","1302",1302-07-11,"10",,"1"
"1246","1302",1302-07-13,"10",,"1"
"1247","1302",1302-07-16,"10",,"1"
"1248","1302",1302-07-23,"10",,"1"
"1249","1302",1302-07-27,"10",,"1"
"1250","1302",1302-07-30,"10",,"1"
"1251","1302",1302-08-03,"10",,"1"
"1252","1302",1302-08-06,"10",,"1"
"1253","1302",1302-08-08,"10",,"1"
"1254","1302",1302-08-11,"10",,"1"
"1255","1302",1302-08-13,"10",,"1"
"1256","1302",1302-08-15,"10",,"1"
"1257","1302",1302-08-22,"10",,"1"
"1258","1302",1302-08-25,"10",,"1"
"1259","1302",1302-08-27,"10",,"1"
"1260","1302",1302-09-04,"10",,"1"
"1261","1302",1302-09-05,"10",,"1"
"1262","1302",1302-09-10,"10",,"1"
"1263","1302",1302-09-12,"10",,"1"
"1264","1302",1302-09-15,"10",,"1"
"1265","1302",1302-09-17,"10",,"1"
"1266","1302",1302-09-18,"10",,"1"
"1267","1302",1302-09-21,"10",,"1"
"1268","1302",1302-09-22,"10",,"1"
"1269","1302",1302-09-24,"10",,"1"
"1270","1302",1302-09-28,"10",,"1"
"1271","1302",1302-10-12,"10",,"1"
"1272","1302",1302-10-22,"10",,"1"
"1273","1302",1302-10-25,"10",,"1"
"1274","1302",1302-11-05,"10",,"1"
"1275","1302",1302-11-06,"10",,"1"
"1276","1302",1302-11-12,"10",,"1"
"1277","1302",1302-11-15,"10",,"1"
"1278","1302",1302-11-17,"10",,"1"
"1279","1302",1302-11-20,"10",,"1"
"1280","1302",1302-11-24,"10",,"1"
"1281","1302",1302-11-26,"10",,"1"
"1282","1302",1302-12-08,"10",,"1"
"1283","1302",1302-12-10,"10",,"1"
"1284","1302",1302-12-11,"10",,"1"
"1285","1302",1302-12-12,"10",,"1"
"1286","1302",1302-12-14,"10",,"1"
"1287","1302",1302-12-15,"10",,"1"
"1288","1302",1302-12-28,"10",,"1"
"1289","1306",1306-01-15,"10",,"1"
"1290","1306",1306-01-17,"10",,"1"
"1291","1306",1306-01-18,"10",,"1"
"1292","1306",1306-01-21,"10",,"1"
"1293","1306",1306-02-08,"10",,"1"
"1294","1306",1306-02-11,"10",,"1"
"1295","1306",1306-02-17,"10",,"1"
"1296","1306",1306-02-18,"10",,"1"
"1297","1306",1306-02-23,"10",,"1"
"1298","1306",1306-02-26,"10",,"1"
"1299","1306",1306-02-28,"10",,"1"
"1300","1306",1306-03-05,"10",,"1"
"1301","1306",1306-03-10,"10",,"1"
"1302","1306",1306-04-06,"10",,"1"
"1303","1306",1306-04-19,"10",,"1"
"1304","1306",1306-05-15,"10",,"1"
"1305","1306",1306-05-17,"10",,"1"
"1306","1306",1306-05-25,"10",,"1"
"1307","1306",1306-05-27,"10",,"1"
"1308","1306",1306-06-06,"10",,"1"
"1309","1306",1306-06-21,"10",,"1"
"1310","1306",1306-06-30,"10",,"1"
"1311","1307",1307-01-03,"10",,"1"
"1312","1307",1307-01-11,"10",,"1"
"1313","1307",1307-01-14,"10",,"1"
"1314","1307",1307-01-19,"10",,"1"
"1315","1307",1307-01-31,"10",,"1"
"1316","1307",1307-02-23,"10",,"1"
"1317","1307",1307-02-27,"10",,"1"
"1318","1307",1307-03-04,"10",,"1"
"1319","1307",1307-03-07,"10",,"1"
"1320","1307",1307-03-08,"10",,"1"
"1321","1307",1307-03-09,"10",,"1"
"1322","1307",1307-04-11,"10",,"1"
"1323","1307",1307-04-14,"10",,"1"
"1324","1307",1307-04-18,"10",,"1"
"1325","1307",1307-04-19,"10",,"1"
"1326","1307",1307-05-05,"10",,"1"
"1327","1307",1307-05-06,"10",,"1"
"1328","1307",1307-05-25,"10",,"1"
"1329","1307",1307-06-04,"10",,"1"
"1330","1307",1307-06-09,"10",,"1"
"1331","1307",1307-06-30,"10",,"1"
"1332","1307",1307-07-03,"10",,"1"
"1333","1307",1307-07-04,"10",,"1"
"1334","1307",1307-07-06,"10",,"1"
"1335","1307",1307-07-11,"10",,"1"
"1336","1307",1307-07-12,"10",,"1"
"1337","1307",1307-07-18,"10",,"1"
"1338","1307",1307-07-21,"10",,"1"
"1339","1307",1307-07-26,"10",,"1"
"1340","1307",1307-07-31,"10",,"1"
"1341","1307",1307-08-04,"10",,"1"
"1342","1307",1307-08-07,"10",,"1"
"1343","1307",1307-08-08,"10",,"1"
"1344","1307",1307-08-16,"10",,"1"
"1345","1307",1307-08-17,"10",,"1"
"1346","1307",1307-08-18,"10",,"1"
"1347","1307",1307-08-21,"10",,"1"
"1348","1307",1307-08-22,"10",,"1"
"1349","1307",1307-08-23,"10",,"1"
"1350","1307",1307-08-24,"10",,"1"
"1351","1307",1307-08-26,"10",,"1"
"1352","1307",1307-09-01,"10",,"1"
"1353","1307",1307-09-06,"10",,"1"
"1354","1307",1307-09-11,"10",,"1"
"1355","1307",1307-09-12,"10",,"1"
"1356","1307",1307-09-22,"10",,"1"
"1357","1307",1307-09-25,"10",,"1"
"1358","1307",1307-09-26,"10",,"1"
"1359","1307",1307-09-28,"10",,"1"
"1360","1307",1307-09-30,"10",,"1"
"1361","1307",1307-10-05,"10",,"1"
"1362","1307",1307-10-11,"10",,"1"
"1363","1307",1307-10-13,"10",,"1"
"1364","1307",1307-10-14,"10",,"1"
"1365","1307",1307-10-17,"10",,"1"
"1366","1307",1307-10-19,"10",,"1"
"1367","1307",1307-10-20,"10",,"1"
"1368","1307",1307-10-23,"10",,"1"
"1369","1307",1307-10-24,"10",,"1"
"1370","1307",1307-10-27,"10",,"1"
"1371","1307",1307-10-30,"10",,"1"
"1372","1307",1307-11-03,"10",,"1"
"1373","1307",1307-11-04,"10",,"1"
"1374","1307",1307-11-07,"10",,"1"
"1375","1307",1307-11-08,"10",,"1"
"1376","1307",1307-11-11,"10",,"1"
"1377","1307",1307-11-16,"10",,"1"
"1378","1307",1307-11-21,"10",,"1"
"1379","1307",1307-11-22,"10",,"1"
"1380","1307",1307-11-24,"10",,"1"
"1381","1307",1307-12-02,"10",,"1"
"1382","1307",1307-12-04,"10",,"1"
"1383","1307",1307-12-05,"10",,"1"
"1384","1307",1307-12-07,"10",,"1"
"1385","1307",1307-12-09,"10",,"1"
"1386","1307",1307-12-12,"10",,"1"
"1387","1307",1307-12-14,"10",,"1"
"1388","1307",1307-12-15,"10",,"1"
"1389","1307",1307-12-16,"10",,"1"
"1390","1307",1307-12-20,"10",,"1"
"1391","1307",1307-12-22,"10",,"1"
"1392","1307",1307-12-29,"10",,"1"
"1393","1307",1307-12-30,"10",,"1"
"1394","1309",1309-01-01,"10",,"1"
"1395","1309",1309-02-01,"10",,"1"
"1396","1309",1309-03-01,"10",,"1"
"1397","1309",1309-04-01,"10",,"1"
"1398","1309",1309-05-01,"10",,"1"
"1399","1309",1309-06-01,"10",,"1"
"1400","1310",1310-01-05,"10",,"1"
"1401","1310",1310-01-07,"10",,"1"
"1402","1310",1310-01-08,"10",,"1"
"1403","1310",1310-01-12,"10",,"1"
"1404","1310",1310-01-04,"10",,"1"
"1405","1310",1310-01-16,"10",,"1"
"1406","1310",1310-01-17,"10",,"1"
"1407","1310",1310-01-18,"10",,"1"
"1408","1310",1310-01-19,"10",,"1"
"1409","1310",1310-01-20,"10",,"1"
"1410","1310",1310-01-21,"10",,"1"
"1411","1310",1310-01-22,"10",,"1"
"1412","1310",1310-01-23,"10",,"1"
"1413","1310",1310-01-24,"10",,"1"
"1414","1310",1310-01-25,"10",,"1"
"1415","1310",1310-01-26,"10",,"1"
"1416","1310",1310-01-27,"10",,"1"
"1417","1310",1310-01-28,"10",,"1"
"1418","1310",1310-01-29,"10",,"1"
"1419","1310",1310-01-30,"10",,"1"
"1420","1310",1310-01-31,"10",,"1"
"1421","1310",1310-02-01,"10",,"1"
"1422","1310",1310-02-02,"10",,"1"
"1423","1310",1310-02-03,"10",,"1"
"1424","1310",1310-02-04,"10",,"1"
"1425","1310",1310-02-05,"10",,"1"
"1426","1310",1310-02-06,"10",,"1"
"1427","1310",1310-02-07,"10",,"1"
"1428","1310",1310-02-08,"10",,"1"
"1429","1310",1310-02-09,"10",,"1"
"1430","1310",1310-02-10,"10",,"1"
"1431","1310",1310-02-11,"10",,"1"
"1432","1310",1310-02-12,"10",,"1"
"1433","1310",1310-02-13,"10",,"1"
"1434","1310",1310-02-14,"10",,"1"
"1435","1310",1310-02-15,"10",,"1"
"1436","1310",1310-02-16,"10",,"1"
"1437","1310",1310-02-17,"10",,"1"
"1438","1310",1310-02-18,"10",,"1"
"1439","1310",1310-02-19,"10",,"1"
"1440","1310",1310-02-20,"10",,"1"
"1441","1310",1310-02-21,"10",,"1"
"1442","1310",1310-02-22,"10",,"1"
"1443","1310",1310-02-23,"10",,"1"
"1444","1310",1310-02-24,"10",,"1"
"1445","1310",1310-02-25,"10",,"1"
"1446","1310",1310-03-02,"10",,"1"
"1447","1310",1310-03-10,"10",,"1"
"1448","1310",1310-03-11,"10",,"1"
"1449","1310",1310-03-12,"10",,"1"
"1450","1310",1310-03-13,"10",,"1"
"1451","1310",1310-03-14,"10",,"1"
"1452","1310",1310-03-15,"10",,"1"
"1453","1310",1310-03-16,"10",,"1"
"1454","1310",1310-03-17,"10",,"1"
"1455","1310",1310-03-18,"10",,"1"
"1456","1310",1310-03-19,"10",,"1"
"1457","1310",1310-03-20,"10",,"1"
"1458","1310",1310-03-21,"10",,"1"
"1459","1310",1310-03-22,"10",,"1"
"1460","1310",1310-03-23,"10",,"1"
"1461","1310",1310-03-24,"10",,"1"
"1462","1310",1310-03-25,"10",,"1"
"1463","1310",1310-03-26,"10",,"1"
"1464","1310",1310-03-27,"10",,"1"
"1465","1310",1310-03-28,"10",,"1"
"1466","1310",1310-03-29,"10",,"1"
"1467","1310",1310-03-30,"10",,"1"
"1468","1310",1310-03-31,"10",,"1"
"1469","1310",1310-04-01,"10",,"1"
"1470","1310",1310-04-02,"10",,"1"
"1471","1310",1310-04-03,"10",,"1"
"1472","1310",1310-04-04,"10",,"1"
"1473","1310",1310-04-05,"10",,"1"
"1474","1310",1310-04-06,"10",,"1"
"1475","1310",1310-04-07,"10",,"1"
"1476","1310",1310-04-08,"10",,"1"
"1477","1310",1310-04-09,"10",,"1"
"1478","1310",1310-04-10,"10",,"1"
"1479","1310",1310-04-11,"10",,"1"
"1480","1310",1310-04-12,"10",,"1"
"1481","1310",1310-04-13,"10",,"1"
"1482","1310",1310-04-14,"10",,"1"
"1483","1310",1310-04-15,"10",,"1"
"1484","1310",1310-04-16,"10",,"1"
"1485","1310",1310-04-17,"10",,"1"
"1486","1310",1310-04-18,"10",,"1"
"1487","1310",1310-04-19,"10",,"1"
"1488","1310",1310-04-20,"10",,"1"
"1489","1310",1310-04-21,"10",,"1"
"1490","1310",1310-04-22,"10",,"1"
"1491","1310",1310-04-23,"10",,"1"
"1492","1310",1310-04-24,"10",,"1"
"1493","1310",1310-04-25,"10",,"1"
"1494","1310",1310-04-26,"10",,"1"
"1495","1310",1310-04-27,"10",,"1"
"1496","1310",1310-04-28,"10",,"1"
"1497","1310",1310-04-29,"10",,"1"
"1498","1310",1310-04-30,"10",,"1"
"1499","1310",1310-05-01,"10",,"1"
"1500","1310",1310-05-02,"10",,"1"
"1501","1310",1310-05-03,"10",,"1"
"1502","1310",1310-05-04,"10",,"1"
"1503","1310",1310-05-05,"10",,"1"
"1504","1310",1310-05-06,"10",,"1"
"1505","1310",1310-05-07,"10",,"1"
"1506","1310",1310-05-08,"10",,"1"
"1507","1310",1310-05-09,"10",,"1"
"1508","1310",1310-05-10,"10",,"1"
"1509","1310",1310-05-11,"10",,"1"
"1510","1310",1310-05-12,"10",,"1"
"1511","1310",1310-05-13,"10",,"1"
"1512","1310",1310-05-14,"10",,"1"
"1513","1310",1310-05-15,"10",,"1"
"1514","1310",1310-05-16,"10",,"1"
"1515","1310",1310-05-22,"10",,"1"
"1516","1310",1310-05-29,"10",,"1"
"1517","1310",1310-05-30,"10",,"1"
"1518","1310",1310-06-04,"10",,"1"
"1519","1310",1310-06-18,"10",,"1"
"1520","1310",1310-06-20,"10",,"1"
"1521","1310",1310-06-27,"10",,"1"
"1522","1310",1310-07-03,"10",,"1"
"1523","1315",1315-07-01,"10",,"1"
"1524","1315",1315-08-01,"10",,"1"
"1525","1315",1315-09-01,"10",,"1"
"1526","1315",1315-10-01,"10",,"1"
"1527","1315",1315-11-01,"10",,"1"
"1528","1315",1315-12-01,"10",,"1"
"1529","1316",1316-01-01,"10",,"1"
"1530","1316",1316-02-01,"10",,"1"
"1531","1316",1316-03-01,"10",,"1"
"1532","1316",1316-04-01,"10",,"1"
"1533","1316",1316-05-01,"10",,"1"
"1534","1316",1316-06-01,"10",,"1"
"1535","1316",1316-07-01,"10",,"1"
"1536","1316",1316-08-01,"10",,"1"
"1537","1316",1316-09-01,"10",,"1"
"1538","1316",1316-09-30,"10",,"1"
"1539","1316",1316-10-01,"10",,"1"
"1540","1316",1316-11-01,"10",,"1"
"1541","1316",1316-12-01,"10",,"1"
"1542","1317",1317-01-01,"10",,"1"
"1543","1317",1317-02-01,"10",,"1"
"1544","1317",1317-03-01,"10",,"1"
"1545","1317",1317-04-01,"10",,"1"
"1546","1317",1317-05-01,"10",,"1"
"1547","1317",1317-06-01,"10",,"1"
"1548","1317",1317-07-04,"10",,"1"
"1549","1317",1317-07-13,"10",,"1"
"1550","1317",1317-07-23,"10",,"1"
"1551","1317",1317-08-02,"10",,"1"
"1552","1317",1317-08-14,"10",,"1"
"1553","1317",1317-08-17,"10",,"1"
"1554","1317",1317-08-20,"10",,"1"
"1555","1317",1317-08-25,"10",,"1"
"1556","1317",1317-08-30,"10",,"1"
"1557","1317",1317-09-06,"10",,"1"
"1558","1317",1317-09-07,"10",,"1"
"1559","1317",1317-09-09,"10",,"1"
"1560","1317",1317-09-13,"10",,"1"
"1561","1317",1317-09-28,"10",,"1"
"1562","1317",1317-10-04,"10",,"1"
"1563","1317",1317-10-22,"10",,"1"
"1564","1317",1317-10-27,"10",,"1"
"1565","1317",1317-11-01,"10",,"1"
"1566","1317",1317-11-07,"10",,"1"
"1567","1317",1317-11-12,"10",,"1"
"1568","1317",1317-11-14,"10",,"1"
"1569","1317",1317-11-16,"10",,"1"
"1570","1317",1317-11-17,"10",,"1"
"1571","1317",1317-11-19,"10",,"1"
"1572","1317",1317-11-24,"10",,"1"
"1573","1317",1317-11-26,"10",,"1"
"1574","1317",1317-11-29,"10",,"1"
"1575","1317",1317-12-10,"10",,"1"
"1576","1317",1317-12-15,"10",,"1"
"1577","1317",1317-12-16,"10",,"1"
"1578","1317",1317-12-17,"10",,"1"
"1579","1317",1317-12-19,"10",,"1"
"1580","1317",1317-12-20,"10",,"1"
"1581","1317",1317-12-22,"10",,"1"
"1582","1317",1317-12-23,"10",,"1"
"1583","1317",1317-12-24,"10",,"1"
"1584","1317",1317-12-29,"10",,"1"
"1585","1318",1318-07-27,"10",,"1"
"1586","1318",1318-08-03,"10",,"1"
"1587","1318",1318-08-11,"10",,"1"
"1588","1318",1318-08-13,"10",,"1"
"1589","1318",1318-08-22,"10",,"1"
"1590","1318",1318-08-31,"10",,"1"
"1591","1318",1318-09-01,"10",,"1"
"1592","1318",1318-09-02,"10",,"1"
"1593","1318",1318-09-04,"10",,"1"
"1594","1318",1318-09-06,"10",,"1"
"1595","1318",1318-09-07,"10",,"1"
"1596","1318",1318-09-19,"10",,"1"
"1597","1318",1318-10-05,"10",,"1"
"1598","1318",1318-10-07,"10",,"1"
"1599","1318",1318-10-23,"10",,"1"
"1600","1318",1318-10-25,"10",,"1"
"1601","1318",1318-11-28,"10",,"1"
"1602","1318",1318-11-29,"10",,"1"
"1603","1318",1318-12-01,"10",,"1"
"1604","1318",1318-12-02,"10",,"1"
"1605","1318",1318-12-03,"10",,"1"
"1606","1318",1318-12-04,"10",,"1"
"1607","1318",1318-12-05,"10",,"1"
"1608","1318",1318-12-06,"10",,"1"
"1609","1318",1318-12-07,"10",,"1"
"1610","1318",1318-12-08,"10",,"1"
"1611","1318",1318-12-09,"10",,"1"
"1612","1318",1318-12-10,"10",,"1"
"1613","1318",1318-12-11,"10",,"1"
"1614","1318",1318-12-12,"10",,"1"
"1615","1318",1318-12-13,"10",,"1"
"1616","1318",1318-12-14,"10",,"1"
"1617","1318",1318-12-15,"10",,"1"
"1618","1318",1318-12-16,"10",,"1"
"1619","1318",1318-12-17,"10",,"1"
"1620","1318",1318-12-18,"10",,"1"
"1621","1318",1318-12-19,"10",,"1"
"1622","1318",1318-12-20,"10",,"1"
"1623","1318",1318-12-21,"10",,"1"
"1624","1318",1318-12-22,"10",,"1"
"1625","1318",1318-12-23,"10",,"1"
"1626","1318",1318-12-24,"10",,"1"
"1627","1318",1318-12-25,"10",,"1"
"1628","1318",1318-12-26,"10",,"1"
"1629","1318",1318-12-27,"10",,"1"
"1630","1318",1318-12-28,"10",,"1"
"1631","1318",1318-12-29,"10",,"1"
"1632","1318",1318-12-30,"10",,"1"
"1633","1318",1318-12-31,"10",,"1"
"1634","1319",1319-01-03,"10",,"1"
"1635","1319",1319-01-04,"10",,"1"
"1636","1319",1319-01-05,"10",,"1"
"1637","1319",1319-01-06,"10",,"1"
"1638","1319",1319-01-07,"10",,"1"
"1639","1319",1319-01-08,"10",,"1"
"1640","1319",1319-01-09,"10",,"1"
"1641","1319",1319-01-10,"10",,"1"
"1642","1319",1319-01-11,"10",,"1"
"1643","1319",1319-01-12,"10",,"1"
"1644","1319",1319-01-13,"10",,"1"
"1645","1319",1319-01-14,"10",,"1"
"1646","1319",1319-01-15,"10",,"1"
"1647","1319",1319-01-16,"10",,"1"
"1648","1319",1319-01-17,"10",,"1"
"1649","1319",1319-01-18,"10",,"1"
"1650","1319",1319-01-19,"10",,"1"
"1651","1319",1319-01-20,"10",,"1"
"1652","1319",1319-01-21,"10",,"1"
"1653","1319",1319-01-22,"10",,"1"
"1654","1319",1319-01-23,"10",,"1"
"1655","1319",1319-01-24,"10",,"1"
"1656","1319",1319-01-25,"10",,"1"
"1657","1319",1319-01-26,"10",,"1"
"1658","1319",1319-01-27,"10",,"1"
"1659","1319",1319-01-28,"10",,"1"
"1660","1319",1319-01-29,"10",,"1"
"1661","1319",1319-01-30,"10",,"1"
"1662","1319",1319-01-31,"10",,"1"
"1663","1319",1319-02-01,"10",,"1"
"1664","1319",1319-02-05,"10",,"1"
"1665","1319",1319-02-08,"10",,"1"
"1666","1319",1319-02-16,"10",,"1"
"1667","1319",1319-02-26,"10",,"1"
"1668","1319",1319-02-27,"10",,"1"
"1669","1319",1319-03-07,"10",,"1"
"1670","1319",1319-03-08,"10",,"1"
"1671","1319",1319-03-09,"10",,"1"
"1672","1319",1319-03-10,"10",,"1"
"1673","1319",1319-03-11,"10",,"1"
"1674","1319",1319-03-12,"10",,"1"
"1675","1319",1319-03-13,"10",,"1"
"1676","1319",1319-03-14,"10",,"1"
"1677","1319",1319-03-15,"10",,"1"
"1678","1319",1319-03-16,"10",,"1"
"1679","1319",1319-03-17,"10",,"1"
"1680","1319",1319-03-18,"10",,"1"
"1681","1319",1319-03-19,"10",,"1"
"1682","1319",1319-03-20,"10",,"1"
"1683","1319",1319-03-21,"10",,"1"
"1684","1319",1319-03-22,"10",,"1"
"1685","1319",1319-03-23,"10",,"1"
"1686","1319",1319-03-24,"10",,"1"
"1687","1319",1319-03-25,"10",,"1"
"1688","1319",1319-03-26,"10",,"1"
"1689","1319",1319-04-03,"10",,"1"
"1690","1319",1319-04-04,"10",,"1"
"1691","1319",1319-04-12,"10",,"1"
"1692","1319",1319-04-19,"10",,"1"
"1693","1319",1319-05-14,"10",,"1"
"1694","1319",1319-06-05,"10",,"1"
"1695","1319",1319-07-06,"10",,"1"
"1696","1319",1319-07-09,"10",,"1"
"1697","1319",1319-07-10,"10",,"1"
"1698","1319",1319-07-11,"10",,"1"
"1699","1319",1319-07-14,"10",,"1"
"1700","1319",1319-07-18,"10",,"1"
"1701","1319",1319-07-24,"10",,"1"
"1702","1319",1319-07-31,"10",,"1"
"1703","1319",1319-08-14,"10",,"1"
"1704","1319",1319-08-18,"10",,"1"
"1705","1319",1319-08-22,"10",,"1"
"1706","1319",1319-08-25,"10",,"1"
"1707","1319",1319-08-27,"10",,"1"
"1708","1319",1319-09-03,"10",,"1"
"1709","1319",1319-09-07,"10",,"1"
"1710","1319",1319-09-10,"10",,"1"
"1711","1319",1319-09-11,"10",,"1"
"1712","1319",1319-09-12,"10",,"1"
"1713","1319",1319-10-24,"10",,"1"
"1714","1319",1319-10-26,"10",,"1"
"1715","1319",1319-11-03,"10",,"1"
"1716","1319",1319-11-05,"10",,"1"
"1717","1319",1319-12-10,"10",,"1"
"1718","1319",1319-12-15,"10",,"1"
"1719","1319",1319-12-17,"10",,"1"
"1720","1319",1319-12-22,"10",,"1"
"1721","1319",1319-12-24,"10",,"1"
"1722","1319",1319-12-28,"10",,"1"
"1723","1319",1319-12-29,"10",,"1"
"1724","1319",1319-12-31,"10",,"1"
"1725","1321",1321-01-05,"10",,"1"
"1726","1321",1321-01-06,"10",,"1"
"1727","1321",1321-01-07,"10",,"1"
"1728","1321",1321-01-08,"10",,"1"
"1729","1321",1321-01-09,"10",,"1"
"1730","1321",1321-01-10,"10",,"1"
"1731","1321",1321-01-11,"10",,"1"
"1732","1321",1321-01-12,"10",,"1"
"1733","1321",1321-01-13,"10",,"1"
"1734","1321",1321-01-14,"10",,"1"
"1735","1321",1321-01-15,"10",,"1"
"1736","1321",1321-01-16,"10",,"1"
"1737","1321",1321-01-24,"10",,"1"
"1738","1321",1321-01-25,"10",,"1"
"1739","1321",1321-01-26,"10",,"1"
"1740","1321",1321-01-27,"10",,"1"
"1741","1321",1321-01-28,"10",,"1"
"1742","1321",1321-01-29,"10",,"1"
"1743","1321",1321-01-30,"10",,"1"
"1744","1321",1321-02-04,"10",,"1"
"1745","1321",1321-02-06,"10",,"1"
"1746","1321",1321-02-09,"10",,"1"
"1747","1321",1321-02-16,"10",,"1"
"1748","1321",1321-02-18,"10",,"1"
"1749","1321",1321-02-19,"10",,"1"
"1750","1321",1321-02-20,"10",,"1"
"1751","1321",1321-02-21,"10",,"1"
"1752","1321",1321-02-22,"10",,"1"
"1753","1321",1321-02-23,"10",,"1"
"1754","1321",1321-02-24,"10",,"1"
"1755","1321",1321-02-25,"10",,"1"
"1756","1321",1321-02-26,"10",,"1"
"1757","1321",1321-02-27,"10",,"1"
"1758","1321",1321-02-28,"10",,"1"
"1759","1321",1321-03-01,"10",,"1"
"1760","1321",1321-03-02,"10",,"1"
"1761","1321",1321-03-04,"10",,"1"
"1762","1321",1321-03-07,"10",,"1"
"1763","1321",1321-03-09,"10",,"1"
"1764","1321",1321-03-10,"10",,"1"
"1765","1321",1321-03-11,"10",,"1"
"1766","1321",1321-03-17,"10",,"1"
"1767","1321",1321-03-18,"10",,"1"
"1768","1321",1321-03-28,"10",,"1"
"1769","1321",1321-03-30,"10",,"1"
"1770","1321",1321-04-09,"10",,"1"
"1771","1321",1321-04-14,"10",,"1"
"1772","1321",1321-04-22,"10",,"1"
"1773","1321",1321-04-28,"10",,"1"
"1774","1321",1321-05-18,"10",,"1"
"1775","1321",1321-06-01,"10",,"1"
"1776","1321",1321-06-06,"10",,"1"
"1777","1321",1321-06-12,"10",,"1"
"1778","1321",1321-06-25,"10",,"1"
"1779","1321",1321-06-30,"10",,"1"
"1780","1321",1321-07-20,"10",,"1"
"1781","1321",1321-08-20,"10",,"1"
"1782","1321",1321-10-05,"10",,"1"
"1783","1321",1321-10-29,"10",,"1"
"1784","1321",1321-11-14,"10",,"1"
"1785","1321",1321-12-09,"10",,"1"
"1786","1321",1321-12-31,"10",,"1"
"1787","1322",1322-01-26,"10",,"1"
"1788","1322",1322-01-27,"10",,"1"
"1789","1322",1322-02-23,"10",,"1"
"1790","1322",1322-02-25,"10",,"1"
"1791","1322",1322-03-10,"10",,"1"
"1792","1322",1322-03-19,"10",,"1"
"1793","1322",1322-04-06,"10",,"1"
"1794","1322",1322-04-08,"10",,"1"
"1795","1322",1322-04-20,"10",,"1"
"1796","1322",1322-04-30,"10",,"1"
"1797","1322",1322-05-15,"10",,"1"
"1798","1322",1322-05-25,"10",,"1"
"1799","1322",1322-05-28,"10",,"1"
"1800","1322",1322-06-07,"10",,"1"
"1801","1322",1322-06-18,"10",,"1"
"1802","1322",1322-06-30,"10",,"1"
"1803","1322",1322-07-26,"10",,"1"
"1804","1322",1322-08-14,"10",,"1"
"1805","1322",1322-08-20,"10",,"1"
"1806","1322",1322-10-02,"10",,"1"
"1807","1322",1322-10-26,"10",,"1"
"1808","1322",1322-12-31,"10",,"1"
"1809","1323",1323-01-11,"10",,"1"
"1810","1323",1323-01-17,"10",,"1"
"1811","1323",1323-01-27,"10",,"1"
"1812","1323",1323-01-31,"10",,"1"
"1813","1323",1323-02-09,"10",,"1"
"1814","1323",1323-02-15,"10",,"1"
"1815","1323",1323-02-25,"10",,"1"
"1816","1323",1323-02-28,"10",,"1"
"1817","1323",1323-03-23,"10",,"1"
"1818","1323",1323-03-26,"10",,"1"
"1819","1323",1323-04-07,"10",,"1"
"1820","1323",1323-04-12,"10",,"1"
"1821","1323",1323-04-21,"10",,"1"
"1822","1323",1323-04-28,"10",,"1"
"1823","1323",1323-05-10,"10",,"1"
"1824","1323",1323-05-17,"10",,"1"
"1825","1323",1323-06-30,"10",,"1"
"1826","1323",1323-07-11,"10",,"1"
"1827","1323",1323-08-13,"10",,"1"
"1828","1323",1323-10-11,"10",,"1"
"1829","1323",1323-11-15,"10",,"1"
"1830","1323",1323-12-31,"10",,"1"
"1831","1324",1324-01-07,"10",,"1"
"1832","1324",1324-01-14,"10",,"1"
"1833","1324",1324-02-06,"10",,"1"
"1834","1324",1324-02-07,"10",,"1"
"1835","1324",1324-02-08,"10",,"1"
"1836","1324",1324-02-09,"10",,"1"
"1837","1324",1324-03-08,"10",,"1"
"1838","1324",1324-03-18,"10",,"1"
"1839","1324",1324-03-22,"10",,"1"
"1840","1324",1324-03-26,"10",,"1"
"1841","1324",1324-04-23,"10",,"1"
"1842","1324",1324-05-09,"10",,"1"
"1843","1324",1324-05-10,"10",,"1"
"1844","1324",1324-05-23,"10",,"1"
"1845","1324",1324-05-28,"10",,"1"
"1846","1324",1324-05-29,"10",,"1"
"1847","1324",1324-06-12,"10",,"1"
"1848","1324",1324-06-15,"10",,"1"
"1849","1324",1324-06-19,"10",,"1"
"1850","1324",1324-06-20,"10",,"1"
"1851","1324",1324-06-23,"10",,"1"
"1852","1324",1324-06-30,"10",,"1"
"1853","1325",1325-01-05,"10",,"1"
"1854","1325",1325-01-08,"10",,"1"
"1855","1325",1325-01-18,"10",,"1"
"1856","1325",1325-02-28,"10",,"1"
"1857","1325",1325-03-23,"10",,"1"
"1858","1325",1325-04-13,"10",,"1"
"1859","1325",1325-04-30,"10",,"1"
"1860","1325",1325-05-20,"10",,"1"
"1861","1325",1325-05-22,"10",,"1"
"1862","1325",1325-05-29,"10",,"1"
"1863","1325",1325-06-19,"10",,"1"
"1864","1325",1325-06-27,"10",,"1"
"1865","1325",1325-06-30,"10",,"1"
"1866","1326",1326-07-04,"10",,"1"
"1867","1326",1326-07-15,"10",,"1"
"1868","1326",1326-07-17,"10",,"1"
"1869","1326",1326-08-02,"10",,"1"
"1870","1326",1326-08-04,"10",,"1"
"1871","1326",1326-08-15,"10",,"1"
"1872","1326",1326-08-18,"10",,"1"
"1873","1326",1326-08-20,"10",,"1"
"1874","1326",1326-08-21,"10",,"1"
"1875","1326",1326-08-30,"10",,"1"
"1876","1326",1326-09-01,"10",,"1"
"1877","1326",1326-10-03,"10",,"1"
"1878","1326",1326-10-07,"10",,"1"
"1879","1326",1326-10-08,"10",,"1"
"1880","1326",1326-10-27,"10",,"1"
"1881","1326",1326-11-03,"10",,"1"
"1882","1326",1326-11-04,"10",,"1"
"1883","1326",1326-11-05,"10",,"1"
"1884","1326",1326-12-03,"10",,"1"
"1885","1326",1326-12-08,"10",,"1"
"1886","1326",1326-12-17,"10",,"1"
"1887","1327",1327-01-09,"10",,"1"
"1888","1327",1327-01-27,"10",,"1"
"1889","1327",1327-02-12,"10",,"1"
"1890","1327",1327-02-16,"10",,"1"
"1891","1327",1327-02-20,"10",,"1"
"1892","1327",1327-03-12,"10",,"1"
"1893","1327",1327-03-14,"10",,"1"
"1894","1327",1327-03-17,"10",,"1"
"1895","1327",1327-04-02,"10",,"1"
"1896","1327",1327-04-08,"10",,"1"
"1897","1327",1327-04-09,"10",,"1"
"1898","1327",1327-04-15,"10",,"1"
"1899","1327",1327-04-17,"10",,"1"
"1900","1327",1327-04-30,"10",,"1"
"1901","1327",1327-05-04,"10",,"1"
"1902","1327",1327-05-05,"10",,"1"
"1903","1327",1327-05-07,"10",,"1"
"1904","1327",1327-05-22,"10",,"1"
"1905","1327",1327-05-27,"10",,"1"
"1906","1327",1327-05-28,"10",,"1"
"1907","1327",1327-05-29,"10",,"1"
"1908","1327",1327-06-08,"10",,"1"
"1909","1327",1327-06-18,"10",,"1"
"1910","1327",1327-07-27,"10",,"1"
"1911","1327",1327-08-31,"10",,"1"
"1912","1327",1327-09-05,"10",,"1"
"1913","1327",1327-10-08,"10",,"1"
"1914","1327",1327-10-12,"10",,"1"
"1915","1327",1327-12-01,"10",,"1"
"1916","1327",1327-12-31,"10",,"1"
"1917","1328",1328-01-02,"10",,"1"
"1918","1328",1328-01-03,"10",,"1"
"1919","1328",1328-01-04,"10",,"1"
"1920","1328",1328-01-07,"10",,"1"
"1921","1328",1328-01-09,"10",,"1"
"1922","1328",1328-01-11,"10",,"1"
"1923","1328",1328-01-13,"10",,"1"
"1924","1328",1328-01-15,"10",,"1"
"1925","1328",1328-01-16,"10",,"1"
"1926","1328",1328-01-18,"10",,"1"
"1927","1328",1328-01-19,"10",,"1"
"1928","1328",1328-01-20,"10",,"1"
"1929","1328",1328-01-22,"10",,"1"
"1930","1328",1328-01-23,"10",,"1"
"1931","1328",1328-01-26,"10",,"1"
"1932","1328",1328-01-27,"10",,"1"
"1933","1328",1328-01-29,"10",,"1"
"1934","1328",1328-01-30,"10",,"1"
"1935","1328",1328-02-01,"10",,"1"
"1936","1328",1328-02-04,"10",,"1"
"1937","1328",1328-02-08,"10",,"1"
"1938","1328",1328-02-10,"10",,"1"
"1939","1328",1328-02-11,"10",,"1"
"1940","1328",1328-02-12,"10",,"1"
"1941","1328",1328-02-15,"10",,"1"
"1942","1328",1328-02-20,"10",,"1"
"1943","1328",1328-02-23,"10",,"1"
"1944","1328",1328-02-24,"10",,"1"
"1945","1328",1328-02-26,"10",,"1"
"1946","1328",1328-02-27,"10",,"1"
"1947","1328",1328-02-28,"10",,"1"
"1948","1328",1328-03-01,"10",,"1"
"1949","1328",1328-03-02,"10",,"1"
"1950","1328",1328-03-03,"10",,"1"
"1951","1328",1328-03-04,"10",,"1"
"1952","1328",1328-03-08,"10",,"1"
"1953","1328",1328-03-09,"10",,"1"
"1954","1328",1328-03-10,"10",,"1"
"1955","1328",1328-03-11,"10",,"1"
"1956","1328",1328-03-15,"10",,"1"
"1957","1328",1328-03-16,"10",,"1"
"1958","1328",1328-03-17,"10",,"1"
"1959","1328",1328-03-19,"10",,"1"
"1960","1328",1328-03-22,"10",,"1"
"1961","1328",1328-03-23,"10",,"1"
"1962","1328",1328-03-25,"10",,"1"
"1963","1328",1328-03-26,"10",,"1"
"1964","1328",1328-03-29,"10",,"1"
"1965","1328",1328-03-31,"10",,"1"
"1966","1328",1328-04-02,"10",,"1"
"1967","1328",1328-04-06,"10",,"1"
"1968","1328",1328-04-08,"10",,"1"
"1969","1328",1328-04-09,"10",,"1"
"1970","1328",1328-04-11,"10",,"1"
"1971","1328",1328-04-12,"10",,"1"
"1972","1328",1328-04-13,"10",,"1"
"1973","1328",1328-04-14,"10",,"1"
"1974","1328",1328-04-15,"10",,"1"
"1975","1328",1328-04-16,"10",,"1"
"1976","1328",1328-04-17,"10",,"1"
"1977","1328",1328-04-18,"10",,"1"
"1978","1328",1328-04-20,"10",,"1"
"1979","1328",1328-04-21,"10",,"1"
"1980","1328",1328-04-23,"10",,"1"
"1981","1328",1328-04-26,"10",,"1"
"1982","1328",1328-04-30,"10",,"1"
"1983","1328",1328-05-02,"10",,"1"
"1984","1328",1328-05-04,"10",,"1"
"1985","1328",1328-05-05,"10",,"1"
"1986","1328",1328-05-07,"10",,"1"
"1987","1328",1328-05-09,"10",,"1"
"1988","1328",1328-05-10,"10",,"1"
"1989","1328",1328-05-13,"10",,"1"
"1990","1328",1328-05-17,"10",,"1"
"1991","1328",1328-05-19,"10",,"1"
"1992","1328",1328-05-21,"10",,"1"
"1993","1328",1328-05-25,"10",,"1"
"1994","1328",1328-05-26,"10",,"1"
"1995","1328",1328-05-28,"10",,"1"
"1996","1328",1328-05-30,"10",,"1"
"1997","1328",1328-05-31,"10",,"1"
"1998","1328",1328-06-01,"10",,"1"
"1999","1328",1328-06-03,"10",,"1"
"2000","1328",1328-06-10,"10",,"1"
"2001","1328",1328-06-13,"10",,"1"
"2002","1328",1328-06-14,"10",,"1"
"2003","1328",1328-06-15,"10",,"1"
"2004","1328",1328-06-17,"10",,"1"
"2005","1328",1328-06-21,"10",,"1"
"2006","1328",1328-06-22,"10",,"1"
"2007","1328",1328-06-23,"10",,"1"
"2008","1328",1328-06-27,"10",,"1"
"2009","1328",1328-06-28,"10",,"1"
"2010","1328",1328-06-30,"10",,"1"
"2011","1328",1328-08-16,"10",,"1"
"2012","1328",1328-08-17,"10",,"1"
"2013","1328",1328-08-18,"10",,"1"
"2014","1328",1328-08-20,"10",,"1"
"2015","1328",1328-08-22,"10",,"1"
"2016","1328",1328-08-23,"10",,"1"
"2017","1328",1328-08-25,"10",,"1"
"2018","1328",1328-08-27,"10",,"1"
"2019","1328",1328-08-31,"10",,"1"
"2020","1328",1328-09-02,"10",,"1"
"2021","1328",1328-09-03,"10",,"1"
"2022","1328",1328-09-06,"10",,"1"
"2023","1328",1328-09-07,"10",,"1"
"2024","1328",1328-09-09,"10",,"1"
"2025","1328",1328-09-10,"10",,"1"
"2026","1328",1328-09-12,"10",,"1"
"2027","1328",1328-09-15,"10",,"1"
"2028","1328",1328-09-16,"10",,"1"
"2029","1328",1328-09-17,"10",,"1"
"2030","1328",1328-09-20,"10",,"1"
"2031","1328",1328-09-22,"10",,"1"
"2032","1328",1328-09-26,"10",,"1"
"2033","1328",1328-09-27,"10",,"1"
"2034","1328",1328-09-28,"10",,"1"
"2035","1328",1328-09-29,"10",,"1"
"2036","1328",1328-09-30,"10",,"1"
"2037","1328",1328-10-01,"10",,"1"
"2038","1328",1328-10-02,"10",,"1"
"2039","1328",1328-10-03,"10",,"1"
"2040","1328",1328-10-05,"10",,"1"
"2041","1328",1328-10-06,"10",,"1"
"2042","1328",1328-10-07,"10",,"1"
"2043","1328",1328-10-08,"10",,"1"
"2044","1328",1328-10-10,"10",,"1"
"2045","1328",1328-10-11,"10",,"1"
"2046","1328",1328-10-12,"10",,"1"
"2047","1328",1328-10-13,"10",,"1"
"2048","1328",1328-10-14,"10",,"1"
"2049","1328",1328-10-15,"10",,"1"
"2050","1328",1328-10-16,"10",,"1"
"2051","1328",1328-10-17,"10",,"1"
"2052","1328",1328-10-18,"10",,"1"
"2053","1328",1328-10-19,"10",,"1"
"2054","1328",1328-10-20,"10",,"1"
"2055","1328",1328-10-21,"10",,"1"
"2056","1328",1328-10-22,"10",,"1"
"2057","1328",1328-10-24,"10",,"1"
"2058","1328",1328-10-26,"10",,"1"
"2059","1328",1328-10-27,"10",,"1"
"2060","1328",1328-10-28,"10",,"1"
"2061","1328",1328-10-29,"10",,"1"
"2062","1328",1328-10-30,"10",,"1"
"2063","1328",1328-10-31,"10",,"1"
"2064","1328",1328-11-01,"10",,"1"
"2065","1328",1328-11-02,"10",,"1"
"2066","1328",1328-11-03,"10",,"1"
"2067","1328",1328-11-04,"10",,"1"
"2068","1328",1328-11-05,"10",,"1"
"2069","1328",1328-11-06,"10",,"1"
"2070","1328",1328-11-07,"10",,"1"
"2071","1328",1328-11-08,"10",,"1"
"2072","1328",1328-11-09,"10",,"1"
"2073","1328",1328-11-10,"10",,"1"
"2074","1328",1328-11-11,"10",,"1"
"2075","1328",1328-11-12,"10",,"1"
"2076","1328",1328-11-13,"10",,"1"
"2077","1328",1328-11-14,"10",,"1"
"2078","1328",1328-11-15,"10",,"1"
"2079","1328",1328-11-16,"10",,"1"
"2080","1328",1328-11-17,"10",,"1"
"2081","1328",1328-11-18,"10",,"1"
"2082","1328",1328-11-19,"10",,"1"
"2083","1328",1328-11-20,"10",,"1"
"2084","1328",1328-11-21,"10",,"1"
"2085","1328",1328-11-23,"10",,"1"
"2086","1328",1328-11-24,"10",,"1"
"2087","1328",1328-11-26,"10",,"1"
"2088","1328",1328-11-28,"10",,"1"
"2089","1328",1328-11-29,"10",,"1"
"2090","1328",1328-12-01,"10",,"1"
"2091","1328",1328-12-02,"10",,"1"
"2092","1328",1328-12-03,"10",,"1"
"2093","1328",1328-12-04,"10",,"1"
"2094","1328",1328-12-05,"10",,"1"
"2095","1328",1328-12-06,"10",,"1"
"2096","1328",1328-12-07,"10",,"1"
"2097","1328",1328-12-08,"10",,"1"
"2098","1328",1328-12-09,"10",,"1"
"2099","1328",1328-12-10,"10",,"1"
"2100","1328",1328-12-11,"10",,"1"
"2101","1328",1328-12-12,"10",,"1"
"2102","1328",1328-12-13,"10",,"1"
"2103","1328",1328-12-14,"10",,"1"
"2104","1328",1328-12-15,"10",,"1"
"2105","1328",1328-12-16,"10",,"1"
"2106","1328",1328-12-17,"10",,"1"
"2107","1328",1328-12-18,"10",,"1"
"2108","1328",1328-12-19,"10",,"1"
"2109","1328",1328-12-20,"10",,"1"
"2110","1328",1328-12-21,"10",,"1"
"2111","1328",1328-12-22,"10",,"1"
"2112","1328",1328-12-23,"10",,"1"
"2113","1328",1328-12-24,"10",,"1"
"2114","1328",1328-12-25,"10",,"1"
"2115","1328",1328-12-26,"10",,"1"
"2116","1328",1328-12-27,"10",,"1"
"2117","1328",1328-12-28,"10",,"1"
"2118","1328",1328-12-29,"10",,"1"
"2119","1328",1328-12-30,"10",,"1"
"2120","1328",1328-12-31,"10",,"1"
"2121","1329",1329-01-02,"10",,"1"
"2122","1329",1329-01-03,"10",,"1"
"2123","1329",1329-01-04,"10",,"1"
"2124","1329",1329-01-05,"10",,"1"
"2125","1329",1329-01-07,"10",,"1"
"2126","1329",1329-01-08,"10",,"1"
"2127","1329",1329-01-11,"10",,"1"
"2128","1329",1329-01-12,"10",,"1"
"2129","1329",1329-01-13,"10",,"1"
"2130","1329",1329-01-14,"10",,"1"
"2131","1329",1329-01-15,"10",,"1"
"2132","1329",1329-01-16,"10",,"1"
"2133","1329",1329-01-17,"10",,"1"
"2134","1329",1329-01-18,"10",,"1"
"2135","1329",1329-01-19,"10",,"1"
"2136","1329",1329-01-20,"10",,"1"
"2137","1329",1329-01-21,"10",,"1"
"2138","1329",1329-01-23,"10",,"1"
"2139","1329",1329-01-24,"10",,"1"
"2140","1329",1329-01-26,"10",,"1"
"2141","1329",1329-01-27,"10",,"1"
"2142","1329",1329-01-28,"10",,"1"
"2143","1329",1329-01-30,"10",,"1"
"2144","1329",1329-01-31,"10",,"1"
"2145","1329",1329-02-01,"10",,"1"
"2146","1329",1329-02-03,"10",,"1"
"2147","1329",1329-02-04,"10",,"1"
"2148","1329",1329-02-06,"10",,"1"
"2149","1329",1329-02-07,"10",,"1"
"2150","1329",1329-02-08,"10",,"1"
"2151","1329",1329-02-10,"10",,"1"
"2152","1329",1329-02-11,"10",,"1"
"2153","1329",1329-02-12,"10",,"1"
"2154","1329",1329-02-14,"10",,"1"
"2155","1329",1329-02-15,"10",,"1"
"2156","1329",1329-02-16,"10",,"1"
"2157","1329",1329-02-17,"10",,"1"
"2158","1329",1329-02-18,"10",,"1"
"2159","1329",1329-02-20,"10",,"1"
"2160","1329",1329-02-21,"10",,"1"
"2161","1329",1329-02-24,"10",,"1"
"2162","1329",1329-02-25,"10",,"1"
"2163","1329",1329-02-26,"10",,"1"
"2164","1329",1329-02-28,"10",,"1"
"2165","1329",1329-03-01,"10",,"1"
"2166","1329",1329-03-03,"10",,"1"
"2167","1329",1329-03-08,"10",,"1"
"2168","1329",1329-03-09,"10",,"1"
"2169","1329",1329-03-13,"10",,"1"
"2170","1329",1329-03-14,"10",,"1"
"2171","1329",1329-03-15,"10",,"1"
"2172","1329",1329-03-17,"10",,"1"
"2173","1329",1329-03-18,"10",,"1"
"2174","1329",1329-03-20,"10",,"1"
"2175","1329",1329-03-22,"10",,"1"
"2176","1329",1329-03-24,"10",,"1"
"2177","1329",1329-03-27,"10",,"1"
"2178","1329",1329-03-28,"10",,"1"
"2179","1329",1329-03-29,"10",,"1"
"2180","1329",1329-03-30,"10",,"1"
"2181","1329",1329-03-31,"10",,"1"
"2182","1329",1329-04-01,"10",,"1"
"2183","1329",1329-04-04,"10",,"1"
"2184","1329",1329-04-06,"10",,"1"
"2185","1329",1329-04-07,"10",,"1"
"2186","1329",1329-04-10,"10",,"1"
"2187","1329",1329-04-11,"10",,"1"
"2188","1329",1329-04-12,"10",,"1"
"2189","1329",1329-04-13,"10",,"1"
"2190","1329",1329-04-14,"10",,"1"
"2191","1329",1329-04-15,"10",,"1"
"2192","1329",1329-04-16,"10",,"1"
"2193","1329",1329-04-19,"10",,"1"
"2194","1329",1329-04-20,"10",,"1"
"2195","1329",1329-04-21,"10",,"1"
"2196","1329",1329-04-22,"10",,"1"
"2197","1329",1329-04-27,"10",,"1"
"2198","1329",1329-04-29,"10",,"1"
"2199","1329",1329-05-02,"10",,"1"
"2200","1329",1329-05-05,"10",,"1"
"2201","1329",1329-05-09,"10",,"1"
"2202","1329",1329-05-10,"10",,"1"
"2203","1329",1329-05-11,"10",,"1"
"2204","1329",1329-05-15,"10",,"1"
"2205","1329",1329-05-16,"10",,"1"
"2206","1329",1329-05-17,"10",,"1"
"2207","1329",1329-05-20,"10",,"1"
"2208","1329",1329-05-22,"10",,"1"
"2209","1329",1329-05-24,"10",,"1"
"2210","1329",1329-05-25,"10",,"1"
"2211","1329",1329-05-26,"10",,"1"
"2212","1329",1329-05-27,"10",,"1"
"2213","1329",1329-05-28,"10",,"1"
"2214","1329",1329-05-31,"10",,"1"
"2215","1329",1329-06-02,"10",,"1"
"2216","1329",1329-06-03,"10",,"1"
"2217","1329",1329-06-05,"10",,"1"
"2218","1329",1329-06-06,"10",,"1"
"2219","1329",1329-06-07,"10",,"1"
"2220","1329",1329-06-09,"10",,"1"
"2221","1329",1329-06-10,"10",,"1"
"2222","1329",1329-06-14,"10",,"1"
"2223","1329",1329-06-15,"10",,"1"
"2224","1329",1329-06-16,"10",,"1"
"2225","1329",1329-06-17,"10",,"1"
"2226","1329",1329-06-20,"10",,"1"
"2227","1329",1329-06-21,"10",,"1"
"2228","1329",1329-06-22,"10",,"1"
"2229","1329",1329-06-24,"10",,"1"
"2230","1329",1329-06-26,"10",,"1"
"2231","1329",1329-06-27,"10",,"1"
"2232","1329",1329-06-28,"10",,"1"
"2233","1329",1329-06-30,"10",,"1"
"2234","1329",1329-07-18,"10",,"1"
"2235","1329",1329-07-20,"10",,"1"
"2236","1329",1329-07-21,"10",,"1"
"2237","1329",1329-07-24,"10",,"1"
"2238","1329",1329-07-27,"10",,"1"
"2239","1329",1329-07-29,"10",,"1"
"2240","1329",1329-07-31,"10",,"1"
"2241","1329",1329-08-02,"10",,"1"
"2242","1329",1329-08-03,"10",,"1"
"2243","1329",1329-08-07,"10",,"1"
"2244","1329",1329-08-08,"10",,"1"
"2245","1329",1329-08-09,"10",,"1"
"2246","1329",1329-08-12,"10",,"1"
"2247","1329",1329-08-14,"10",,"1"
"2248","1329",1329-08-16,"10",,"1"
"2249","1329",1329-08-17,"10",,"1"
"2250","1329",1329-08-18,"10",,"1"
"2251","1329",1329-08-19,"10",,"1"
"2252","1329",1329-08-21,"10",,"1"
"2253","1329",1329-08-23,"10",,"1"
"2254","1329",1329-08-25,"10",,"1"
"2255","1329",1329-08-26,"10",,"1"
"2256","1329",1329-08-30,"10",,"1"
"2257","1329",1329-08-31,"10",,"1"
"2258","1329",1329-09-02,"10",,"1"
"2259","1329",1329-09-03,"10",,"1"
"2260","1329",1329-09-04,"10",,"1"
"2261","1329",1329-09-05,"10",,"1"
"2262","1329",1329-09-06,"10",,"1"
"2263","1329",1329-09-07,"10",,"1"
"2264","1329",1329-09-08,"10",,"1"
"2265","1329",1329-09-09,"10",,"1"
"2266","1329",1329-09-10,"10",,"1"
"2267","1329",1329-09-11,"10",,"1"
"2268","1329",1329-09-12,"10",,"1"
"2269","1329",1329-09-13,"10",,"1"
"2270","1329",1329-09-14,"10",,"1"
"2271","1329",1329-09-15,"10",,"1"
"2272","1329",1329-09-16,"10",,"1"
"2273","1329",1329-09-17,"10",,"1"
"2274","1329",1329-09-18,"10",,"1"
"2275","1329",1329-09-19,"10",,"1"
"2276","1329",1329-09-20,"10",,"1"
"2277","1329",1329-09-22,"10",,"1"
"2278","1329",1329-09-23,"10",,"1"
"2279","1329",1329-09-25,"10",,"1"
"2280","1329",1329-09-27,"10",,"1"
"2281","1329",1329-10-01,"10",,"1"
"2282","1329",1329-10-02,"10",,"1"
"2283","1329",1329-10-03,"10",,"1"
"2284","1329",1329-10-04,"10",,"1"
"2285","1329",1329-10-05,"10",,"1"
"2286","1329",1329-10-06,"10",,"1"
"2287","1329",1329-10-07,"10",,"1"
"2288","1329",1329-10-08,"10",,"1"
"2289","1329",1329-10-09,"10",,"1"
"2290","1329",1329-10-10,"10",,"1"
"2291","1329",1329-10-11,"10",,"1"
"2292","1329",1329-10-12,"10",,"1"
"2293","1329",1329-10-13,"10",,"1"
"2294","1329",1329-10-14,"10",,"1"
"2295","1329",1329-10-15,"10",,"1"
"2296","1329",1329-10-16,"10",,"1"
"2297","1329",1329-10-17,"10",,"1"
"2298","1329",1329-10-18,"10",,"1"
"2299","1329",1329-10-19,"10",,"1"
"2300","1329",1329-10-20,"10",,"1"
"2301","1329",1329-10-21,"10",,"1"
"2302","1329",1329-10-22,"10",,"1"
"2303","1329",1329-10-23,"10",,"1"
"2304","1329",1329-10-24,"10",,"1"
"2305","1329",1329-10-25,"10",,"1"
"2306","1329",1329-10-26,"10",,"1"
"2307","1329",1329-10-27,"10",,"1"
"2308","1329",1329-10-28,"10",,"1"
"2309","1329",1329-10-29,"10",,"1"
"2310","1329",1329-10-30,"10",,"1"
"2311","1329",1329-11-02,"10",,"1"
"2312","1329",1329-11-03,"10",,"1"
"2313","1329",1329-11-04,"10",,"1"
"2314","1329",1329-11-05,"10",,"1"
"2315","1329",1329-11-06,"10",,"1"
"2316","1329",1329-11-07,"10",,"1"
"2317","1329",1329-11-08,"10",,"1"
"2318","1329",1329-11-10,"10",,"1"
"2319","1329",1329-11-11,"10",,"1"
"2320","1329",1329-11-13,"10",,"1"
"2321","1329",1329-11-14,"10",,"1"
"2322","1329",1329-11-15,"10",,"1"
"2323","1329",1329-11-16,"10",,"1"
"2324","1329",1329-11-17,"10",,"1"
"2325","1329",1329-11-18,"10",,"1"
"2326","1329",1329-11-20,"10",,"1"
"2327","1329",1329-11-21,"10",,"1"
"2328","1329",1329-11-24,"10",,"1"
"2329","1329",1329-11-27,"10",,"1"
"2330","1329",1329-11-28,"10",,"1"
"2331","1329",1329-11-29,"10",,"1"
"2332","1329",1329-12-02,"10",,"1"
"2333","1329",1329-12-03,"10",,"1"
"2334","1329",1329-12-04,"10",,"1"
"2335","1329",1329-12-05,"10",,"1"
"2336","1329",1329-12-06,"10",,"1"
"2337","1329",1329-12-07,"10",,"1"
"2338","1329",1329-12-08,"10",,"1"
"2339","1329",1329-12-09,"10",,"1"
"2340","1329",1329-12-10,"10",,"1"
"2341","1329",1329-12-11,"10",,"1"
"2342","1329",1329-12-12,"10",,"1"
"2343","1329",1329-12-13,"10",,"1"
"2344","1329",1329-12-14,"10",,"1"
"2345","1329",1329-12-15,"10",,"1"
"2346","1329",1329-12-16,"10",,"1"
"2347","1329",1329-12-17,"10",,"1"
"2348","1329",1329-12-18,"10",,"1"
"2349","1329",1329-12-19,"10",,"1"
"2350","1329",1329-12-20,"10",,"1"
"2351","1329",1329-12-21,"10",,"1"
"2352","1329",1329-12-22,"10",,"1"
"2353","1329",1329-12-23,"10",,"1"
"2354","1329",1329-12-26,"10",,"1"
"2355","1329",1329-12-27,"10",,"1"
"2356","1329",1329-12-29,"10",,"1"
"2357","1329",1329-12-30,"10",,"1"
"2358","1330",1330-01-02,"10",,"1"
"2359","1330",1330-01-03,"10",,"1"
"2360","1330",1330-01-04,"10",,"1"
"2361","1330",1330-01-05,"10",,"1"
"2362","1330",1330-01-08,"10",,"1"
"2363","1330",1330-01-09,"10",,"1"
"2364","1330",1330-01-10,"10",,"1"
"2365","1330",1330-01-11,"10",,"1"
"2366","1330",1330-01-12,"10",,"1"
"2367","1330",1330-01-13,"10",,"1"
"2368","1330",1330-01-14,"10",,"1"
"2369","1330",1330-01-15,"10",,"1"
"2370","1330",1330-01-16,"10",,"1"
"2371","1330",1330-01-17,"10",,"1"
"2372","1330",1330-01-18,"10",,"1"
"2373","1330",1330-01-19,"10",,"1"
"2374","1330",1330-01-20,"10",,"1"
"2375","1330",1330-01-21,"10",,"1"
"2376","1330",1330-01-22,"10",,"1"
"2377","1330",1330-01-23,"10",,"1"
"2378","1330",1330-01-24,"10",,"1"
"2379","1330",1330-01-26,"10",,"1"
"2380","1330",1330-01-27,"10",,"1"
"2381","1330",1330-01-28,"10",,"1"
"2382","1330",1330-01-30,"10",,"1"
"2383","1330",1330-02-01,"10",,"1"
"2384","1330",1330-02-02,"10",,"1"
"2385","1330",1330-02-03,"10",,"1"
"2386","1330",1330-02-04,"10",,"1"
"2387","1330",1330-02-05,"10",,"1"
"2388","1330",1330-02-06,"10",,"1"
"2389","1330",1330-02-07,"10",,"1"
"2390","1330",1330-02-08,"10",,"1"
"2391","1330",1330-02-09,"10",,"1"
"2392","1330",1330-02-10,"10",,"1"
"2393","1330",1330-02-11,"10",,"1"
"2394","1330",1330-02-12,"10",,"1"
"2395","1330",1330-02-13,"10",,"1"
"2396","1330",1330-02-14,"10",,"1"
"2397","1330",1330-02-15,"10",,"1"
"2398","1330",1330-02-16,"10",,"1"
"2399","1330",1330-02-17,"10",,"1"
"2400","1330",1330-02-18,"10",,"1"
"2401","1330",1330-02-19,"10",,"1"
"2402","1330",1330-02-20,"10",,"1"
"2403","1330",1330-02-21,"10",,"1"
"2404","1330",1330-02-22,"10",,"1"
"2405","1330",1330-02-23,"10",,"1"
"2406","1330",1330-02-24,"10",,"1"
"2407","1330",1330-02-25,"10",,"1"
"2408","1330",1330-02-26,"10",,"1"
"2409","1330",1330-02-27,"10",,"1"
"2410","1330",1330-02-28,"10",,"1"
"2411","1330",1330-03-01,"10",,"1"
"2412","1330",1330-03-02,"10",,"1"
"2413","1330",1330-03-03,"10",,"1"
"2414","1330",1330-03-04,"10",,"1"
"2415","1330",1330-03-05,"10",,"1"
"2416","1330",1330-03-06,"10",,"1"
"2417","1330",1330-03-07,"10",,"1"
"2418","1330",1330-03-08,"10",,"1"
"2419","1330",1330-03-09,"10",,"1"
"2420","1330",1330-03-10,"10",,"1"
"2421","1330",1330-03-11,"10",,"1"
"2422","1330",1330-03-12,"10",,"1"
"2423","1330",1330-03-13,"10",,"1"
"2424","1330",1330-03-14,"10",,"1"
"2425","1330",1330-03-15,"10",,"1"
"2426","1330",1330-03-16,"10",,"1"
"2427","1330",1330-03-17,"10",,"1"
"2428","1330",1330-03-18,"10",,"1"
"2429","1330",1330-03-19,"10",,"1"
"2430","1330",1330-03-20,"10",,"1"
"2431","1330",1330-03-21,"10",,"1"
"2432","1330",1330-03-22,"10",,"1"
"2433","1330",1330-03-23,"10",,"1"
"2434","1330",1330-03-24,"10",,"1"
"2435","1330",1330-03-25,"10",,"1"
"2436","1330",1330-03-26,"10",,"1"
"2437","1330",1330-03-27,"10",,"1"
"2438","1330",1330-03-28,"10",,"1"
"2439","1330",1330-03-29,"10",,"1"
"2440","1330",1330-03-30,"10",,"1"
"2441","1330",1330-03-31,"10",,"1"
"2442","1330",1330-04-01,"10",,"1"
"2443","1330",1330-04-02,"10",,"1"
"2444","1330",1330-04-03,"10",,"1"
"2445","1330",1330-04-04,"10",,"1"
"2446","1330",1330-04-07,"10",,"1"
"2447","1330",1330-04-10,"10",,"1"
"2448","1330",1330-04-11,"10",,"1"
"2449","1330",1330-04-12,"10",,"1"
"2450","1330",1330-04-13,"10",,"1"
"2451","1330",1330-04-14,"10",,"1"
"2452","1330",1330-04-15,"10",,"1"
"2453","1330",1330-04-16,"10",,"1"
"2454","1330",1330-04-17,"10",,"1"
"2455","1330",1330-04-18,"10",,"1"
"2456","1330",1330-04-19,"10",,"1"
"2457","1330",1330-04-20,"10",,"1"
"2458","1330",1330-04-21,"10",,"1"
"2459","1330",1330-04-22,"10",,"1"
"2460","1330",1330-04-23,"10",,"1"
"2461","1330",1330-04-26,"10",,"1"
"2462","1330",1330-04-27,"10",,"1"
"2463","1330",1330-04-28,"10",,"1"
"2464","1330",1330-04-29,"10",,"1"
"2465","1330",1330-04-30,"10",,"1"
"2466","1330",1330-05-01,"10",,"1"
"2467","1330",1330-05-02,"10",,"1"
"2468","1330",1330-05-03,"10",,"1"
"2469","1330",1330-05-04,"10",,"1"
"2470","1330",1330-05-05,"10",,"1"
"2471","1330",1330-05-06,"10",,"1"
"2472","1330",1330-05-07,"10",,"1"
"2473","1330",1330-05-08,"10",,"1"
"2474","1330",1330-05-10,"10",,"1"
"2475","1330",1330-05-11,"10",,"1"
"2476","1330",1330-05-12,"10",,"1"
"2477","1330",1330-05-13,"10",,"1"
"2478","1330",1330-05-14,"10",,"1"
"2479","1330",1330-05-15,"10",,"1"
"2480","1330",1330-05-16,"10",,"1"
"2481","1330",1330-05-17,"10",,"1"
"2482","1330",1330-05-18,"10",,"1"
"2483","1330",1330-05-19,"10",,"1"
"2484","1330",1330-05-20,"10",,"1"
"2485","1330",1330-05-21,"10",,"1"
"2486","1330",1330-05-22,"10",,"1"
"2487","1330",1330-05-23,"10",,"1"
"2488","1330",1330-05-24,"10",,"1"
"2489","1330",1330-05-25,"10",,"1"
"2490","1330",1330-05-26,"10",,"1"
"2491","1330",1330-05-27,"10",,"1"
"2492","1330",1330-05-28,"10",,"1"
"2493","1330",1330-05-29,"10",,"1"
"2494","1330",1330-05-30,"10",,"1"
"2495","1330",1330-05-31,"10",,"1"
"2496","1330",1330-06-01,"10",,"1"
"2497","1330",1330-06-02,"10",,"1"
"2498","1330",1330-06-04,"10",,"1"
"2499","1330",1330-06-05,"10",,"1"
"2500","1330",1330-06-06,"10",,"1"
"2501","1330",1330-06-08,"10",,"1"
"2502","1330",1330-06-09,"10",,"1"
"2503","1330",1330-06-12,"10",,"1"
"2504","1330",1330-06-16,"10",,"1"
"2505","1330",1330-06-18,"10",,"1"
"2506","1330",1330-06-19,"10",,"1"
"2507","1330",1330-06-20,"10",,"1"
"2508","1330",1330-06-21,"10",,"1"
"2509","1330",1330-06-22,"10",,"1"
"2510","1330",1330-06-23,"10",,"1"
"2511","1330",1330-06-25,"10",,"1"
"2512","1330",1330-06-26,"10",,"1"
"2513","1330",1330-06-27,"10",,"1"
"2514","1330",1330-06-28,"10",,"1"
"2515","1330",1330-06-29,"10",,"1"
"2516","1330",1330-06-30,"10",,"1"
"2517","1330",1330-08-31,"10",,"1"
"2518","1330",1330-09-01,"10",,"1"
"2519","1330",1330-09-03,"10",,"1"
"2520","1330",1330-09-04,"10",,"1"
"2521","1330",1330-09-06,"10",,"1"
"2522","1330",1330-09-07,"10",,"1"
"2523","1330",1330-09-10,"10",,"1"
"2524","1330",1330-09-11,"10",,"1"
"2525","1330",1330-09-12,"10",,"1"
"2526","1330",1330-09-13,"10",,"1"
"2527","1330",1330-09-14,"10",,"1"
"2528","1330",1330-09-15,"10",,"1"
"2529","1330",1330-09-16,"10",,"1"
"2530","1330",1330-09-17,"10",,"1"
"2531","1330",1330-09-18,"10",,"1"
"2532","1330",1330-09-19,"10",,"1"
"2533","1330",1330-09-20,"10",,"1"
"2534","1330",1330-09-21,"10",,"1"
"2535","1330",1330-09-22,"10",,"1"
"2536","1330",1330-09-23,"10",,"1"
"2537","1330",1330-09-24,"10",,"1"
"2538","1330",1330-09-25,"10",,"1"
"2539","1330",1330-09-26,"10",,"1"
"2540","1330",1330-09-27,"10",,"1"
"2541","1330",1330-09-28,"10",,"1"
"2542","1330",1330-10-01,"10",,"1"
"2543","1330",1330-10-02,"10",,"1"
"2544","1330",1330-10-03,"10",,"1"
"2545","1330",1330-10-04,"10",,"1"
"2546","1330",1330-10-05,"10",,"1"
"2547","1330",1330-10-06,"10",,"1"
"2548","1330",1330-10-07,"10",,"1"
"2549","1330",1330-10-08,"10",,"1"
"2550","1330",1330-10-09,"10",,"1"
"2551","1330",1330-10-10,"10",,"1"
"2552","1330",1330-10-11,"10",,"1"
"2553","1330",1330-10-12,"10",,"1"
"2554","1330",1330-10-13,"10",,"1"
"2555","1330",1330-10-14,"10",,"1"
"2556","1330",1330-10-15,"10",,"1"
"2557","1330",1330-10-16,"10",,"1"
"2558","1330",1330-10-17,"10",,"1"
"2559","1330",1330-10-18,"10",,"1"
"2560","1330",1330-10-19,"10",,"1"
"2561","1330",1330-10-20,"10",,"1"
"2562","1330",1330-10-21,"10",,"1"
"2563","1330",1330-10-22,"10",,"1"
"2564","1330",1330-10-23,"10",,"1"
"2565","1330",1330-10-24,"10",,"1"
"2566","1330",1330-10-25,"10",,"1"
"2567","1330",1330-10-26,"10",,"1"
"2568","1330",1330-10-27,"10",,"1"
"2569","1330",1330-10-28,"10",,"1"
"2570","1330",1330-10-29,"10",,"1"
"2571","1330",1330-10-30,"10",,"1"
"2572","1330",1330-10-31,"10",,"1"
"2573","1330",1330-11-02,"10",,"1"
"2574","1330",1330-11-03,"10",,"1"
"2575","1330",1330-11-04,"10",,"1"
"2576","1330",1330-11-05,"10",,"1"
"2577","1330",1330-11-06,"10",,"1"
"2578","1330",1330-11-07,"10",,"1"
"2579","1330",1330-11-08,"10",,"1"
"2580","1330",1330-11-09,"10",,"1"
"2581","1330",1330-11-10,"10",,"1"
"2582","1330",1330-11-11,"10",,"1"
"2583","1330",1330-11-12,"10",,"1"
"2584","1330",1330-11-13,"10",,"1"
"2585","1330",1330-11-14,"10",,"1"
"2586","1330",1330-11-16,"10",,"1"
"2587","1330",1330-11-17,"10",,"1"
"2588","1330",1330-11-18,"10",,"1"
"2589","1330",1330-11-19,"10",,"1"
"2590","1330",1330-11-20,"10",,"1"
"2591","1330",1330-11-21,"10",,"1"
"2592","1330",1330-11-22,"10",,"1"
"2593","1330",1330-11-23,"10",,"1"
"2594","1330",1330-11-24,"10",,"1"
"2595","1330",1330-11-25,"10",,"1"
"2596","1330",1330-11-26,"10",,"1"
"2597","1330",1330-11-27,"10",,"1"
"2598","1330",1330-11-28,"10",,"1"
"2599","1330",1330-11-29,"10",,"1"
"2600","1330",1330-12-01,"10",,"1"
"2601","1330",1330-12-02,"10",,"1"
"2602","1330",1330-12-03,"10",,"1"
"2603","1330",1330-12-04,"10",,"1"
"2604","1330",1330-12-05,"10",,"1"
"2605","1330",1330-12-07,"10",,"1"
"2606","1330",1330-12-10,"10",,"1"
"2607","1330",1330-12-11,"10",,"1"
"2608","1330",1330-12-12,"10",,"1"
"2609","1330",1330-12-15,"10",,"1"
"2610","1330",1330-12-17,"10",,"1"
"2611","1330",1330-12-18,"10",,"1"
"2612","1330",1330-12-19,"10",,"1"
"2613","1330",1330-12-20,"10",,"1"
"2614","1330",1330-12-22,"10",,"1"
"2615","1330",1330-12-24,"10",,"1"
"2616","1330",1330-12-28,"10",,"1"
"2617","1330",1330-12-29,"10",,"1"
"2618","1331",1331-01-02,"10",,"1"
"2619","1331",1331-01-04,"10",,"1"
"2620","1331",1331-01-05,"10",,"1"
"2621","1331",1331-01-06,"10",,"1"
"2622","1331",1331-01-08,"10",,"1"
"2623","1331",1331-01-09,"10",,"1"
"2624","1331",1331-01-10,"10",,"1"
"2625","1331",1331-01-11,"10",,"1"
"2626","1331",1331-01-12,"10",,"1"
"2627","1331",1331-01-13,"10",,"1"
"2628","1331",1331-01-14,"10",,"1"
"2629","1331",1331-01-15,"10",,"1"
"2630","1331",1331-01-16,"10",,"1"
"2631","1331",1331-01-17,"10",,"1"
"2632","1331",1331-01-18,"10",,"1"
"2633","1331",1331-01-19,"10",,"1"
"2634","1331",1331-01-20,"10",,"1"
"2635","1331",1331-01-21,"10",,"1"
"2636","1331",1331-01-22,"10",,"1"
"2637","1331",1331-01-23,"10",,"1"
"2638","1331",1331-01-24,"10",,"1"
"2639","1331",1331-01-25,"10",,"1"
"2640","1331",1331-01-26,"10",,"1"
"2641","1331",1331-01-27,"10",,"1"
"2642","1331",1331-01-28,"10",,"1"
"2643","1331",1331-01-29,"10",,"1"
"2644","1331",1331-01-30,"10",,"1"
"2645","1331",1331-01-31,"10",,"1"
"2646","1331",1331-02-01,"10",,"1"
"2647","1331",1331-02-02,"10",,"1"
"2648","1331",1331-02-03,"10",,"1"
"2649","1331",1331-02-04,"10",,"1"
"2650","1331",1331-02-05,"10",,"1"
"2651","1331",1331-02-06,"10",,"1"
"2652","1331",1331-02-07,"10",,"1"
"2653","1331",1331-02-08,"10",,"1"
"2654","1331",1331-02-09,"10",,"1"
"2655","1331",1331-02-10,"10",,"1"
"2656","1331",1331-02-11,"10",,"1"
"2657","1331",1331-02-12,"10",,"1"
"2658","1331",1331-02-13,"10",,"1"
"2659","1331",1331-02-14,"10",,"1"
"2660","1331",1331-02-15,"10",,"1"
"2661","1331",1331-02-16,"10",,"1"
"2662","1331",1331-02-17,"10",,"1"
"2663","1331",1331-02-18,"10",,"1"
"2664","1331",1331-02-19,"10",,"1"
"2665","1331",1331-02-20,"10",,"1"
"2666","1331",1331-02-21,"10",,"1"
"2667","1331",1331-02-22,"10",,"1"
"2668","1331",1331-02-23,"10",,"1"
"2669","1331",1331-02-24,"10",,"1"
"2670","1331",1331-02-25,"10",,"1"
"2671","1331",1331-02-26,"10",,"1"
"2672","1331",1331-02-27,"10",,"1"
"2673","1331",1331-02-28,"10",,"1"
"2674","1331",1331-03-01,"10",,"1"
"2675","1331",1331-03-02,"10",,"1"
"2676","1331",1331-03-03,"10",,"1"
"2677","1331",1331-03-04,"10",,"1"
"2678","1331",1331-03-05,"10",,"1"
"2679","1331",1331-03-06,"10",,"1"
"2680","1331",1331-03-07,"10",,"1"
"2681","1331",1331-03-08,"10",,"1"
"2682","1331",1331-03-09,"10",,"1"
"2683","1331",1331-03-10,"10",,"1"
"2684","1331",1331-03-11,"10",,"1"
"2685","1331",1331-03-12,"10",,"1"
"2686","1331",1331-03-13,"10",,"1"
"2687","1331",1331-03-14,"10",,"1"
"2688","1331",1331-03-15,"10",,"1"
"2689","1331",1331-03-16,"10",,"1"
"2690","1331",1331-03-17,"10",,"1"
"2691","1331",1331-03-18,"10",,"1"
"2692","1331",1331-03-19,"10",,"1"
"2693","1331",1331-03-20,"10",,"1"
"2694","1331",1331-03-21,"10",,"1"
"2695","1331",1331-03-22,"10",,"1"
"2696","1331",1331-03-23,"10",,"1"
"2697","1331",1331-03-24,"10",,"1"
"2698","1331",1331-03-25,"10",,"1"
"2699","1331",1331-03-26,"10",,"1"
"2700","1331",1331-03-27,"10",,"1"
"2701","1331",1331-03-28,"10",,"1"
"2702","1331",1331-03-29,"10",,"1"
"2703","1331",1331-03-30,"10",,"1"
"2704","1331",1331-03-31,"10",,"1"
"2705","1331",1331-04-01,"10",,"1"
"2706","1331",1331-04-02,"10",,"1"
"2707","1331",1331-04-03,"10",,"1"
"2708","1331",1331-04-04,"10",,"1"
"2709","1331",1331-04-05,"10",,"1"
"2710","1331",1331-04-06,"10",,"1"
"2711","1331",1331-04-07,"10",,"1"
"2712","1331",1331-04-08,"10",,"1"
"2713","1331",1331-04-09,"10",,"1"
"2714","1331",1331-04-10,"10",,"1"
"2715","1331",1331-04-11,"10",,"1"
"2716","1331",1331-04-12,"10",,"1"
"2717","1331",1331-04-13,"10",,"1"
"2718","1331",1331-04-14,"10",,"1"
"2719","1331",1331-04-15,"10",,"1"
"2720","1331",1331-04-16,"10",,"1"
"2721","1331",1331-04-17,"10",,"1"
"2722","1331",1331-04-18,"10",,"1"
"2723","1331",1331-04-19,"10",,"1"
"2724","1331",1331-04-20,"10",,"1"
"2725","1331",1331-04-21,"10",,"1"
"2726","1331",1331-04-22,"10",,"1"
"2727","1331",1331-04-23,"10",,"1"
"2728","1331",1331-04-24,"10",,"1"
"2729","1331",1331-04-25,"10",,"1"
"2730","1331",1331-04-26,"10",,"1"
"2731","1331",1331-04-27,"10",,"1"
"2732","1331",1331-04-30,"10",,"1"
"2733","1331",1331-05-02,"10",,"1"
"2734","1331",1331-05-04,"10",,"1"
"2735","1331",1331-05-06,"10",,"1"
"2736","1331",1331-05-10,"10",,"1"
"2737","1331",1331-05-11,"10",,"1"
"2738","1331",1331-05-12,"10",,"1"
"2739","1331",1331-05-13,"10",,"1"
"2740","1331",1331-05-14,"10",,"1"
"2741","1331",1331-05-15,"10",,"1"
"2742","1331",1331-05-16,"10",,"1"
"2743","1331",1331-05-17,"10",,"1"
"2744","1331",1331-05-18,"10",,"1"
"2745","1331",1331-05-23,"10",,"1"
"2746","1331",1331-05-24,"10",,"1"
"2747","1331",1331-05-27,"10",,"1"
"2748","1331",1331-05-28,"10",,"1"
"2749","1331",1331-05-29,"10",,"1"
"2750","1331",1331-05-30,"10",,"1"
"2751","1331",1331-05-31,"10",,"1"
"2752","1331",1331-06-01,"10",,"1"
"2753","1331",1331-06-03,"10",,"1"
"2754","1331",1331-06-04,"10",,"1"
"2755","1331",1331-06-05,"10",,"1"
"2756","1331",1331-06-06,"10",,"1"
"2757","1331",1331-06-07,"10",,"1"
"2758","1331",1331-06-08,"10",,"1"
"2759","1331",1331-06-09,"10",,"1"
"2760","1331",1331-06-10,"10",,"1"
"2761","1331",1331-06-11,"10",,"1"
"2762","1331",1331-06-12,"10",,"1"
"2763","1331",1331-06-13,"10",,"1"
"2764","1331",1331-06-14,"10",,"1"
"2765","1331",1331-06-15,"10",,"1"
"2766","1331",1331-06-16,"10",,"1"
"2767","1331",1331-06-17,"10",,"1"
"2768","1331",1331-06-18,"10",,"1"
"2769","1331",1331-06-19,"10",,"1"
"2770","1331",1331-06-20,"10",,"1"
"2771","1331",1331-06-21,"10",,"1"
"2772","1331",1331-06-22,"10",,"1"
"2773","1331",1331-06-23,"10",,"1"
"2774","1331",1331-06-24,"10",,"1"
"2775","1331",1331-06-25,"10",,"1"
"2776","1331",1331-06-26,"10",,"1"
"2777","1331",1331-06-27,"10",,"1"
"2778","1331",1331-06-28,"10",,"1"
"2779","1331",1331-07-03,"10",,"1"
"2780","1331",1331-07-04,"10",,"1"
"2781","1331",1331-07-05,"10",,"1"
"2782","1331",1331-07-06,"10",,"1"
"2783","1331",1331-07-09,"10",,"1"
"2784","1331",1331-07-10,"10",,"1"
"2785","1331",1331-07-11,"10",,"1"
"2786","1331",1331-07-15,"10",,"1"
"2787","1331",1331-07-16,"10",,"1"
"2788","1331",1331-07-18,"10",,"1"
"2789","1331",1331-07-24,"10",,"1"
"2790","1331",1331-07-27,"10",,"1"
"2791","1331",1331-07-31,"10",,"1"
"2792","1331",1331-08-02,"10",,"1"
"2793","1331",1331-08-03,"10",,"1"
"2794","1331",1331-08-08,"10",,"1"
"2795","1331",1331-08-09,"10",,"1"
"2796","1331",1331-08-13,"10",,"1"
"2797","1331",1331-08-14,"10",,"1"
"2798","1331",1331-08-16,"10",,"1"
"2799","1331",1331-08-17,"10",,"1"
"2800","1331",1331-08-19,"10",,"1"
"2801","1331",1331-08-20,"10",,"1"
"2802","1331",1331-08-23,"10",,"1"
"2803","1331",1331-08-26,"10",,"1"
"2804","1331",1331-08-27,"10",,"1"
"2805","1331",1331-08-28,"10",,"1"
"2806","1331",1331-08-30,"10",,"1"
"2807","1331",1331-08-31,"10",,"1"
"2808","1331",1331-09-02,"10",,"1"
"2809","1331",1331-09-03,"10",,"1"
"2810","1331",1331-09-04,"10",,"1"
"2811","1331",1331-09-05,"10",,"1"
"2812","1331",1331-09-06,"10",,"1"
"2813","1331",1331-09-07,"10",,"1"
"2814","1331",1331-09-08,"10",,"1"
"2815","1331",1331-09-09,"10",,"1"
"2816","1331",1331-09-10,"10",,"1"
"2817","1331",1331-09-11,"10",,"1"
"2818","1331",1331-09-12,"10",,"1"
"2819","1331",1331-09-13,"10",,"1"
"2820","1331",1331-09-14,"10",,"1"
"2821","1331",1331-09-15,"10",,"1"
"2822","1331",1331-09-16,"10",,"1"
"2823","1331",1331-09-17,"10",,"1"
"2824","1331",1331-09-18,"10",,"1"
"2825","1331",1331-09-19,"10",,"1"
"2826","1331",1331-09-20,"10",,"1"
"2827","1331",1331-09-21,"10",,"1"
"2828","1331",1331-09-22,"10",,"1"
"2829","1331",1331-09-23,"10",,"1"
"2830","1331",1331-09-24,"10",,"1"
"2831","1331",1331-09-26,"10",,"1"
"2832","1331",1331-09-27,"10",,"1"
"2833","1331",1331-10-01,"10",,"1"
"2834","1331",1331-10-02,"10",,"1"
"2835","1331",1331-10-03,"10",,"1"
"2836","1331",1331-10-05,"10",,"1"
"2837","1331",1331-10-07,"10",,"1"
"2838","1331",1331-10-08,"10",,"1"
"2839","1331",1331-10-09,"10",,"1"
"2840","1331",1331-10-10,"10",,"1"
"2841","1331",1331-10-11,"10",,"1"
"2842","1331",1331-10-14,"10",,"1"
"2843","1331",1331-10-16,"10",,"1"
"2844","1331",1331-10-17,"10",,"1"
"2845","1331",1331-10-19,"10",,"1"
"2846","1331",1331-10-21,"10",,"1"
"2847","1331",1331-10-22,"10",,"1"
"2848","1331",1331-10-23,"10",,"1"
"2849","1331",1331-10-24,"10",,"1"
"2850","1331",1331-10-26,"10",,"1"
"2851","1331",1331-10-29,"10",,"1"
"2852","1331",1331-10-30,"10",,"1"
"2853","1331",1331-10-31,"10",,"1"
"2854","1331",1331-11-01,"10",,"1"
"2855","1331",1331-11-04,"10",,"1"
"2856","1331",1331-11-05,"10",,"1"
"2857","1331",1331-11-06,"10",,"1"
"2858","1331",1331-11-07,"10",,"1"
"2859","1331",1331-11-08,"10",,"1"
"2860","1331",1331-11-12,"10",,"1"
"2861","1331",1331-11-13,"10",,"1"
"2862","1331",1331-11-14,"10",,"1"
"2863","1331",1331-11-16,"10",,"1"
"2864","1331",1331-11-18,"10",,"1"
"2865","1331",1331-11-21,"10",,"1"
"2866","1331",1331-11-22,"10",,"1"
"2867","1331",1331-11-23,"10",,"1"
"2868","1331",1331-11-26,"10",,"1"
"2869","1331",1331-11-27,"10",,"1"
"2870","1331",1331-11-28,"10",,"1"
"2871","1331",1331-11-29,"10",,"1"
"2872","1331",1331-12-02,"10",,"1"
"2873","1331",1331-12-03,"10",,"1"
"2874","1331",1331-12-04,"10",,"1"
"2875","1331",1331-12-05,"10",,"1"
"2876","1331",1331-12-06,"10",,"1"
"2877","1331",1331-12-07,"10",,"1"
"2878","1331",1331-12-08,"10",,"1"
"2879","1331",1331-12-09,"10",,"1"
"2880","1331",1331-12-10,"10",,"1"
"2881","1331",1331-12-11,"10",,"1"
"2882","1331",1331-12-12,"10",,"1"
"2883","1331",1331-12-14,"10",,"1"
"2884","1331",1331-12-15,"10",,"1"
"2885","1331",1331-12-16,"10",,"1"
"2886","1331",1331-12-17,"10",,"1"
"2887","1331",1331-12-18,"10",,"1"
"2888","1331",1331-12-19,"10",,"1"
"2889","1331",1331-12-20,"10",,"1"
"2890","1331",1331-12-21,"10",,"1"
"2891","1331",1331-12-23,"10",,"1"
"2892","1331",1331-12-24,"10",,"1"
"2893","1331",1331-12-28,"10",,"1"
"2894","1331",1331-12-30,"10",,"1"
"2895","1331",1331-12-31,"10",,"1"
"2896","1332",1332-01-03,"10",,"1"
"2897","1332",1332-01-04,"10",,"1"
"2898","1332",1332-01-07,"10",,"1"
"2899","1332",1332-01-08,"10",,"1"
"2900","1332",1332-01-09,"10",,"1"
"2901","1332",1332-01-10,"10",,"1"
"2902","1332",1332-01-11,"10",,"1"
"2903","1332",1332-01-13,"10",,"1"
"2904","1332",1332-01-14,"10",,"1"
"2905","1332",1332-01-15,"10",,"1"
"2906","1332",1332-01-16,"10",,"1"
"2907","1332",1332-01-17,"10",,"1"
"2908","1332",1332-01-18,"10",,"1"
"2909","1332",1332-01-20,"10",,"1"
"2910","1332",1332-01-22,"10",,"1"
"2911","1332",1332-01-23,"10",,"1"
"2912","1332",1332-01-24,"10",,"1"
"2913","1332",1332-01-27,"10",,"1"
"2914","1332",1332-01-28,"10",,"1"
"2915","1332",1332-01-29,"10",,"1"
"2916","1332",1332-01-30,"10",,"1"
"2917","1332",1332-01-31,"10",,"1"
"2918","1332",1332-02-01,"10",,"1"
"2919","1332",1332-02-02,"10",,"1"
"2920","1332",1332-02-03,"10",,"1"
"2921","1332",1332-02-04,"10",,"1"
"2922","1332",1332-02-05,"10",,"1"
"2923","1332",1332-02-06,"10",,"1"
"2924","1332",1332-02-07,"10",,"1"
"2925","1332",1332-02-08,"10",,"1"
"2926","1332",1332-02-09,"10",,"1"
"2927","1332",1332-02-10,"10",,"1"
"2928","1332",1332-02-11,"10",,"1"
"2929","1332",1332-02-12,"10",,"1"
"2930","1332",1332-02-13,"10",,"1"
"2931","1332",1332-02-14,"10",,"1"
"2932","1332",1332-02-15,"10",,"1"
"2933","1332",1332-02-16,"10",,"1"
"2934","1332",1332-02-17,"10",,"1"
"2935","1332",1332-02-18,"10",,"1"
"2936","1332",1332-02-19,"10",,"1"
"2937","1332",1332-02-20,"10",,"1"
"2938","1332",1332-02-21,"10",,"1"
"2939","1332",1332-02-24,"10",,"1"
"2940","1332",1332-02-25,"10",,"1"
"2941","1332",1332-02-26,"10",,"1"
"2942","1332",1332-02-27,"10",,"1"
"2943","1332",1332-02-28,"10",,"1"
"2944","1332",1332-03-01,"10",,"1"
"2945","1332",1332-03-02,"10",,"1"
"2946","1332",1332-03-03,"10",,"1"
"2947","1332",1332-03-04,"10",,"1"
"2948","1332",1332-03-05,"10",,"1"
"2949","1332",1332-03-06,"10",,"1"
"2950","1332",1332-03-07,"10",,"1"
"2951","1332",1332-03-13,"10",,"1"
"2952","1332",1332-03-14,"10",,"1"
"2953","1332",1332-03-15,"10",,"1"
"2954","1332",1332-03-16,"10",,"1"
"2955","1332",1332-03-17,"10",,"1"
"2956","1332",1332-03-18,"10",,"1"
"2957","1332",1332-03-19,"10",,"1"
"2958","1332",1332-03-20,"10",,"1"
"2959","1332",1332-03-22,"10",,"1"
"2960","1332",1332-03-23,"10",,"1"
"2961","1332",1332-03-24,"10",,"1"
"2962","1332",1332-03-25,"10",,"1"
"2963","1332",1332-03-26,"10",,"1"
"2964","1332",1332-03-27,"10",,"1"
"2965","1332",1332-03-28,"10",,"1"
"2966","1332",1332-03-29,"10",,"1"
"2967","1332",1332-03-30,"10",,"1"
"2968","1332",1332-03-31,"10",,"1"
"2969","1332",1332-04-01,"10",,"1"
"2970","1332",1332-04-02,"10",,"1"
"2971","1332",1332-04-03,"10",,"1"
"2972","1332",1332-04-04,"10",,"1"
"2973","1332",1332-04-05,"10",,"1"
"2974","1332",1332-04-06,"10",,"1"
"2975","1332",1332-04-07,"10",,"1"
"2976","1332",1332-04-08,"10",,"1"
"2977","1332",1332-04-09,"10",,"1"
"2978","1332",1332-04-10,"10",,"1"
"2979","1332",1332-04-11,"10",,"1"
"2980","1332",1332-04-12,"10",,"1"
"2981","1332",1332-04-13,"10",,"1"
"2982","1332",1332-04-14,"10",,"1"
"2983","1332",1332-04-18,"10",,"1"
"2984","1332",1332-04-19,"10",,"1"
"2985","1332",1332-04-20,"10",,"1"
"2986","1332",1332-04-21,"10",,"1"
"2987","1332",1332-04-22,"10",,"1"
"2988","1332",1332-04-23,"10",,"1"
"2989","1332",1332-04-27,"10",,"1"
"2990","1332",1332-04-28,"10",,"1"
"2991","1332",1332-04-30,"10",,"1"
"2992","1332",1332-05-04,"10",,"1"
"2993","1332",1332-05-05,"10",,"1"
"2994","1332",1332-05-07,"10",,"1"
"2995","1332",1332-05-09,"10",,"1"
"2996","1332",1332-05-11,"10",,"1"
"2997","1332",1332-05-12,"10",,"1"
"2998","1332",1332-05-13,"10",,"1"
"2999","1332",1332-05-14,"10",,"1"
"3000","1332",1332-05-15,"10",,"1"
"3001","1332",1332-05-16,"10",,"1"
"3002","1332",1332-05-17,"10",,"1"
"3003","1332",1332-05-18,"10",,"1"
"3004","1332",1332-05-19,"10",,"1"
"3005","1332",1332-05-20,"10",,"1"
"3006","1332",1332-05-21,"10",,"1"
"3007","1332",1332-05-30,"10",,"1"
"3008","1332",1332-06-01,"10",,"1"
"3009","1332",1332-06-03,"10",,"1"
"3010","1332",1332-06-04,"10",,"1"
"3011","1332",1332-06-05,"10",,"1"
"3012","1332",1332-06-06,"10",,"1"
"3013","1332",1332-06-07,"10",,"1"
"3014","1332",1332-06-08,"10",,"1"
"3015","1332",1332-06-09,"10",,"1"
"3016","1332",1332-06-10,"10",,"1"
"3017","1332",1332-06-11,"10",,"1"
"3018","1332",1332-06-12,"10",,"1"
"3019","1332",1332-06-13,"10",,"1"
"3020","1332",1332-06-14,"10",,"1"
"3021","1332",1332-06-15,"10",,"1"
"3022","1332",1332-06-16,"10",,"1"
"3023","1332",1332-06-17,"10",,"1"
"3024","1332",1332-06-18,"10",,"1"
"3025","1332",1332-06-19,"10",,"1"
"3026","1332",1332-06-20,"10",,"1"
"3027","1332",1332-06-21,"10",,"1"
"3028","1332",1332-06-22,"10",,"1"
"3029","1332",1332-06-23,"10",,"1"
"3030","1332",1332-06-24,"10",,"1"
"3031","1332",1332-06-25,"10",,"1"
"3032","1332",1332-06-26,"10",,"1"
"3033","1332",1332-06-27,"10",,"1"
"3034","1332",1332-06-28,"10",,"1"
"3035","1332",1332-06-29,"10",,"1"
"3036","1332",1332-06-30,"10",,"1"
"3037","1332",1332-07-01,"10",,"1"
"3038","1332",1332-07-02,"10",,"1"
"3039","1332",1332-07-03,"10",,"1"
"3040","1332",1332-07-04,"10",,"1"
"3041","1332",1332-07-06,"10",,"1"
"3042","1332",1332-07-07,"10",,"1"
"3043","1332",1332-07-09,"10",,"1"
"3044","1332",1332-07-10,"10",,"1"
"3045","1332",1332-07-11,"10",,"1"
"3046","1332",1332-07-12,"10",,"1"
"3047","1332",1332-07-13,"10",,"1"
"3048","1332",1332-07-14,"10",,"1"
"3049","1332",1332-07-15,"10",,"1"
"3050","1332",1332-07-16,"10",,"1"
"3051","1332",1332-07-17,"10",,"1"
"3052","1332",1332-07-18,"10",,"1"
"3053","1332",1332-07-19,"10",,"1"
"3054","1332",1332-07-20,"10",,"1"
"3055","1332",1332-07-21,"10",,"1"
"3056","1332",1332-07-22,"10",,"1"
"3057","1332",1332-07-23,"10",,"1"
"3058","1332",1332-07-24,"10",,"1"
"3059","1332",1332-07-25,"10",,"1"
"3060","1332",1332-07-26,"10",,"1"
"3061","1332",1332-07-27,"10",,"1"
"3062","1332",1332-07-28,"10",,"1"
"3063","1332",1332-07-29,"10",,"1"
"3064","1332",1332-07-30,"10",,"1"
"3065","1332",1332-07-31,"10",,"1"
"3066","1332",1332-08-03,"10",,"1"
"3067","1332",1332-08-06,"10",,"1"
"3068","1332",1332-08-07,"10",,"1"
"3069","1332",1332-08-08,"10",,"1"
"3070","1332",1332-08-09,"10",,"1"
"3071","1332",1332-08-10,"10",,"1"
"3072","1332",1332-08-11,"10",,"1"
"3073","1332",1332-08-12,"10",,"1"
"3074","1332",1332-08-13,"10",,"1"
"3075","1332",1332-08-14,"10",,"1"
"3076","1332",1332-08-15,"10",,"1"
"3077","1332",1332-08-16,"10",,"1"
"3078","1332",1332-08-17,"10",,"1"
"3079","1332",1332-08-21,"10",,"1"
"3080","1332",1332-08-22,"10",,"1"
"3081","1332",1332-08-25,"10",,"1"
"3082","1332",1332-08-26,"10",,"1"
"3083","1332",1332-08-27,"10",,"1"
"3084","1332",1332-09-01,"10",,"1"
"3085","1332",1332-09-02,"10",,"1"
"3086","1332",1332-09-03,"10",,"1"
"3087","1332",1332-09-04,"10",,"1"
"3088","1332",1332-09-05,"10",,"1"
"3089","1332",1332-09-06,"10",,"1"
"3090","1332",1332-09-07,"10",,"1"
"3091","1332",1332-09-08,"10",,"1"
"3092","1332",1332-09-09,"10",,"1"
"3093","1332",1332-09-10,"10",,"1"
"3094","1332",1332-09-11,"10",,"1"
"3095","1332",1332-09-12,"10",,"1"
"3096","1332",1332-09-13,"10",,"1"
"3097","1332",1332-09-14,"10",,"1"
"3098","1332",1332-09-15,"10",,"1"
"3099","1332",1332-09-16,"10",,"1"
"3100","1332",1332-09-17,"10",,"1"
"3101","1332",1332-09-18,"10",,"1"
"3102","1332",1332-09-19,"10",,"1"
"3103","1332",1332-09-20,"10",,"1"
"3104","1332",1332-09-21,"10",,"1"
"3105","1332",1332-09-22,"10",,"1"
"3106","1332",1332-09-23,"10",,"1"
"3107","1332",1332-09-24,"10",,"1"
"3108","1332",1332-09-25,"10",,"1"
"3109","1332",1332-09-26,"10",,"1"
"3110","1332",1332-09-27,"10",,"1"
"3111","1332",1332-09-28,"10",,"1"
"3112","1332",1332-09-29,"10",,"1"
"3113","1332",1332-09-30,"10",,"1"
"3114","1332",1332-10-01,"10",,"1"
"3115","1332",1332-10-02,"10",,"1"
"3116","1332",1332-10-05,"10",,"1"
"3117","1332",1332-10-06,"10",,"1"
"3118","1332",1332-10-07,"10",,"1"
"3119","1332",1332-10-08,"10",,"1"
"3120","1332",1332-10-10,"10",,"1"
"3121","1332",1332-10-12,"10",,"1"
"3122","1332",1332-10-13,"10",,"1"
"3123","1332",1332-10-14,"10",,"1"
"3124","1332",1332-10-15,"10",,"1"
"3125","1332",1332-10-16,"10",,"1"
"3126","1332",1332-10-17,"10",,"1"
"3127","1332",1332-10-19,"10",,"1"
"3128","1332",1332-10-20,"10",,"1"
"3129","1332",1332-10-21,"10",,"1"
"3130","1332",1332-10-22,"10",,"1"
"3131","1332",1332-10-24,"10",,"1"
"3132","1332",1332-10-26,"10",,"1"
"3133","1332",1332-10-27,"10",,"1"
"3134","1332",1332-10-28,"10",,"1"
"3135","1332",1332-10-29,"10",,"1"
"3136","1332",1332-10-30,"10",,"1"
"3137","1332",1332-10-31,"10",,"1"
"3138","1332",1332-11-02,"10",,"1"
"3139","1332",1332-11-03,"10",,"1"
"3140","1332",1332-11-04,"10",,"1"
"3141","1332",1332-11-05,"10",,"1"
"3142","1332",1332-11-06,"10",,"1"
"3143","1332",1332-11-07,"10",,"1"
"3144","1332",1332-11-08,"10",,"1"
"3145","1332",1332-11-09,"10",,"1"
"3146","1332",1332-11-10,"10",,"1"
"3147","1332",1332-11-11,"10",,"1"
"3148","1332",1332-11-12,"10",,"1"
"3149","1332",1332-11-13,"10",,"1"
"3150","1332",1332-11-14,"10",,"1"
"3151","1332",1332-11-15,"10",,"1"
"3152","1332",1332-11-16,"10",,"1"
"3153","1332",1332-11-17,"10",,"1"
"3154","1332",1332-11-18,"10",,"1"
"3155","1332",1332-11-19,"10",,"1"
"3156","1332",1332-11-20,"10",,"1"
"3157","1332",1332-11-21,"10",,"1"
"3158","1332",1332-11-24,"10",,"1"
"3159","1332",1332-11-26,"10",,"1"
"3160","1332",1332-11-27,"10",,"1"
"3161","1332",1332-11-28,"10",,"1"
"3162","1332",1332-12-01,"10",,"1"
"3163","1332",1332-12-02,"10",,"1"
"3164","1332",1332-12-03,"10",,"1"
"3165","1332",1332-12-04,"10",,"1"
"3166","1332",1332-12-05,"10",,"1"
"3167","1332",1332-12-07,"10",,"1"
"3168","1332",1332-12-08,"10",,"1"
"3169","1332",1332-12-09,"10",,"1"
"3170","1332",1332-12-10,"10",,"1"
"3171","1332",1332-12-11,"10",,"1"
"3172","1332",1332-12-12,"10",,"1"
"3173","1332",1332-12-13,"10",,"1"
"3174","1332",1332-12-14,"10",,"1"
"3175","1332",1332-12-15,"10",,"1"
"3176","1332",1332-12-16,"10",,"1"
"3177","1332",1332-12-17,"10",,"1"
"3178","1332",1332-12-18,"10",,"1"
"3179","1332",1332-12-19,"10",,"1"
"3180","1332",1332-12-20,"10",,"1"
"3181","1332",1332-12-21,"10",,"1"
"3182","1332",1332-12-22,"10",,"1"
"3183","1332",1332-12-23,"10",,"1"
"3184","1332",1332-12-24,"10",,"1"
"3185","1332",1332-12-25,"10",,"1"
"3186","1332",1332-12-26,"10",,"1"
"3187","1332",1332-12-27,"10",,"1"
"3188","1332",1332-12-28,"10",,"1"
"3189","1332",1332-12-29,"10",,"1"
"3190","1332",1332-12-30,"10",,"1"
"3191","1333",1333-01-02,"10",,"1"
"3192","1333",1333-01-04,"10",,"1"
"3193","1333",1333-01-05,"10",,"1"
"3194","1333",1333-01-07,"10",,"1"
"3195","1333",1333-01-08,"10",,"1"
"3196","1333",1333-01-09,"10",,"1"
"3197","1333",1333-01-10,"10",,"1"
"3198","1333",1333-01-11,"10",,"1"
"3199","1333",1333-01-12,"10",,"1"
"3200","1333",1333-01-13,"10",,"1"
"3201","1333",1333-01-14,"10",,"1"
"3202","1333",1333-01-15,"10",,"1"
"3203","1333",1333-01-16,"10",,"1"
"3204","1333",1333-01-17,"10",,"1"
"3205","1333",1333-01-18,"10",,"1"
"3206","1333",1333-01-19,"10",,"1"
"3207","1333",1333-01-20,"10",,"1"
"3208","1333",1333-01-21,"10",,"1"
"3209","1333",1333-01-22,"10",,"1"
"3210","1333",1333-01-23,"10",,"1"
"3211","1333",1333-01-24,"10",,"1"
"3212","1333",1333-01-25,"10",,"1"
"3213","1333",1333-01-26,"10",,"1"
"3214","1333",1333-01-27,"10",,"1"
"3215","1333",1333-01-28,"10",,"1"
"3216","1333",1333-01-29,"10",,"1"
"3217","1333",1333-01-30,"10",,"1"
"3218","1333",1333-02-01,"10",,"1"
"3219","1333",1333-02-02,"10",,"1"
"3220","1333",1333-02-03,"10",,"1"
"3221","1333",1333-02-04,"10",,"1"
"3222","1333",1333-02-05,"10",,"1"
"3223","1333",1333-02-06,"10",,"1"
"3224","1333",1333-02-07,"10",,"1"
"3225","1333",1333-02-08,"10",,"1"
"3226","1333",1333-02-09,"10",,"1"
"3227","1333",1333-02-10,"10",,"1"
"3228","1333",1333-02-11,"10",,"1"
"3229","1333",1333-02-12,"10",,"1"
"3230","1333",1333-02-13,"10",,"1"
"3231","1333",1333-02-14,"10",,"1"
"3232","1333",1333-02-15,"10",,"1"
"3233","1333",1333-02-16,"10",,"1"
"3234","1333",1333-02-17,"10",,"1"
"3235","1333",1333-02-18,"10",,"1"
"3236","1333",1333-02-19,"10",,"1"
"3237","1333",1333-02-20,"10",,"1"
"3238","1333",1333-02-23,"10",,"1"
"3239","1333",1333-02-24,"10",,"1"
"3240","1333",1333-02-25,"10",,"1"
"3241","1333",1333-02-26,"10",,"1"
"3242","1333",1333-02-27,"10",,"1"
"3243","1333",1333-03-01,"10",,"1"
"3244","1333",1333-03-02,"10",,"1"
"9257","1333",1333-03-03,"10",,"1"
"9258","1333",1333-03-04,"10",,"1"
"9259","1333",1333-03-06,"10",,"1"
"9260","1333",1333-03-08,"10",,"1"
"9261","1333",1333-03-09,"10",,"1"
"9262","1333",1333-03-11,"10",,"1"
"9263","1333",1333-03-12,"10",,"1"
"9264","1333",1333-03-13,"10",,"1"
"9265","1333",1333-03-14,"10",,"1"
"9266","1333",1333-03-15,"10",,"1"
"9267","1333",1333-03-16,"10",,"1"
"9268","1333",1333-03-17,"10",,"1"
"9269","1333",1333-03-18,"10",,"1"
"9270","1333",1333-03-19,"10",,"1"
"9271","1333",1333-03-20,"10",,"1"
"9272","1333",1333-03-21,"10",,"1"
"9273","1333",1333-03-22,"10",,"1"
"9274","1333",1333-03-23,"10",,"1"
"9275","1333",1333-03-24,"10",,"1"
"9276","1333",1333-03-25,"10",,"1"
"9277","1333",1333-03-26,"10",,"1"
"9278","1333",1333-03-27,"10",,"1"
"9279","1333",1333-03-28,"10",,"1"
"9280","1333",1333-03-29,"10",,"1"
"9281","1333",1333-03-30,"10",,"1"
"9282","1333",1333-04-01,"10",,"1"
"9283","1333",1333-04-03,"10",,"1"
"9284","1333",1333-04-07,"10",,"1"
"9285","1333",1333-04-08,"10",,"1"
"9286","1333",1333-04-09,"10",,"1"
"9287","1333",1333-04-10,"10",,"1"
"9288","1333",1333-04-11,"10",,"1"
"9289","1333",1333-04-12,"10",,"1"
"9290","1333",1333-04-13,"10",,"1"
"9291","1333",1333-04-14,"10",,"1"
"9292","1333",1333-04-15,"10",,"1"
"9293","1333",1333-04-16,"10",,"1"
"9294","1333",1333-04-17,"10",,"1"
"9295","1333",1333-04-18,"10",,"1"
"9296","1333",1333-04-19,"10",,"1"
"9297","1333",1333-04-20,"10",,"1"
"9298","1333",1333-04-21,"10",,"1"
"9299","1333",1333-04-22,"10",,"1"
"9300","1333",1333-04-23,"10",,"1"
"9301","1333",1333-04-24,"10",,"1"
"9302","1333",1333-04-25,"10",,"1"
"9303","1333",1333-04-26,"10",,"1"
"9304","1333",1333-04-27,"10",,"1"
"9305","1333",1333-04-28,"10",,"1"
"9306","1333",1333-04-29,"10",,"1"
"9307","1333",1333-04-30,"10",,"1"
"9308","1333",1333-05-03,"10",,"1"
"9309","1333",1333-05-04,"10",,"1"
"9310","1333",1333-05-05,"10",,"1"
"9311","1333",1333-05-06,"10",,"1"
"9312","1333",1333-05-08,"10",,"1"
"9313","1333",1333-05-10,"10",,"1"
"9314","1333",1333-05-11,"10",,"1"
"9315","1333",1333-05-12,"10",,"1"
"9316","1333",1333-05-14,"10",,"1"
"9317","1333",1333-05-15,"10",,"1"
"9318","1333",1333-05-16,"10",,"1"
"9319","1333",1333-05-17,"10",,"1"
"9320","1333",1333-05-18,"10",,"1"
"9321","1333",1333-05-19,"10",,"1"
"9322","1333",1333-05-20,"10",,"1"
"9323","1333",1333-05-21,"10",,"1"
"9324","1333",1333-05-22,"10",,"1"
"9325","1333",1333-05-23,"10",,"1"
"9326","1333",1333-05-24,"10",,"1"
"9327","1333",1333-05-25,"10",,"1"
"9328","1333",1333-05-26,"10",,"1"
"9329","1333",1333-05-27,"10",,"1"
"9330","1333",1333-05-28,"10",,"1"
"9331","1333",1333-05-29,"10",,"1"
"9332","1333",1333-05-30,"10",,"1"
"9333","1333",1333-05-31,"10",,"1"
"9334","1333",1333-06-01,"10",,"1"
"9335","1333",1333-06-02,"10",,"1"
"9336","1333",1333-06-03,"10",,"1"
"9337","1333",1333-06-04,"10",,"1"
"9338","1333",1333-06-05,"10",,"1"
"9339","1333",1333-06-06,"10",,"1"
"9340","1333",1333-06-07,"10",,"1"
"9341","1333",1333-06-08,"10",,"1"
"9342","1333",1333-06-09,"10",,"1"
"9343","1333",1333-06-10,"10",,"1"
"9344","1333",1333-06-11,"10",,"1"
"9345","1333",1333-06-12,"10",,"1"
"9346","1333",1333-06-13,"10",,"1"
"9347","1333",1333-06-14,"10",,"1"
"9348","1333",1333-06-15,"10",,"1"
"9349","1333",1333-06-16,"10",,"1"
"9350","1333",1333-06-17,"10",,"1"
"9351","1333",1333-06-18,"10",,"1"
"9352","1333",1333-06-19,"10",,"1"
"9353","1333",1333-06-20,"10",,"1"
"9354","1333",1333-06-21,"10",,"1"
"9355","1333",1333-06-22,"10",,"1"
"9356","1333",1333-06-23,"10",,"1"
"9357","1333",1333-06-24,"10",,"1"
"9358","1333",1333-06-25,"10",,"1"
"9359","1333",1333-06-26,"10",,"1"
"9360","1333",1333-06-27,"10",,"1"
"9361","1333",1333-06-28,"10",,"1"
"9362","1333",1333-06-29,"10",,"1"
"9363","1333",1333-06-30,"10",,"1"
"9364","1333",1333-07-01,"10",,"1"
"9365","1333",1333-07-02,"10",,"1"
"9366","1333",1333-07-03,"10",,"1"
"9367","1333",1333-07-07,"10",,"1"
"9368","1333",1333-07-08,"10",,"1"
"9369","1333",1333-07-09,"10",,"1"
"9370","1333",1333-07-10,"10",,"1"
"9371","1333",1333-07-11,"10",,"1"
"9372","1333",1333-07-15,"10",,"1"
"9373","1333",1333-07-16,"10",,"1"
"9374","1333",1333-07-17,"10",,"1"
"9375","1333",1333-07-18,"10",,"1"
"9376","1333",1333-07-19,"10",,"1"
"9377","1333",1333-07-20,"10",,"1"
"9378","1333",1333-07-21,"10",,"1"
"9379","1333",1333-07-22,"10",,"1"
"9380","1333",1333-07-23,"10",,"1"
"9381","1333",1333-07-24,"10",,"1"
"9382","1333",1333-07-25,"10",,"1"
"9383","1333",1333-07-26,"10",,"1"
"9384","1333",1333-07-27,"10",,"1"
"9385","1333",1333-07-28,"10",,"1"
"9386","1333",1333-07-29,"10",,"1"
"9387","1333",1333-07-30,"10",,"1"
"9388","1333",1333-07-31,"10",,"1"
"9389","1333",1333-08-02,"10",,"1"
"9390","1333",1333-08-03,"10",,"1"
"9391","1333",1333-08-04,"10",,"1"
"9392","1333",1333-08-06,"10",,"1"
"9393","1333",1333-08-07,"10",,"1"
"9394","1333",1333-08-09,"10",,"1"
"9395","1333",1333-08-11,"10",,"1"
"9396","1333",1333-08-12,"10",,"1"
"9397","1333",1333-08-13,"10",,"1"
"9398","1333",1333-08-14,"10",,"1"
"9399","1333",1333-08-15,"10",,"1"
"9400","1333",1333-08-16,"10",,"1"
"9401","1333",1333-08-17,"10",,"1"
"9402","1333",1333-08-18,"10",,"1"
"9403","1333",1333-08-20,"10",,"1"
"9404","1333",1333-08-21,"10",,"1"
"9405","1333",1333-08-23,"10",,"1"
"9406","1333",1333-08-25,"10",,"1"
"9407","1333",1333-08-26,"10",,"1"
"9408","1333",1333-08-27,"10",,"1"
"9409","1333",1333-08-30,"10",,"1"
"9410","1333",1333-08-31,"10",,"1"
"9411","1333",1333-09-01,"10",,"1"
"9412","1333",1333-09-02,"10",,"1"
"9413","1333",1333-09-03,"10",,"1"
"9414","1333",1333-09-04,"10",,"1"
"9415","1333",1333-09-05,"10",,"1"
"9416","1333",1333-09-06,"10",,"1"
"9417","1333",1333-09-07,"10",,"1"
"9418","1333",1333-09-08,"10",,"1"
"9419","1333",1333-09-09,"10",,"1"
"9420","1333",1333-09-10,"10",,"1"
"9421","1333",1333-09-11,"10",,"1"
"9422","1333",1333-09-12,"10",,"1"
"9423","1333",1333-09-13,"10",,"1"
"9424","1333",1333-09-14,"10",,"1"
"9425","1333",1333-09-15,"10",,"1"
"9426","1333",1333-09-16,"10",,"1"
"9427","1333",1333-09-17,"10",,"1"
"9428","1333",1333-09-18,"10",,"1"
"9429","1333",1333-09-19,"10",,"1"
"9430","1333",1333-09-20,"10",,"1"
"9431","1333",1333-09-21,"10",,"1"
"9432","1333",1333-09-22,"10",,"1"
"9433","1333",1333-09-23,"10",,"1"
"9434","1333",1333-09-24,"10",,"1"
"9435","1333",1333-09-25,"10",,"1"
"9436","1333",1333-09-26,"10",,"1"
"9437","1333",1333-09-27,"10",,"1"
"9438","1333",1333-09-28,"10",,"1"
"9439","1333",1333-09-29,"10",,"1"
"9440","1333",1333-09-30,"10",,"1"
"9441","1333",1333-10-01,"10",,"1"
"9442","1333",1333-10-05,"10",,"1"
"9443","1333",1333-10-06,"10",,"1"
"9444","1333",1333-10-09,"10",,"1"
"9445","1333",1333-10-11,"10",,"1"
"9446","1333",1333-10-16,"10",,"1"
"9447","1333",1333-10-19,"10",,"1"
"9448","1333",1333-10-20,"10",,"1"
"9449","1333",1333-10-21,"10",,"1"
"9450","1333",1333-10-22,"10",,"1"
"9451","1333",1333-10-23,"10",,"1"
"9452","1333",1333-10-24,"10",,"1"
"9453","1333",1333-10-25,"10",,"1"
"9454","1333",1333-10-26,"10",,"1"
"9455","1333",1333-10-27,"10",,"1"
"9456","1333",1333-10-29,"10",,"1"
"9457","1333",1333-10-30,"10",,"1"
"9458","1333",1333-11-02,"10",,"1"
"9459","1333",1333-11-03,"10",,"1"
"9460","1333",1333-11-04,"10",,"1"
"9461","1333",1333-11-05,"10",,"1"
"9462","1333",1333-11-06,"10",,"1"
"9463","1333",1333-11-08,"10",,"1"
"9464","1333",1333-11-10,"10",,"1"
"9465","1333",1333-11-12,"10",,"1"
"9466","1333",1333-11-13,"10",,"1"
"9467","1333",1333-11-15,"10",,"1"
"9468","1333",1333-11-16,"10",,"1"
"9469","1333",1333-11-17,"10",,"1"
"9470","1333",1333-12-01,"10",,"1"
"9471","1333",1333-12-02,"10",,"1"
"9472","1333",1333-12-03,"10",,"1"
"9473","1333",1333-12-04,"10",,"1"
"9474","1333",1333-12-05,"10",,"1"
"9475","1333",1333-12-06,"10",,"1"
"9476","1333",1333-12-07,"10",,"1"
"9477","1333",1333-12-08,"10",,"1"
"9478","1333",1333-12-09,"10",,"1"
"9479","1333",1333-12-10,"10",,"1"
"9480","1333",1333-12-11,"10",,"1"
"9481","1333",1333-12-12,"10",,"1"
"9482","1333",1333-12-13,"10",,"1"
"9483","1333",1333-12-14,"10",,"1"
"9484","1333",1333-12-15,"10",,"1"
"9485","1333",1333-12-16,"10",,"1"
"9486","1333",1333-12-17,"10",,"1"
"9487","1333",1333-12-18,"10",,"1"
"9488","1333",1333-12-19,"10",,"1"
"9489","1333",1333-12-20,"10",,"1"
"9490","1333",1333-12-21,"10",,"1"
"9491","1333",1333-12-22,"10",,"1"
"9492","1333",1333-12-23,"10",,"1"
"9493","1333",1333-12-24,"10",,"1"
"9494","1333",1333-12-25,"10",,"1"
"9495","1333",1333-12-26,"10",,"1"
"9496","1333",1333-12-27,"10",,"1"
"9497","1333",1333-12-28,"10",,"1"
"9498","1333",1333-12-29,"10",,"1"
"9499","1333",1333-12-30,"10",,"1"
"9500","1333",1333-12-31,"10",,"1"
"9501","1334",1334-01-07,"10",,"1"
"9502","1334",1334-01-08,"10",,"1"
"9503","1334",1334-01-10,"10",,"1"
"9504","1334",1334-01-11,"10",,"1"
"9505","1334",1334-01-12,"10",,"1"
"9506","1334",1334-01-13,"10",,"1"
"9507","1334",1334-01-14,"10",,"1"
"9508","1334",1334-01-15,"10",,"1"
"9509","1334",1334-01-17,"10",,"1"
"9510","1334",1334-01-18,"10",,"1"
"9511","1334",1334-01-19,"10",,"1"
"9512","1334",1334-01-20,"10",,"1"
"9513","1334",1334-01-22,"10",,"1"
"9514","1334",1334-01-24,"10",,"1"
"9515","1334",1334-01-26,"10",,"1"
"9516","1334",1334-01-28,"10",,"1"
"9517","1334",1334-01-29,"10",,"1"
"9518","1334",1334-01-31,"10",,"1"
"9519","1334",1334-02-01,"10",,"1"
"9520","1334",1334-02-04,"10",,"1"
"9521","1334",1334-02-05,"10",,"1"
"9522","1334",1334-02-07,"10",,"1"
"9523","1334",1334-02-08,"10",,"1"
"9524","1334",1334-02-09,"10",,"1"
"9525","1334",1334-02-10,"10",,"1"
"9526","1334",1334-02-11,"10",,"1"
"9527","1334",1334-02-12,"10",,"1"
"9528","1334",1334-02-13,"10",,"1"
"9529","1334",1334-02-14,"10",,"1"
"9530","1334",1334-02-15,"10",,"1"
"9531","1334",1334-02-16,"10",,"1"
"9532","1334",1334-02-17,"10",,"1"
"9533","1334",1334-02-19,"10",,"1"
"9534","1334",1334-02-20,"10",,"1"
"9535","1334",1334-02-21,"10",,"1"
"9536","1334",1334-02-22,"10",,"1"
"9537","1334",1334-02-23,"10",,"1"
"9538","1334",1334-02-24,"10",,"1"
"9539","1334",1334-02-25,"10",,"1"
"9540","1334",1334-02-26,"10",,"1"
"9541","1334",1334-02-28,"10",,"1"
"9542","1334",1334-03-01,"10",,"1"
"9543","1334",1334-03-02,"10",,"1"
"9544","1334",1334-03-03,"10",,"1"
"9545","1334",1334-03-04,"10",,"1"
"9546","1334",1334-03-05,"10",,"1"
"9547","1334",1334-03-06,"10",,"1"
"9548","1334",1334-03-07,"10",,"1"
"9549","1334",1334-03-08,"10",,"1"
"9550","1334",1334-03-09,"10",,"1"
"9551","1334",1334-03-10,"10",,"1"
"9552","1334",1334-03-12,"10",,"1"
"9553","1334",1334-03-14,"10",,"1"
"9554","1334",1334-03-15,"10",,"1"
"9555","1334",1334-03-16,"10",,"1"
"9556","1334",1334-03-17,"10",,"1"
"9557","1334",1334-03-18,"10",,"1"
"9558","1334",1334-03-19,"10",,"1"
"9559","1334",1334-03-22,"10",,"1"
"9560","1334",1334-03-23,"10",,"1"
"9561","1334",1334-03-24,"10",,"1"
"9562","1334",1334-03-26,"10",,"1"
"9563","1334",1334-03-30,"10",,"1"
"9564","1334",1334-04-01,"10",,"1"
"9565","1334",1334-04-02,"10",,"1"
"9566","1334",1334-04-04,"10",,"1"
"9567","1334",1334-07-01,"10",,"1"
"9568","1334",1334-07-02,"10",,"1"
"9569","1334",1334-07-04,"10",,"1"
"9570","1334",1334-07-06,"10",,"1"
"9571","1334",1334-07-07,"10",,"1"
"9572","1334",1334-07-08,"10",,"1"
"9573","1334",1334-07-09,"10",,"1"
"9574","1334",1334-07-11,"10",,"1"
"9575","1334",1334-07-12,"10",,"1"
"9576","1334",1334-07-13,"10",,"1"
"9577","1334",1334-07-14,"10",,"1"
"9578","1334",1334-07-15,"10",,"1"
"9579","1334",1334-07-16,"10",,"1"
"9580","1334",1334-07-17,"10",,"1"
"9581","1334",1334-07-18,"10",,"1"
"9582","1334",1334-07-19,"10",,"1"
"9583","1334",1334-07-20,"10",,"1"
"9584","1334",1334-07-21,"10",,"1"
"9585","1334",1334-07-22,"10",,"1"
"9586","1334",1334-07-23,"10",,"1"
"9587","1334",1334-07-24,"10",,"1"
"9588","1334",1334-07-25,"10",,"1"
"9589","1334",1334-07-26,"10",,"1"
"9590","1334",1334-07-27,"10",,"1"
"9591","1334",1334-07-28,"10",,"1"
"9592","1334",1334-07-29,"10",,"1"
"9593","1334",1334-07-30,"10",,"1"
"9594","1334",1334-08-02,"10",,"1"
"9595","1334",1334-08-03,"10",,"1"
"9596","1334",1334-08-04,"10",,"1"
"9597","1334",1334-08-05,"10",,"1"
"9598","1334",1334-08-06,"10",,"1"
"9599","1334",1334-08-07,"10",,"1"
"9600","1334",1334-08-08,"10",,"1"
"9601","1334",1334-08-09,"10",,"1"
"9602","1334",1334-08-10,"10",,"1"
"9603","1334",1334-08-11,"10",,"1"
"9604","1334",1334-08-12,"10",,"1"
"9605","1334",1334-08-13,"10",,"1"
"9606","1334",1334-08-16,"10",,"1"
"9607","1334",1334-08-17,"10",,"1"
"9608","1334",1334-08-18,"10",,"1"
"9609","1334",1334-08-20,"10",,"1"
"9610","1334",1334-08-22,"10",,"1"
"9611","1334",1334-08-23,"10",,"1"
"9612","1334",1334-08-24,"10",,"1"
"9613","1334",1334-08-25,"10",,"1"
"9614","1334",1334-08-26,"10",,"1"
"9615","1334",1334-08-27,"10",,"1"
"9616","1334",1334-08-28,"10",,"1"
"9617","1334",1334-08-29,"10",,"1"
"9618","1334",1334-08-30,"10",,"1"
"9619","1334",1334-08-31,"10",,"1"
"9620","1334",1334-09-01,"10",,"1"
"9621","1334",1334-09-02,"10",,"1"
"9622","1334",1334-09-03,"10",,"1"
"9623","1334",1334-09-04,"10",,"1"
"9624","1334",1334-09-05,"10",,"1"
"9625","1334",1334-09-06,"10",,"1"
"9626","1334",1334-09-07,"10",,"1"
"9627","1334",1334-09-08,"10",,"1"
"9628","1334",1334-09-09,"10",,"1"
"9629","1334",1334-09-10,"10",,"1"
"9630","1334",1334-09-11,"10",,"1"
"9631","1334",1334-09-12,"10",,"1"
"9632","1334",1334-09-13,"10",,"1"
"9633","1334",1334-09-14,"10",,"1"
"9634","1334",1334-09-15,"10",,"1"
"9635","1334",1334-09-16,"10",,"1"
"9636","1334",1334-09-17,"10",,"1"
"9637","1334",1334-09-18,"10",,"1"
"9638","1334",1334-09-19,"10",,"1"
"9639","1334",1334-09-20,"10",,"1"
"9640","1334",1334-09-21,"10",,"1"
"9641","1334",1334-09-22,"10",,"1"
"9642","1334",1334-09-23,"10",,"1"
"9643","1334",1334-09-24,"10",,"1"
"9644","1334",1334-09-25,"10",,"1"
"9645","1334",1334-09-26,"10",,"1"
"9646","1334",1334-09-27,"10",,"1"
"9647","1334",1334-09-28,"10",,"1"
"9648","1334",1334-09-29,"10",,"1"
"9649","1334",1334-09-30,"10",,"1"
"9650","1334",1334-10-01,"10",,"1"
"9651","1334",1334-10-05,"10",,"1"
"9652","1334",1334-10-06,"10",,"1"
"9653","1334",1334-10-07,"10",,"1"
"9654","1334",1334-10-08,"10",,"1"
"9655","1334",1334-10-11,"10",,"1"
"9656","1334",1334-10-12,"10",,"1"
"9657","1334",1334-10-13,"10",,"1"
"9658","1334",1334-10-14,"10",,"1"
"9659","1334",1334-10-15,"10",,"1"
"9660","1334",1334-10-16,"10",,"1"
"9661","1334",1334-10-17,"10",,"1"
"9662","1334",1334-10-18,"10",,"1"
"9663","1334",1334-10-19,"10",,"1"
"9664","1334",1334-10-20,"10",,"1"
"9665","1334",1334-10-21,"10",,"1"
"9666","1334",1334-10-22,"10",,"1"
"9667","1334",1334-10-24,"10",,"1"
"9668","1334",1334-10-25,"10",,"1"
"9669","1334",1334-10-26,"10",,"1"
"9670","1334",1334-10-27,"10",,"1"
"9671","1334",1334-10-29,"10",,"1"
"9672","1334",1334-10-31,"10",,"1"
"9673","1334",1334-11-02,"10",,"1"
"9674","1334",1334-11-03,"10",,"1"
"9675","1334",1334-11-04,"10",,"1"
"9676","1334",1334-11-05,"10",,"1"
"9677","1334",1334-11-07,"10",,"1"
"9678","1334",1334-11-08,"10",,"1"
"9679","1334",1334-11-10,"10",,"1"
"9680","1334",1334-11-11,"10",,"1"
"9681","1334",1334-11-12,"10",,"1"
"9682","1334",1334-11-13,"10",,"1"
"9683","1334",1334-11-14,"10",,"1"
"9684","1334",1334-11-15,"10",,"1"
"9685","1334",1334-11-16,"10",,"1"
"9686","1334",1334-11-17,"10",,"1"
"9687","1334",1334-11-18,"10",,"1"
"9688","1334",1334-11-19,"10",,"1"
"9689","1334",1334-11-21,"10",,"1"
"9690","1334",1334-11-22,"10",,"1"
"9691","1334",1334-11-24,"10",,"1"
"9692","1334",1334-11-26,"10",,"1"
"9693","1334",1334-11-28,"10",,"1"
"9694","1334",1334-11-29,"10",,"1"
"9695","1334",1334-12-02,"10",,"1"
"9696","1334",1334-12-03,"10",,"1"
"9697","1334",1334-12-04,"10",,"1"
"9698","1334",1334-12-05,"10",,"1"
"9699","1334",1334-12-06,"10",,"1"
"9700","1334",1334-12-07,"10",,"1"
"9701","1334",1334-12-08,"10",,"1"
"9702","1334",1334-12-09,"10",,"1"
"9703","1334",1334-12-10,"10",,"1"
"9704","1334",1334-12-11,"10",,"1"
"9705","1334",1334-12-12,"10",,"1"
"9706","1334",1334-12-13,"10",,"1"
"9707","1334",1334-12-14,"10",,"1"
"9708","1334",1334-12-15,"10",,"1"
"9709","1334",1334-12-16,"10",,"1"
"9710","1334",1334-12-17,"10",,"1"
"9711","1334",1334-12-19,"10",,"1"
"9712","1334",1334-12-20,"10",,"1"
"9713","1334",1334-12-21,"10",,"1"
"9714","1334",1334-12-22,"10",,"1"
"9715","1334",1334-12-23,"10",,"1"
"9716","1334",1334-12-24,"10",,"1"
"9717","1334",1334-12-25,"10",,"1"
"9718","1334",1334-12-26,"10",,"1"
"9719","1334",1334-12-27,"10",,"1"
"9720","1334",1334-12-28,"10",,"1"
"9721","1334",1334-12-29,"10",,"1"
"9722","1334",1334-12-30,"10",,"1"
"9723","1334",1334-12-31,"10",,"1"
"9724","1335",1335-01-01,"10",,"1"
"9725","1335",1335-01-02,"10",,"1"
"9726","1335",1335-01-03,"10",,"1"
"9727","1335",1335-01-04,"10",,"1"
"9728","1335",1335-01-05,"10",,"1"
"9729","1335",1335-01-07,"10",,"1"
"9730","1335",1335-01-09,"10",,"1"
"9731","1335",1335-01-10,"10",,"1"
"9732","1335",1335-01-11,"10",,"1"
"9733","1335",1335-01-12,"10",,"1"
"9734","1335",1335-01-13,"10",,"1"
"9735","1335",1335-01-14,"10",,"1"
"9736","1335",1335-01-15,"10",,"1"
"9737","1335",1335-01-16,"10",,"1"
"9738","1335",1335-01-17,"10",,"1"
"9739","1335",1335-01-18,"10",,"1"
"9740","1335",1335-01-19,"10",,"1"
"9741","1335",1335-01-20,"10",,"1"
"9742","1335",1335-01-21,"10",,"1"
"9743","1335",1335-01-22,"10",,"1"
"9744","1335",1335-01-23,"10",,"1"
"9745","1335",1335-01-24,"10",,"1"
"9746","1335",1335-01-25,"10",,"1"
"9747","1335",1335-01-26,"10",,"1"
"9748","1335",1335-01-27,"10",,"1"
"9749","1335",1335-01-28,"10",,"1"
"9750","1335",1335-01-29,"10",,"1"
"9751","1335",1335-01-30,"10",,"1"
"9752","1335",1335-01-31,"10",,"1"
"9753","1335",1335-02-01,"10",,"1"
"9754","1335",1335-02-02,"10",,"1"
"9755","1335",1335-02-03,"10",,"1"
"9756","1335",1335-02-04,"10",,"1"
"9757","1335",1335-02-05,"10",,"1"
"9758","1335",1335-02-06,"10",,"1"
"9759","1335",1335-02-07,"10",,"1"
"9760","1335",1335-02-08,"10",,"1"
"9761","1335",1335-02-09,"10",,"1"
"9762","1335",1335-02-10,"10",,"1"
"9763","1335",1335-02-11,"10",,"1"
"9764","1335",1335-02-13,"10",,"1"
"9765","1335",1335-02-14,"10",,"1"
"9766","1335",1335-02-15,"10",,"1"
"9767","1335",1335-02-16,"10",,"1"
"9768","1335",1335-02-17,"10",,"1"
"9769","1335",1335-02-18,"10",,"1"
"9770","1335",1335-02-20,"10",,"1"
"9771","1335",1335-02-21,"10",,"1"
"9772","1335",1335-02-23,"10",,"1"
"9773","1335",1335-02-25,"10",,"1"
"9774","1335",1335-02-27,"10",,"1"
"9775","1335",1335-02-28,"10",,"1"
"9776","1335",1335-03-01,"10",,"1"
"9777","1335",1335-03-02,"10",,"1"
"9778","1335",1335-03-03,"10",,"1"
"9779","1335",1335-03-04,"10",,"1"
"9780","1335",1335-03-05,"10",,"1"
"9781","1335",1335-03-06,"10",,"1"
"9782","1335",1335-03-07,"10",,"1"
"9783","1335",1335-03-08,"10",,"1"
"9784","1335",1335-03-09,"10",,"1"
"9785","1335",1335-03-10,"10",,"1"
"9786","1335",1335-03-11,"10",,"1"
"9787","1335",1335-03-12,"10",,"1"
"9788","1335",1335-03-13,"10",,"1"
"9789","1335",1335-03-14,"10",,"1"
"9790","1335",1335-03-15,"10",,"1"
"9791","1335",1335-03-16,"10",,"1"
"9792","1335",1335-03-17,"10",,"1"
"9793","1335",1335-03-18,"10",,"1"
"9794","1335",1335-03-19,"10",,"1"
"9795","1335",1335-03-20,"10",,"1"
"9796","1335",1335-03-21,"10",,"1"
"9797","1335",1335-03-22,"10",,"1"
"9798","1335",1335-03-23,"10",,"1"
"9799","1335",1335-03-24,"10",,"1"
"9800","1335",1335-03-25,"10",,"1"
"9801","1335",1335-03-26,"10",,"1"
"9802","1335",1335-03-27,"10",,"1"
"9803","1335",1335-03-28,"10",,"1"
"9804","1335",1335-03-29,"10",,"1"
"9805","1335",1335-03-30,"10",,"1"
"9806","1335",1335-04-01,"10",,"1"
"9807","1335",1335-04-02,"10",,"1"
"9808","1335",1335-04-03,"10",,"1"
"9809","1335",1335-04-04,"10",,"1"
"9810","1335",1335-04-05,"10",,"1"
"9811","1335",1335-04-06,"10",,"1"
"9812","1335",1335-04-07,"10",,"1"
"9813","1335",1335-04-08,"10",,"1"
"9814","1335",1335-04-09,"10",,"1"
"9815","1335",1335-04-10,"10",,"1"
"9816","1335",1335-04-11,"10",,"1"
"9817","1335",1335-04-12,"10",,"1"
"9818","1335",1335-04-13,"10",,"1"
"9819","1335",1335-04-14,"10",,"1"
"9820","1335",1335-04-15,"10",,"1"
"9821","1335",1335-04-16,"10",,"1"
"9822","1335",1335-04-17,"10",,"1"
"9823","1335",1335-04-18,"10",,"1"
"9824","1335",1335-04-19,"10",,"1"
"9825","1335",1335-04-20,"10",,"1"
"9826","1335",1335-04-21,"10",,"1"
"9827","1335",1335-04-24,"10",,"1"
"9828","1335",1335-04-26,"10",,"1"
"9829","1335",1335-04-27,"10",,"1"
"9830","1335",1335-04-29,"10",,"1"
"9831","1335",1335-05-02,"10",,"1"
"9832","1335",1335-05-03,"10",,"1"
"9833","1335",1335-05-04,"10",,"1"
"9834","1335",1335-05-05,"10",,"1"
"9835","1335",1335-05-06,"10",,"1"
"9836","1335",1335-05-07,"10",,"1"
"9837","1335",1335-05-08,"10",,"1"
"9838","1335",1335-05-09,"10",,"1"
"9839","1335",1335-05-10,"10",,"1"
"9840","1335",1335-05-11,"10",,"1"
"9841","1335",1335-05-12,"10",,"1"
"9842","1335",1335-05-13,"10",,"1"
"9843","1335",1335-05-14,"10",,"1"
"9844","1335",1335-05-15,"10",,"1"
"9845","1335",1335-05-16,"10",,"1"
"9846","1335",1335-05-17,"10",,"1"
"9847","1335",1335-05-18,"10",,"1"
"9848","1335",1335-05-19,"10",,"1"
"9849","1335",1335-05-20,"10",,"1"
"9850","1335",1335-05-23,"10",,"1"
"9851","1335",1335-05-24,"10",,"1"
"9852","1335",1335-05-26,"10",,"1"
"9853","1335",1335-05-27,"10",,"1"
"9854","1335",1335-05-30,"10",,"1"
"9855","1335",1335-05-31,"10",,"1"
"9856","1335",1335-06-02,"10",,"1"
"9857","1335",1335-06-03,"10",,"1"
"9858","1335",1335-06-08,"10",,"1"
"9859","1335",1335-06-09,"10",,"1"
"9860","1335",1335-06-10,"10",,"1"
"9861","1335",1335-06-11,"10",,"1"
"9862","1335",1335-06-14,"10",,"1"
"9863","1335",1335-06-19,"10",,"1"
"9864","1335",1335-06-20,"10",,"1"
"9865","1335",1335-06-21,"10",,"1"
"9866","1335",1335-06-22,"10",,"1"
"9867","1335",1335-06-23,"10",,"1"
"9868","1335",1335-06-26,"10",,"1"
"9869","1335",1335-06-27,"10",,"1"
"9870","1335",1335-06-28,"10",,"1"
"9871","1335",1335-06-30,"10",,"1"
"9872","1335",1335-08-03,"10",,"1"
"9873","1335",1335-08-22,"10",,"1"
"9874","1335",1335-08-23,"10",,"1"
"9875","1335",1335-08-29,"10",,"1"
"9876","1335",1335-09-02,"10",,"1"
"9877","1335",1335-09-09,"10",,"1"
"9878","1335",1335-09-18,"10",,"1"
"9879","1335",1335-10-03,"10",,"1"
"9880","1335",1335-11-07,"10",,"1"
"9881","1335",1335-11-10,"10",,"1"
"9882","1335",1335-11-15,"10",,"1"
"9883","1335",1335-11-16,"10",,"1"
"9884","1335",1335-11-29,"10",,"1"
"9885","1335",1335-12-23,"10",,"1"
"9886","1335",1335-12-30,"10",,"1"
"9887","1336",1336-01-02,"10",,"1"
"9888","1336",1336-01-03,"10",,"1"
"9889","1336",1336-01-04,"10",,"1"
"9890","1336",1336-01-05,"10",,"1"
"9891","1336",1336-01-06,"10",,"1"
"9892","1336",1336-01-08,"10",,"1"
"9893","1336",1336-01-09,"10",,"1"
"9894","1336",1336-01-10,"10",,"1"
"9895","1336",1336-01-11,"10",,"1"
"9896","1336",1336-01-12,"10",,"1"
"9897","1336",1336-01-13,"10",,"1"
"9898","1336",1336-01-15,"10",,"1"
"9899","1336",1336-01-16,"10",,"1"
"9900","1336",1336-01-17,"10",,"1"
"9901","1336",1336-01-18,"10",,"1"
"9902","1336",1336-01-19,"10",,"1"
"9903","1336",1336-01-20,"10",,"1"
"9904","1336",1336-01-21,"10",,"1"
"9905","1336",1336-01-22,"10",,"1"
"9906","1336",1336-01-23,"10",,"1"
"9907","1336",1336-01-24,"10",,"1"
"9908","1336",1336-01-26,"10",,"1"
"9909","1336",1336-01-27,"10",,"1"
"9910","1336",1336-01-28,"10",,"1"
"9911","1336",1336-01-29,"10",,"1"
"9912","1336",1336-01-31,"10",,"1"
"9913","1336",1336-02-01,"10",,"1"
"9914","1336",1336-02-02,"10",,"1"
"9915","1336",1336-02-03,"10",,"1"
"9916","1336",1336-02-04,"10",,"1"
"9917","1336",1336-02-05,"10",,"1"
"9918","1336",1336-02-06,"10",,"1"
"9919","1336",1336-02-07,"10",,"1"
"9920","1336",1336-02-08,"10",,"1"
"9921","1336",1336-02-09,"10",,"1"
"9922","1336",1336-02-10,"10",,"1"
"9923","1336",1336-02-12,"10",,"1"
"9924","1336",1336-02-13,"10",,"1"
"9925","1336",1336-02-14,"10",,"1"
"9926","1336",1336-02-15,"10",,"1"
"9927","1336",1336-02-16,"10",,"1"
"9928","1336",1336-02-17,"10",,"1"
"9929","1336",1336-02-18,"10",,"1"
"9930","1336",1336-02-19,"10",,"1"
"9931","1336",1336-02-20,"10",,"1"
"9932","1336",1336-02-21,"10",,"1"
"9933","1336",1336-02-22,"10",,"1"
"9934","1336",1336-02-23,"10",,"1"
"9935","1336",1336-02-24,"10",,"1"
"9936","1336",1336-02-25,"10",,"1"
"9937","1336",1336-02-26,"10",,"1"
"9938","1336",1336-02-27,"10",,"1"
"9939","1336",1336-02-28,"10",,"1"
"9940","1336",1336-02-29,"10",,"1"
"9941","1336",1336-03-01,"10",,"1"
"9942","1336",1336-03-02,"10",,"1"
"9943","1336",1336-03-03,"10",,"1"
"9944","1336",1336-03-04,"10",,"1"
"9945","1336",1336-03-05,"10",,"1"
"9946","1336",1336-03-06,"10",,"1"
"9947","1336",1336-03-07,"10",,"1"
"9948","1336",1336-03-08,"10",,"1"
"9949","1336",1336-03-09,"10",,"1"
"9950","1336",1336-03-10,"10",,"1"
"9951","1336",1336-03-11,"10",,"1"
"9952","1336",1336-03-13,"10",,"1"
"9953","1336",1336-03-16,"10",,"1"
"9954","1336",1336-03-18,"10",,"1"
"9955","1336",1336-03-19,"10",,"1"
"9956","1336",1336-03-20,"10",,"1"
"9957","1336",1336-03-21,"10",,"1"
"9958","1336",1336-03-22,"10",,"1"
"9959","1336",1336-03-23,"10",,"1"
"9960","1336",1336-03-25,"10",,"1"
"9961","1336",1336-03-26,"10",,"1"
"9962","1336",1336-03-27,"10",,"1"
"9963","1336",1336-03-28,"10",,"1"
"9964","1336",1336-03-29,"10",,"1"
"9965","1336",1336-03-30,"10",,"1"
"9966","1336",1336-04-01,"10",,"1"
"9967","1336",1336-04-02,"10",,"1"
"9968","1336",1336-04-03,"10",,"1"
"9969","1336",1336-04-04,"10",,"1"
"9970","1336",1336-04-05,"10",,"1"
"9971","1336",1336-04-06,"10",,"1"
"9972","1336",1336-04-07,"10",,"1"
"9973","1336",1336-04-08,"10",,"1"
"9974","1336",1336-04-09,"10",,"1"
"9975","1336",1336-04-12,"10",,"1"
"9976","1336",1336-04-13,"10",,"1"
"9977","1336",1336-04-16,"10",,"1"
"9978","1336",1336-04-18,"10",,"1"
"9979","1336",1336-04-19,"10",,"1"
"9980","1336",1336-04-20,"10",,"1"
"9981","1336",1336-04-21,"10",,"1"
"9982","1336",1336-04-22,"10",,"1"
"9983","1336",1336-04-23,"10",,"1"
"9984","1336",1336-04-24,"10",,"1"
"9985","1336",1336-04-25,"10",,"1"
"9986","1336",1336-04-26,"10",,"1"
"9987","1336",1336-04-27,"10",,"1"
"9988","1336",1336-04-28,"10",,"1"
"9989","1336",1336-04-29,"10",,"1"
"9990","1336",1336-04-30,"10",,"1"
"9991","1336",1336-05-02,"10",,"1"
"9992","1336",1336-05-03,"10",,"1"
"9993","1336",1336-05-04,"10",,"1"
"9994","1336",1336-05-05,"10",,"1"
"9995","1336",1336-05-06,"10",,"1"
"9996","1336",1336-05-07,"10",,"1"
"9997","1336",1336-05-08,"10",,"1"
"9998","1336",1336-05-09,"10",,"1"
"9999","1336",1336-05-10,"10",,"1"
"10000","1336",1336-05-11,"10",,"1"
"10001","1336",1336-05-12,"10",,"1"
"10002","1336",1336-05-13,"10",,"1"
"10003","1336",1336-05-14,"10",,"1"
"10004","1336",1336-05-15,"10",,"1"
"10005","1336",1336-05-16,"10",,"1"
"10006","1336",1336-05-17,"10",,"1"
"10007","1336",1336-05-18,"10",,"1"
"10008","1336",1336-05-21,"10",,"1"
"10009","1336",1336-05-22,"10",,"1"
"10010","1336",1336-05-23,"10",,"1"
"10011","1336",1336-05-25,"10",,"1"
"10012","1336",1336-05-27,"10",,"1"
"10013","1336",1336-05-28,"10",,"1"
"10014","1336",1336-05-29,"10",,"1"
"10015","1336",1336-05-31,"10",,"1"
"10016","1336",1336-06-01,"10",,"1"
"10017","1336",1336-06-03,"10",,"1"
"10018","1336",1336-06-04,"10",,"1"
"10019","1336",1336-06-07,"10",,"1"
"10020","1336",1336-06-08,"10",,"1"
"10021","1336",1336-06-10,"10",,"1"
"10022","1336",1336-06-11,"10",,"1"
"10023","1336",1336-06-12,"10",,"1"
"10024","1336",1336-06-13,"10",,"1"
"10025","1336",1336-06-14,"10",,"1"
"10026","1336",1336-06-15,"10",,"1"
"10027","1336",1336-06-16,"10",,"1"
"10028","1336",1336-06-17,"10",,"1"
"10029","1336",1336-06-18,"10",,"1"
"10030","1336",1336-06-19,"10",,"1"
"10031","1336",1336-06-20,"10",,"1"
"10032","1336",1336-06-21,"10",,"1"
"10033","1336",1336-06-22,"10",,"1"
"10034","1336",1336-06-23,"10",,"1"
"10035","1336",1336-06-24,"10",,"1"
"10036","1336",1336-06-25,"10",,"1"
"10037","1336",1336-06-26,"10",,"1"
"10038","1336",1336-06-27,"10",,"1"
"10039","1336",1336-06-28,"10",,"1"
"10040","1336",1336-07-01,"10",,"1"
"10041","1336",1336-07-02,"10",,"1"
"10042","1336",1336-07-03,"10",,"1"
"10043","1336",1336-07-04,"10",,"1"
"10044","1336",1336-07-06,"10",,"1"
"10045","1336",1336-07-09,"10",,"1"
"10046","1336",1336-07-11,"10",,"1"
"10047","1336",1336-07-12,"10",,"1"
"10048","1336",1336-07-13,"10",,"1"
"10049","1336",1336-07-15,"10",,"1"
"10050","1336",1336-07-17,"10",,"1"
"10051","1336",1336-07-19,"10",,"1"
"10052","1336",1336-07-20,"10",,"1"
"10053","1336",1336-07-23,"10",,"1"
"10054","1336",1336-07-24,"10",,"1"
"10055","1336",1336-07-26,"10",,"1"
"10056","1336",1336-07-27,"10",,"1"
"10057","1336",1336-08-02,"10",,"1"
"10058","1336",1336-08-03,"10",,"1"
"10059","1336",1336-08-04,"10",,"1"
"10060","1336",1336-08-05,"10",,"1"
"10061","1336",1336-08-06,"10",,"1"
"10062","1336",1336-08-07,"10",,"1"
"10063","1336",1336-08-08,"10",,"1"
"10064","1336",1336-08-09,"10",,"1"
"10065","1336",1336-08-10,"10",,"1"
"10066","1336",1336-08-11,"10",,"1"
"10067","1336",1336-08-12,"10",,"1"
"10068","1336",1336-08-13,"10",,"1"
"10069","1336",1336-08-14,"10",,"1"
"10070","1336",1336-08-22,"10",,"1"
"10071","1336",1336-08-23,"10",,"1"
"10072","1336",1336-08-24,"10",,"1"
"10073","1336",1336-08-25,"10",,"1"
"10074","1336",1336-08-26,"10",,"1"
"10075","1336",1336-08-27,"10",,"1"
"10076","1336",1336-08-28,"10",,"1"
"10077","1336",1336-08-29,"10",,"1"
"10078","1336",1336-08-30,"10",,"1"
"10079","1336",1336-08-31,"10",,"1"
"10080","1336",1336-09-02,"10",,"1"
"10081","1336",1336-09-03,"10",,"1"
"10082","1336",1336-09-04,"10",,"1"
"10083","1336",1336-09-05,"10",,"1"
"10084","1336",1336-09-06,"10",,"1"
"10085","1336",1336-09-07,"10",,"1"
"10086","1336",1336-09-08,"10",,"1"
"10087","1336",1336-09-09,"10",,"1"
"10088","1336",1336-09-10,"10",,"1"
"10089","1336",1336-09-11,"10",,"1"
"10090","1336",1336-09-12,"10",,"1"
"10091","1336",1336-09-13,"10",,"1"
"10092","1336",1336-09-14,"10",,"1"
"10093","1336",1336-09-15,"10",,"1"
"10094","1336",1336-09-16,"10",,"1"
"10095","1336",1336-09-17,"10",,"1"
"10096","1336",1336-09-18,"10",,"1"
"10097","1336",1336-09-19,"10",,"1"
"10098","1336",1336-09-20,"10",,"1"
"10099","1336",1336-09-21,"10",,"1"
"10100","1336",1336-09-22,"10",,"1"
"10101","1336",1336-09-23,"10",,"1"
"10102","1336",1336-09-24,"10",,"1"
"10103","1336",1336-09-25,"10",,"1"
"10104","1336",1336-09-27,"10",,"1"
"10105","1336",1336-09-28,"10",,"1"
"10106","1336",1336-09-30,"10",,"1"
"10107","1336",1336-10-03,"10",,"1"
"10108","1336",1336-10-05,"10",,"1"
"10109","1336",1336-10-06,"10",,"1"
"10110","1336",1336-10-07,"10",,"1"
"10111","1336",1336-10-08,"10",,"1"
"10112","1336",1336-10-09,"10",,"1"
"10113","1336",1336-10-10,"10",,"1"
"10114","1336",1336-10-11,"10",,"1"
"10115","1336",1336-10-12,"10",,"1"
"10116","1336",1336-10-14,"10",,"1"
"10117","1336",1336-10-16,"10",,"1"
"10118","1336",1336-10-17,"10",,"1"
"10119","1336",1336-10-19,"10",,"1"
"10120","1336",1336-10-22,"10",,"1"
"10121","1336",1336-10-23,"10",,"1"
"10122","1336",1336-10-24,"10",,"1"
"10123","1336",1336-10-26,"10",,"1"
"10124","1336",1336-10-29,"10",,"1"
"10125","1336",1336-10-30,"10",,"1"
"10126","1336",1336-10-31,"10",,"1"
"10127","1336",1336-11-02,"10",,"1"
"10128","1336",1336-11-04,"10",,"1"
"10129","1336",1336-11-05,"10",,"1"
"10130","1336",1336-11-12,"10",,"1"
"10131","1336",1336-11-13,"10",,"1"
"10132","1336",1336-11-15,"10",,"1"
"10133","1336",1336-11-16,"10",,"1"
"10134","1336",1336-11-19,"10",,"1"
"10135","1336",1336-11-20,"10",,"1"
"10136","1336",1336-11-21,"10",,"1"
"10137","1336",1336-11-22,"10",,"1"
"10138","1336",1336-11-26,"10",,"1"
"10139","1336",1336-11-27,"10",,"1"
"10140","1336",1336-11-28,"10",,"1"
"10141","1336",1336-11-29,"10",,"1"
"10142","1336",1336-11-30,"10",,"1"
"10143","1336",1336-12-02,"10",,"1"
"10144","1336",1336-12-03,"10",,"1"
"10145","1336",1336-12-04,"10",,"1"
"10146","1336",1336-12-05,"10",,"1"
"10147","1336",1336-12-06,"10",,"1"
"10148","1336",1336-12-07,"10",,"1"
"10149","1336",1336-12-08,"10",,"1"
"10150","1336",1336-12-09,"10",,"1"
"10151","1336",1336-12-10,"10",,"1"
"10152","1336",1336-12-11,"10",,"1"
"10153","1336",1336-12-12,"10",,"1"
"10154","1336",1336-12-13,"10",,"1"
"10155","1336",1336-12-14,"10",,"1"
"10156","1336",1336-12-15,"10",,"1"
"10157","1336",1336-12-16,"10",,"1"
"10158","1336",1336-12-17,"10",,"1"
"10159","1336",1336-12-18,"10",,"1"
"10160","1336",1336-12-19,"10",,"1"
"10161","1336",1336-12-20,"10",,"1"
"10162","1336",1336-12-21,"10",,"1"
"10163","1336",1336-12-22,"10",,"1"
"10164","1336",1336-12-23,"10",,"1"
"10165","1336",1336-12-24,"10",,"1"
"10166","1336",1336-12-25,"10",,"1"
"10167","1336",1336-12-26,"10",,"1"
"10168","1336",1336-12-27,"10",,"1"
"10169","1336",1336-12-28,"10",,"1"
"10170","1336",1336-12-29,"10",,"1"
"10171","1336",1336-12-30,"10",,"1"
"10172","1337",1337-07-01,"10",,"1"
"10173","1337",1337-07-02,"10",,"1"
"10174","1337",1337-07-03,"10",,"1"
"10175","1337",1337-07-04,"10",,"1"
"10176","1337",1337-07-05,"10",,"1"
"10177","1337",1337-07-07,"10",,"1"
"10178","1337",1337-07-08,"10",,"1"
"10179","1337",1337-07-09,"10",,"1"
"10180","1337",1337-07-10,"10",,"1"
"10181","1337",1337-07-11,"10",,"1"
"10182","1337",1337-07-12,"10",,"1"
"10183","1337",1337-07-13,"10",,"1"
"10184","1337",1337-07-14,"10",,"1"
"10185","1337",1337-07-15,"10",,"1"
"10186","1337",1337-07-16,"10",,"1"
"10187","1337",1337-07-17,"10",,"1"
"10188","1337",1337-07-18,"10",,"1"
"10189","1337",1337-07-19,"10",,"1"
"10190","1337",1337-07-20,"10",,"1"
"10191","1337",1337-07-21,"10",,"1"
"10192","1337",1337-07-22,"10",,"1"
"10193","1337",1337-07-23,"10",,"1"
"10194","1337",1337-07-24,"10",,"1"
"10195","1337",1337-07-25,"10",,"1"
"10196","1337",1337-07-26,"10",,"1"
"10197","1337",1337-07-28,"10",,"1"
"10198","1337",1337-07-29,"10",,"1"
"10199","1337",1337-07-30,"10",,"1"
"10200","1337",1337-07-31,"10",,"1"
"10201","1337",1337-08-01,"10",,"1"
"10202","1337",1337-08-02,"10",,"1"
"10203","1337",1337-08-03,"10",,"1"
"10204","1337",1337-08-04,"10",,"1"
"10205","1337",1337-08-05,"10",,"1"
"10206","1337",1337-08-06,"10",,"1"
"10207","1337",1337-08-08,"10",,"1"
"10208","1337",1337-08-09,"10",,"1"
"10209","1337",1337-08-11,"10",,"1"
"10210","1337",1337-08-12,"10",,"1"
"10211","1337",1337-08-13,"10",,"1"
"10212","1337",1337-08-14,"10",,"1"
"10213","1337",1337-08-15,"10",,"1"
"10214","1337",1337-08-16,"10",,"1"
"10215","1337",1337-08-17,"10",,"1"
"10216","1337",1337-08-18,"10",,"1"
"10217","1337",1337-08-20,"10",,"1"
"10218","1337",1337-08-21,"10",,"1"
"10219","1337",1337-08-22,"10",,"1"
"10220","1337",1337-08-23,"10",,"1"
"10221","1337",1337-08-24,"10",,"1"
"10222","1337",1337-08-25,"10",,"1"
"10223","1337",1337-08-26,"10",,"1"
"10224","1337",1337-08-27,"10",,"1"
"10225","1337",1337-08-28,"10",,"1"
"10226","1337",1337-08-29,"10",,"1"
"10227","1337",1337-08-30,"10",,"1"
"10228","1337",1337-08-31,"10",,"1"
"10229","1337",1337-09-01,"10",,"1"
"10230","1337",1337-09-02,"10",,"1"
"10231","1337",1337-09-03,"10",,"1"
"10232","1337",1337-09-04,"10",,"1"
"10233","1337",1337-09-05,"10",,"1"
"10234","1337",1337-09-06,"10",,"1"
"10235","1337",1337-09-07,"10",,"1"
"10236","1337",1337-09-08,"10",,"1"
"10237","1337",1337-09-09,"10",,"1"
"10238","1337",1337-09-10,"10",,"1"
"10239","1337",1337-09-11,"10",,"1"
"10240","1337",1337-09-12,"10",,"1"
"10241","1337",1337-09-13,"10",,"1"
"10242","1337",1337-09-14,"10",,"1"
"10243","1337",1337-09-15,"10",,"1"
"10244","1337",1337-09-16,"10",,"1"
"10245","1337",1337-09-17,"10",,"1"
"10246","1337",1337-09-18,"10",,"1"
"10247","1337",1337-09-19,"10",,"1"
"10248","1337",1337-09-20,"10",,"1"
"10249","1337",1337-09-21,"10",,"1"
"10250","1337",1337-09-22,"10",,"1"
"10251","1337",1337-09-23,"10",,"1"
"10252","1337",1337-09-24,"10",,"1"
"10253","1337",1337-09-25,"10",,"1"
"10254","1337",1337-09-26,"10",,"1"
"10255","1337",1337-09-27,"10",,"1"
"10256","1337",1337-09-30,"10",,"1"
"10257","1337",1337-10-01,"10",,"1"
"10258","1337",1337-10-02,"10",,"1"
"10259","1337",1337-10-03,"10",,"1"
"10260","1337",1337-10-04,"10",,"1"
"10261","1337",1337-10-05,"10",,"1"
"10262","1337",1337-10-06,"10",,"1"
"10263","1337",1337-10-07,"10",,"1"
"10264","1337",1337-10-08,"10",,"1"
"10265","1337",1337-10-09,"10",,"1"
"10266","1337",1337-10-10,"10",,"1"
"10267","1337",1337-10-11,"10",,"1"
"10268","1337",1337-10-12,"10",,"1"
"10269","1337",1337-10-13,"10",,"1"
"10270","1337",1337-10-14,"10",,"1"
"10271","1337",1337-10-15,"10",,"1"
"10272","1337",1337-10-16,"10",,"1"
"10273","1337",1337-10-17,"10",,"1"
"10274","1337",1337-10-20,"10",,"1"
"10275","1337",1337-10-21,"10",,"1"
"10276","1337",1337-10-22,"10",,"1"
"10277","1337",1337-10-23,"10",,"1"
"10278","1337",1337-10-24,"10",,"1"
"10279","1337",1337-10-25,"10",,"1"
"10280","1337",1337-10-27,"10",,"1"
"10281","1337",1337-10-28,"10",,"1"
"10282","1337",1337-10-29,"10",,"1"
"10283","1337",1337-10-30,"10",,"1"
"10284","1337",1337-11-01,"10",,"1"
"10285","1337",1337-11-02,"10",,"1"
"10286","1337",1337-11-03,"10",,"1"
"10287","1337",1337-11-04,"10",,"1"
"10288","1337",1337-11-05,"10",,"1"
"10289","1337",1337-11-06,"10",,"1"
"10290","1337",1337-11-07,"10",,"1"
"10291","1337",1337-11-08,"10",,"1"
"10292","1337",1337-11-09,"10",,"1"
"10293","1337",1337-11-10,"10",,"1"
"10294","1337",1337-11-11,"10",,"1"
"10295","1337",1337-11-12,"10",,"1"
"10296","1337",1337-11-13,"10",,"1"
"10297","1337",1337-11-14,"10",,"1"
"10298","1337",1337-11-15,"10",,"1"
"10299","1337",1337-11-17,"10",,"1"
"10300","1337",1337-11-18,"10",,"1"
"10301","1337",1337-11-19,"10",,"1"
"10302","1337",1337-11-20,"10",,"1"
"10303","1337",1337-11-21,"10",,"1"
"10304","1337",1337-11-22,"10",,"1"
"10305","1337",1337-11-24,"10",,"1"
"10306","1337",1337-11-26,"10",,"1"
"10307","1337",1337-11-27,"10",,"1"
"10308","1337",1337-11-28,"10",,"1"
"10309","1337",1337-11-29,"10",,"1"
"10310","1337",1337-12-02,"10",,"1"
"10311","1337",1337-12-03,"10",,"1"
"10312","1337",1337-12-04,"10",,"1"
"10313","1337",1337-12-05,"10",,"1"
"10314","1337",1337-12-06,"10",,"1"
"10315","1337",1337-12-07,"10",,"1"
"10316","1337",1337-12-08,"10",,"1"
"10317","1337",1337-12-09,"10",,"1"
"10318","1337",1337-12-10,"10",,"1"
"10319","1337",1337-12-11,"10",,"1"
"10320","1337",1337-12-12,"10",,"1"
"10321","1337",1337-12-13,"10",,"1"
"10322","1337",1337-12-14,"10",,"1"
"10323","1337",1337-12-15,"10",,"1"
"10324","1337",1337-12-16,"10",,"1"
"10325","1337",1337-12-17,"10",,"1"
"10326","1337",1337-12-18,"10",,"1"
"10327","1337",1337-12-19,"10",,"1"
"10328","1337",1337-12-20,"10",,"1"
"10329","1337",1337-12-21,"10",,"1"
"10330","1337",1337-12-22,"10",,"1"
"10331","1337",1337-12-23,"10",,"1"
"10332","1337",1337-12-24,"10",,"1"
"10333","1337",1337-12-25,"10",,"1"
"10334","1337",1337-12-26,"10",,"1"
"10335","1337",1337-12-27,"10",,"1"
"10336","1337",1337-12-28,"10",,"1"
"10337","1337",1337-12-29,"10",,"1"
"10338","1337",1337-12-30,"10",,"1"
"10339","1337",1337-12-31,"10",,"1"
"10340","1338",1338-01-01,"10",,"1"
"10341","1338",1338-01-02,"10",,"1"
"10342","1338",1338-01-03,"10",,"1"
"10343","1338",1338-01-04,"10",,"1"
"10344","1338",1338-01-05,"10",,"1"
"10345","1338",1338-01-07,"10",,"1"
"10346","1338",1338-01-09,"10",,"1"
"10347","1338",1338-01-10,"10",,"1"
"10348","1338",1338-01-12,"10",,"1"
"10349","1338",1338-01-13,"10",,"1"
"10350","1338",1338-01-14,"10",,"1"
"10351","1338",1338-01-15,"10",,"1"
"10352","1338",1338-01-17,"10",,"1"
"10353","1338",1338-01-18,"10",,"1"
"10354","1338",1338-01-20,"10",,"1"
"10355","1338",1338-01-21,"10",,"1"
"10356","1338",1338-01-22,"10",,"1"
"10357","1338",1338-01-23,"10",,"1"
"10358","1338",1338-01-24,"10",,"1"
"10359","1338",1338-01-25,"10",,"1"
"10360","1338",1338-01-26,"10",,"1"
"10361","1338",1338-01-27,"10",,"1"
"10362","1338",1338-01-28,"10",,"1"
"10363","1338",1338-01-29,"10",,"1"
"10364","1338",1338-01-30,"10",,"1"
"10365","1338",1338-01-31,"10",,"1"
"10366","1338",1338-02-01,"10",,"1"
"10367","1338",1338-02-02,"10",,"1"
"10368","1338",1338-02-03,"10",,"1"
"10369","1338",1338-02-04,"10",,"1"
"10370","1338",1338-02-05,"10",,"1"
"10371","1338",1338-02-06,"10",,"1"
"10372","1338",1338-02-07,"10",,"1"
"10373","1338",1338-02-08,"10",,"1"
"10374","1338",1338-02-09,"10",,"1"
"10375","1338",1338-02-10,"10",,"1"
"10376","1338",1338-02-11,"10",,"1"
"10377","1338",1338-02-12,"10",,"1"
"10378","1338",1338-02-13,"10",,"1"
"10379","1338",1338-02-14,"10",,"1"
"10380","1338",1338-02-15,"10",,"1"
"10381","1338",1338-02-16,"10",,"1"
"10382","1338",1338-02-17,"10",,"1"
"10383","1338",1338-02-18,"10",,"1"
"10384","1338",1338-02-19,"10",,"1"
"10385","1338",1338-02-20,"10",,"1"
"10386","1338",1338-02-21,"10",,"1"
"10387","1338",1338-02-22,"10",,"1"
"10388","1338",1338-02-23,"10",,"1"
"10389","1338",1338-02-24,"10",,"1"
"10390","1338",1338-02-25,"10",,"1"
"10391","1338",1338-02-26,"10",,"1"
"10392","1338",1338-02-27,"10",,"1"
"10393","1338",1338-02-28,"10",,"1"
"10394","1338",1338-03-01,"10",,"1"
"10395","1338",1338-03-02,"10",,"1"
"10396","1338",1338-03-03,"10",,"1"
"10397","1338",1338-03-04,"10",,"1"
"10398","1338",1338-03-05,"10",,"1"
"10399","1338",1338-03-06,"10",,"1"
"10400","1338",1338-03-07,"10",,"1"
"10401","1338",1338-03-08,"10",,"1"
"10402","1338",1338-03-09,"10",,"1"
"10403","1338",1338-03-10,"10",,"1"
"10404","1338",1338-03-11,"10",,"1"
"10405","1338",1338-03-12,"10",,"1"
"10406","1338",1338-03-13,"10",,"1"
"10407","1338",1338-03-14,"10",,"1"
"10408","1338",1338-03-16,"10",,"1"
"10409","1338",1338-03-17,"10",,"1"
"10410","1338",1338-03-18,"10",,"1"
"10411","1338",1338-03-19,"10",,"1"
"10412","1338",1338-03-20,"10",,"1"
"10413","1338",1338-03-21,"10",,"1"
"10414","1338",1338-03-22,"10",,"1"
"10415","1338",1338-03-23,"10",,"1"
"10416","1338",1338-03-24,"10",,"1"
"10417","1338",1338-03-26,"10",,"1"
"10418","1338",1338-03-28,"10",,"1"
"10419","1338",1338-03-29,"10",,"1"
"10420","1338",1338-03-30,"10",,"1"
"10421","1338",1338-03-31,"10",,"1"
"10422","1338",1338-04-01,"10",,"1"
"10423","1338",1338-04-02,"10",,"1"
"10424","1338",1338-04-03,"10",,"1"
"10425","1338",1338-04-04,"10",,"1"
"10426","1338",1338-04-05,"10",,"1"
"10427","1338",1338-04-06,"10",,"1"
"10428","1338",1338-04-07,"10",,"1"
"10429","1338",1338-04-08,"10",,"1"
"10430","1338",1338-04-09,"10",,"1"
"10431","1338",1338-04-11,"10",,"1"
"10432","1338",1338-04-15,"10",,"1"
"10433","1338",1338-04-16,"10",,"1"
"10434","1338",1338-04-17,"10",,"1"
"10435","1338",1338-04-18,"10",,"1"
"10436","1338",1338-04-19,"10",,"1"
"10437","1338",1338-04-20,"10",,"1"
"10438","1338",1338-04-21,"10",,"1"
"10439","1338",1338-04-22,"10",,"1"
"10440","1338",1338-04-23,"10",,"1"
"10441","1338",1338-04-24,"10",,"1"
"10442","1338",1338-04-25,"10",,"1"
"10443","1338",1338-04-27,"10",,"1"
"10444","1338",1338-04-28,"10",,"1"
"10445","1338",1338-04-29,"10",,"1"
"10446","1338",1338-04-30,"10",,"1"
"10447","1338",1338-05-01,"10",,"1"
"10448","1338",1338-05-02,"10",,"1"
"10449","1338",1338-05-04,"10",,"1"
"10450","1338",1338-05-05,"10",,"1"
"10451","1338",1338-05-06,"10",,"1"
"10452","1338",1338-05-07,"10",,"1"
"10453","1338",1338-05-08,"10",,"1"
"10454","1338",1338-05-09,"10",,"1"
"10455","1338",1338-05-11,"10",,"1"
"10456","1338",1338-05-12,"10",,"1"
"10457","1338",1338-05-13,"10",,"1"
"10458","1338",1338-05-14,"10",,"1"
"10459","1338",1338-05-15,"10",,"1"
"10460","1338",1338-05-16,"10",,"1"
"10461","1338",1338-05-17,"10",,"1"
"10462","1338",1338-05-18,"10",,"1"
"10463","1338",1338-05-19,"10",,"1"
"10464","1338",1338-05-20,"10",,"1"
"10465","1338",1338-05-22,"10",,"1"
"10466","1338",1338-05-23,"10",,"1"
"10467","1338",1338-05-24,"10",,"1"
"10468","1338",1338-05-25,"10",,"1"
"10469","1338",1338-05-26,"10",,"1"
"10470","1338",1338-05-27,"10",,"1"
"10471","1338",1338-05-28,"10",,"1"
"10472","1338",1338-05-29,"10",,"1"
"10473","1338",1338-05-30,"10",,"1"
"10474","1338",1338-06-03,"10",,"1"
"10475","1338",1338-06-04,"10",,"1"
"10476","1338",1338-06-05,"10",,"1"
"10477","1338",1338-06-06,"10",,"1"
"10478","1338",1338-06-08,"10",,"1"
"10479","1338",1338-06-09,"10",,"1"
"10480","1338",1338-06-10,"10",,"1"
"10481","1338",1338-06-11,"10",,"1"
"10482","1338",1338-06-12,"10",,"1"
"10483","1338",1338-06-13,"10",,"1"
"10484","1338",1338-06-15,"10",,"1"
"10485","1338",1338-06-16,"10",,"1"
"10486","1338",1338-06-17,"10",,"1"
"10487","1338",1338-06-18,"10",,"1"
"10488","1338",1338-06-19,"10",,"1"
"10489","1338",1338-06-20,"10",,"1"
"10490","1338",1338-06-22,"10",,"1"
"10491","1338",1338-06-23,"10",,"1"
"10492","1338",1338-06-25,"10",,"1"
"10493","1338",1338-06-26,"10",,"1"
"10494","1338",1338-06-27,"10",,"1"
"10495","1338",1338-06-30,"10",,"1"
"10496","1338",1338-07-01,"10",,"1"
"10497","1338",1338-07-02,"10",,"1"
"10498","1338",1338-07-03,"10",,"1"
"10499","1338",1338-07-04,"10",,"1"
"10500","1338",1338-07-05,"10",,"1"
"10501","1338",1338-07-06,"10",,"1"
"10502","1338",1338-07-07,"10",,"1"
"10503","1338",1338-07-08,"10",,"1"
"10504","1338",1338-07-09,"10",,"1"
"10505","1338",1338-07-10,"10",,"1"
"10506","1338",1338-07-11,"10",,"1"
"10507","1338",1338-07-12,"10",,"1"
"10508","1338",1338-07-13,"10",,"1"
"10509","1338",1338-07-14,"10",,"1"
"10510","1338",1338-07-15,"10",,"1"
"10511","1338",1338-07-16,"10",,"1"
"10512","1338",1338-07-17,"10",,"1"
"10513","1338",1338-07-18,"10",,"1"
"10514","1338",1338-07-19,"10",,"1"
"10515","1338",1338-07-20,"10",,"1"
"10516","1338",1338-07-21,"10",,"1"
"10517","1338",1338-07-22,"10",,"1"
"10518","1338",1338-07-23,"10",,"1"
"10519","1338",1338-07-24,"10",,"1"
"10520","1338",1338-07-27,"10",,"1"
"10521","1338",1338-07-28,"10",,"1"
"10522","1338",1338-07-29,"10",,"1"
"10523","1338",1338-07-30,"10",,"1"
"10524","1338",1338-07-31,"10",,"1"
"10525","1338",1338-08-03,"10",,"1"
"10526","1338",1338-08-04,"10",,"1"
"10527","1338",1338-08-05,"10",,"1"
"10528","1338",1338-08-06,"10",,"1"
"10529","1338",1338-08-07,"10",,"1"
"10530","1338",1338-08-08,"10",,"1"
"10531","1338",1338-08-11,"10",,"1"
"10532","1338",1338-08-12,"10",,"1"
"10533","1338",1338-08-13,"10",,"1"
"10534","1338",1338-08-14,"10",,"1"
"10535","1338",1338-08-15,"10",,"1"
"10536","1338",1338-08-16,"10",,"1"
"10537","1338",1338-08-17,"10",,"1"
"10538","1338",1338-08-18,"10",,"1"
"10539","1338",1338-08-19,"10",,"1"
"10540","1338",1338-08-20,"10",,"1"
"10541","1338",1338-08-21,"10",,"1"
"10542","1338",1338-08-22,"10",,"1"
"10543","1338",1338-08-25,"10",,"1"
"10544","1338",1338-08-26,"10",,"1"
"10545","1338",1338-08-27,"10",,"1"
"10546","1338",1338-08-28,"10",,"1"
"10547","1338",1338-08-29,"10",,"1"
"10548","1338",1338-08-31,"10",,"1"
"10549","1338",1338-09-01,"10",,"1"
"10550","1338",1338-09-02,"10",,"1"
"10551","1338",1338-09-03,"10",,"1"
"10552","1338",1338-09-04,"10",,"1"
"10553","1338",1338-09-05,"10",,"1"
"10554","1338",1338-09-07,"10",,"1"
"10555","1338",1338-09-08,"10",,"1"
"10556","1338",1338-09-09,"10",,"1"
"10557","1338",1338-09-10,"10",,"1"
"10558","1338",1338-09-11,"10",,"1"
"10559","1338",1338-09-12,"10",,"1"
"10560","1338",1338-09-15,"10",,"1"
"10561","1338",1338-09-16,"10",,"1"
"10562","1338",1338-09-17,"10",,"1"
"10563","1338",1338-09-19,"10",,"1"
"10564","1338",1338-09-20,"10",,"1"
"10565","1338",1338-09-21,"10",,"1"
"10566","1338",1338-09-22,"10",,"1"
"10567","1338",1338-09-23,"10",,"1"
"10568","1338",1338-09-24,"10",,"1"
"10569","1338",1338-09-25,"10",,"1"
"10570","1338",1338-09-26,"10",,"1"
"10571","1338",1338-09-27,"10",,"1"
"10572","1338",1338-09-28,"10",,"1"
"10573","1338",1338-09-29,"10",,"1"
"10574","1338",1338-09-30,"10",,"1"
"10575","1338",1338-10-01,"10",,"1"
"10576","1338",1338-10-02,"10",,"1"
"10577","1338",1338-10-03,"10",,"1"
"10578","1338",1338-10-04,"10",,"1"
"10579","1338",1338-10-05,"10",,"1"
"10580","1338",1338-10-06,"10",,"1"
"10581","1338",1338-10-07,"10",,"1"
"10582","1338",1338-10-08,"10",,"1"
"10583","1338",1338-10-09,"10",,"1"
"10584","1338",1338-10-10,"10",,"1"
"10585","1338",1338-10-11,"10",,"1"
"10586","1338",1338-10-12,"10",,"1"
"10587","1338",1338-10-13,"10",,"1"
"10588","1338",1338-10-14,"10",,"1"
"10589","1338",1338-10-15,"10",,"1"
"10590","1338",1338-10-16,"10",,"1"
"10591","1338",1338-10-17,"10",,"1"
"10592","1338",1338-10-18,"10",,"1"
"10593","1338",1338-10-19,"10",,"1"
"10594","1338",1338-10-20,"10",,"1"
"10595","1338",1338-10-21,"10",,"1"
"10596","1338",1338-10-22,"10",,"1"
"10597","1338",1338-10-23,"10",,"1"
"10598","1338",1338-10-24,"10",,"1"
"10599","1338",1338-10-25,"10",,"1"
"10600","1338",1338-10-26,"10",,"1"
"10601","1338",1338-10-27,"10",,"1"
"10602","1338",1338-10-28,"10",,"1"
"10603","1338",1338-10-29,"10",,"1"
"10604","1338",1338-10-30,"10",,"1"
"10605","1338",1338-10-31,"10",,"1"
"10606","1338",1338-11-01,"10",,"1"
"10607","1338",1338-11-02,"10",,"1"
"10608","1338",1338-11-03,"10",,"1"
"10609","1338",1338-11-04,"10",,"1"
"10610","1338",1338-11-05,"10",,"1"
"10611","1338",1338-11-06,"10",,"1"
"10612","1338",1338-11-07,"10",,"1"
"10613","1338",1338-11-10,"10",,"1"
"10614","1338",1338-11-12,"10",,"1"
"10615","1338",1338-11-13,"10",,"1"
"10616","1338",1338-11-14,"10",,"1"
"10617","1338",1338-11-15,"10",,"1"
"10618","1338",1338-11-16,"10",,"1"
"10619","1338",1338-11-17,"10",,"1"
"10620","1338",1338-11-18,"10",,"1"
"10621","1338",1338-11-19,"10",,"1"
"10622","1338",1338-11-20,"10",,"1"
"10623","1338",1338-11-21,"10",,"1"
"10624","1338",1338-11-22,"10",,"1"
"10625","1338",1338-11-23,"10",,"1"
"10626","1338",1338-11-24,"10",,"1"
"10627","1338",1338-11-25,"10",,"1"
"10628","1338",1338-11-26,"10",,"1"
"10629","1338",1338-11-27,"10",,"1"
"10630","1338",1338-11-28,"10",,"1"
"10631","1338",1338-11-29,"10",,"1"
"10632","1338",1338-12-02,"10",,"1"
"10633","1338",1338-12-03,"10",,"1"
"10634","1338",1338-12-04,"10",,"1"
"10635","1338",1338-12-05,"10",,"1"
"10636","1338",1338-12-07,"10",,"1"
"10637","1338",1338-12-08,"10",,"1"
"10638","1338",1338-12-09,"10",,"1"
"10639","1338",1338-12-10,"10",,"1"
"10640","1338",1338-12-11,"10",,"1"
"10641","1338",1338-12-12,"10",,"1"
"10642","1338",1338-12-13,"10",,"1"
"10643","1338",1338-12-14,"10",,"1"
"10644","1338",1338-12-15,"10",,"1"
"10645","1338",1338-12-16,"10",,"1"
"10646","1338",1338-12-17,"10",,"1"
"10647","1338",1338-12-18,"10",,"1"
"10648","1338",1338-12-19,"10",,"1"
"10649","1338",1338-12-20,"10",,"1"
"10650","1338",1338-12-22,"10",,"1"
"10651","1338",1338-12-23,"10",,"1"
"10652","1338",1338-12-24,"10",,"1"
"10653","1338",1338-12-25,"10",,"1"
"10654","1338",1338-12-26,"10",,"1"
"10655","1338",1338-12-27,"10",,"1"
"10656","1338",1338-12-28,"10",,"1"
"10657","1338",1338-12-29,"10",,"1"
"10658","1338",1338-12-30,"10",,"1"
"10659","1338",1338-12-31,"10",,"1"
"10660","1339",1339-01-02,"10",,"1"
"10661","1339",1339-01-03,"10",,"1"
"10662","1339",1339-01-04,"10",,"1"
"10663","1339",1339-01-05,"10",,"1"
"10664","1339",1339-01-06,"10",,"1"
"10665","1339",1339-01-07,"10",,"1"
"10666","1339",1339-01-08,"10",,"1"
"10667","1339",1339-01-09,"10",,"1"
"10668","1339",1339-01-10,"10",,"1"
"10669","1339",1339-01-11,"10",,"1"
"10670","1339",1339-01-12,"10",,"1"
"10671","1339",1339-01-13,"10",,"1"
"10672","1339",1339-01-14,"10",,"1"
"10673","1339",1339-01-15,"10",,"1"
"10674","1339",1339-01-16,"10",,"1"
"10675","1339",1339-01-17,"10",,"1"
"10676","1339",1339-01-18,"10",,"1"
"10677","1339",1339-01-19,"10",,"1"
"10678","1339",1339-01-20,"10",,"1"
"10679","1339",1339-01-21,"10",,"1"
"10680","1339",1339-01-22,"10",,"1"
"10681","1339",1339-01-23,"10",,"1"
"10682","1339",1339-01-26,"10",,"1"
"10683","1339",1339-01-29,"10",,"1"
"10684","1339",1339-01-30,"10",,"1"
"10685","1339",1339-02-02,"10",,"1"
"10686","1339",1339-02-04,"10",,"1"
"10687","1339",1339-02-06,"10",,"1"
"10688","1339",1339-02-08,"10",,"1"
"10689","1339",1339-02-09,"10",,"1"
"10690","1339",1339-02-10,"10",,"1"
"10691","1339",1339-02-11,"10",,"1"
"10692","1339",1339-02-12,"10",,"1"
"10693","1339",1339-02-13,"10",,"1"
"10694","1339",1339-02-14,"10",,"1"
"10695","1339",1339-02-15,"10",,"1"
"10696","1339",1339-02-16,"10",,"1"
"10697","1339",1339-02-17,"10",,"1"
"10698","1339",1339-02-18,"10",,"1"
"10699","1339",1339-02-19,"10",,"1"
"10700","1339",1339-02-20,"10",,"1"
"10701","1339",1339-02-23,"10",,"1"
"10702","1339",1339-02-25,"10",,"1"
"10703","1339",1339-02-26,"10",,"1"
"10704","1339",1339-02-27,"10",,"1"
"10705","1339",1339-03-01,"10",,"1"
"10706","1339",1339-03-02,"10",,"1"
"10707","1339",1339-03-03,"10",,"1"
"10708","1339",1339-03-04,"10",,"1"
"10709","1339",1339-03-05,"10",,"1"
"10710","1339",1339-03-06,"10",,"1"
"10711","1339",1339-03-08,"10",,"1"
"10712","1339",1339-03-10,"10",,"1"
"10713","1339",1339-03-11,"10",,"1"
"10714","1339",1339-03-13,"10",,"1"
"10715","1339",1339-03-14,"10",,"1"
"10716","1339",1339-03-15,"10",,"1"
"10717","1339",1339-03-16,"10",,"1"
"10718","1339",1339-03-17,"10",,"1"
"10719","1339",1339-03-18,"10",,"1"
"10720","1339",1339-03-19,"10",,"1"
"10721","1339",1339-03-20,"10",,"1"
"10722","1339",1339-03-22,"10",,"1"
"10723","1339",1339-03-24,"10",,"1"
"10724","1339",1339-03-27,"10",,"1"
"10725","1339",1339-03-31,"10",,"1"
"10726","1339",1339-04-01,"10",,"1"
"10727","1339",1339-04-02,"10",,"1"
"10728","1339",1339-04-03,"10",,"1"
"10729","1339",1339-04-05,"10",,"1"
"10730","1339",1339-04-06,"10",,"1"
"10731","1339",1339-04-07,"10",,"1"
"10732","1339",1339-04-08,"10",,"1"
"10733","1339",1339-04-09,"10",,"1"
"10734","1339",1339-04-10,"10",,"1"
"10735","1339",1339-04-11,"10",,"1"
"10736","1339",1339-04-12,"10",,"1"
"10737","1339",1339-04-13,"10",,"1"
"10738","1339",1339-04-14,"10",,"1"
"10739","1339",1339-04-15,"10",,"1"
"10740","1339",1339-04-16,"10",,"1"
"10741","1339",1339-04-17,"10",,"1"
"10742","1339",1339-04-18,"10",,"1"
"10743","1339",1339-04-19,"10",,"1"
"10744","1339",1339-04-20,"10",,"1"
"10745","1339",1339-04-21,"10",,"1"
"10746","1339",1339-04-22,"10",,"1"
"10747","1339",1339-04-23,"10",,"1"
"10748","1339",1339-04-24,"10",,"1"
"10749","1339",1339-04-25,"10",,"1"
"10750","1339",1339-04-28,"10",,"1"
"10751","1339",1339-04-30,"10",,"1"
"10752","1339",1339-05-01,"10",,"1"
"10753","1339",1339-05-04,"10",,"1"
"10754","1339",1339-05-05,"10",,"1"
"10755","1339",1339-05-07,"10",,"1"
"10756","1339",1339-05-08,"10",,"1"
"10757","1339",1339-05-10,"10",,"1"
"10758","1339",1339-05-11,"10",,"1"
"10759","1339",1339-05-12,"10",,"1"
"10760","1339",1339-05-13,"10",,"1"
"10761","1339",1339-05-14,"10",,"1"
"10762","1339",1339-05-17,"10",,"1"
"10763","1339",1339-05-19,"10",,"1"
"10764","1339",1339-05-21,"10",,"1"
"10765","1339",1339-05-22,"10",,"1"
"10766","1339",1339-05-24,"10",,"1"
"10767","1339",1339-05-25,"10",,"1"
"10768","1339",1339-05-26,"10",,"1"
"10769","1339",1339-05-29,"10",,"1"
"10770","1339",1339-05-31,"10",,"1"
"10771","1339",1339-06-01,"10",,"1"
"10772","1339",1339-06-02,"10",,"1"
"10773","1339",1339-06-03,"10",,"1"
"10774","1339",1339-06-04,"10",,"1"
"10775","1339",1339-06-05,"10",,"1"
"10776","1339",1339-06-12,"10",,"1"
"10777","1339",1339-06-14,"10",,"1"
"10778","1339",1339-06-15,"10",,"1"
"10779","1339",1339-06-16,"10",,"1"
"10780","1339",1339-06-17,"10",,"1"
"10781","1339",1339-06-18,"10",,"1"
"10782","1339",1339-06-19,"10",,"1"
"10783","1339",1339-06-20,"10",,"1"
"10784","1339",1339-06-21,"10",,"1"
"10785","1339",1339-06-22,"10",,"1"
"10786","1339",1339-06-23,"10",,"1"
"10787","1339",1339-06-24,"10",,"1"
"10788","1339",1339-06-25,"10",,"1"
"10789","1339",1339-06-28,"10",,"1"
"10790","1339",1339-06-30,"10",,"1"
"10791","1339",1339-07-02,"10",,"1"
"10792","1339",1339-07-03,"10",,"1"
"10793","1339",1339-07-05,"10",,"1"
"10794","1339",1339-07-06,"10",,"1"
"10795","1339",1339-07-07,"10",,"1"
"10796","1339",1339-07-08,"10",,"1"
"10797","1339",1339-07-09,"10",,"1"
"10798","1339",1339-07-10,"10",,"1"
"10799","1339",1339-07-12,"10",,"1"
"10800","1339",1339-07-14,"10",,"1"
"10801","1339",1339-07-15,"10",,"1"
"10802","1339",1339-07-16,"10",,"1"
"10803","1339",1339-07-17,"10",,"1"
"10804","1339",1339-07-18,"10",,"1"
"10805","1339",1339-07-19,"10",,"1"
"10806","1339",1339-07-20,"10",,"1"
"10807","1339",1339-07-21,"10",,"1"
"10808","1339",1339-07-22,"10",,"1"
"10809","1339",1339-07-23,"10",,"1"
"10810","1339",1339-07-24,"10",,"1"
"10811","1339",1339-07-25,"10",,"1"
"10812","1339",1339-07-26,"10",,"1"
"10813","1339",1339-07-27,"10",,"1"
"10814","1339",1339-07-28,"10",,"1"
"10815","1339",1339-08-02,"10",,"1"
"10816","1339",1339-08-03,"10",,"1"
"10817","1339",1339-08-04,"10",,"1"
"10818","1339",1339-08-05,"10",,"1"
"10819","1339",1339-08-06,"10",,"1"
"10820","1339",1339-08-07,"10",,"1"
"10821","1339",1339-08-09,"10",,"1"
"10822","1339",1339-08-10,"10",,"1"
"10823","1339",1339-08-11,"10",,"1"
"10824","1339",1339-08-12,"10",,"1"
"10825","1339",1339-08-13,"10",,"1"
"10826","1339",1339-08-14,"10",,"1"
"10827","1339",1339-08-16,"10",,"1"
"10828","1339",1339-08-18,"10",,"1"
"10829","1339",1339-08-20,"10",,"1"
"10830","1339",1339-08-21,"10",,"1"
"10831","1339",1339-08-22,"10",,"1"
"10832","1339",1339-08-23,"10",,"1"
"10833","1339",1339-08-25,"10",,"1"
"10834","1339",1339-08-26,"10",,"1"
"10835","1339",1339-08-27,"10",,"1"
"10836","1339",1339-08-28,"10",,"1"
"10837","1339",1339-08-30,"10",,"1"
"10838","1339",1339-08-31,"10",,"1"
"10839","1339",1339-09-01,"10",,"1"
"10840","1339",1339-09-02,"10",,"1"
"10841","1339",1339-09-03,"10",,"1"
"10842","1339",1339-09-04,"10",,"1"
"10843","1339",1339-09-05,"10",,"1"
"10844","1339",1339-09-06,"10",,"1"
"10845","1339",1339-09-07,"10",,"1"
"10846","1339",1339-09-08,"10",,"1"
"10847","1339",1339-09-09,"10",,"1"
"10848","1339",1339-09-10,"10",,"1"
"10849","1339",1339-09-11,"10",,"1"
"10850","1339",1339-09-13,"10",,"1"
"10851","1339",1339-09-14,"10",,"1"
"10852","1339",1339-09-15,"10",,"1"
"10853","1339",1339-09-16,"10",,"1"
"10854","1339",1339-09-17,"10",,"1"
"10855","1339",1339-09-18,"10",,"1"
"10856","1339",1339-09-19,"10",,"1"
"10857","1339",1339-09-20,"10",,"1"
"10858","1339",1339-09-23,"10",,"1"
"10859","1339",1339-09-24,"10",,"1"
"10860","1339",1339-09-25,"10",,"1"
"10861","1339",1339-09-26,"10",,"1"
"10862","1339",1339-09-27,"10",,"1"
"10863","1339",1339-09-28,"10",,"1"
"10864","1339",1339-09-29,"10",,"1"
"10865","1339",1339-09-30,"10",,"1"
"10866","1339",1339-10-01,"10",,"1"
"10867","1339",1339-10-02,"10",,"1"
"10868","1339",1339-10-05,"10",,"1"
"10869","1339",1339-10-06,"10",,"1"
"10870","1339",1339-10-07,"10",,"1"
"10871","1339",1339-10-08,"10",,"1"
"10872","1339",1339-10-09,"10",,"1"
"10873","1339",1339-10-11,"10",,"1"
"10874","1339",1339-10-13,"10",,"1"
"10875","1339",1339-10-14,"10",,"1"
"10876","1339",1339-10-18,"10",,"1"
"10877","1339",1339-10-19,"10",,"1"
"10878","1339",1339-10-20,"10",,"1"
"10879","1339",1339-10-22,"10",,"1"
"10880","1339",1339-10-23,"10",,"1"
"10881","1339",1339-10-24,"10",,"1"
"10882","1339",1339-10-25,"10",,"1"
"10883","1339",1339-10-26,"10",,"1"
"10884","1339",1339-10-27,"10",,"1"
"10885","1339",1339-10-28,"10",,"1"
"10886","1339",1339-10-29,"10",,"1"
"10887","1339",1339-10-30,"10",,"1"
"10888","1339",1339-11-01,"10",,"1"
"10889","1339",1339-11-02,"10",,"1"
"10890","1339",1339-11-03,"10",,"1"
"10891","1339",1339-11-04,"10",,"1"
"10892","1339",1339-11-06,"10",,"1"
"10893","1339",1339-11-08,"10",,"1"
"10894","1339",1339-11-10,"10",,"1"
"10895","1339",1339-11-12,"10",,"1"
"10896","1339",1339-11-13,"10",,"1"
"10897","1339",1339-11-15,"10",,"1"
"10898","1339",1339-11-16,"10",,"1"
"10899","1339",1339-11-17,"10",,"1"
"10900","1339",1339-11-18,"10",,"1"
"10901","1339",1339-11-19,"10",,"1"
"10902","1339",1339-11-20,"10",,"1"
"10903","1339",1339-11-22,"10",,"1"
"10904","1339",1339-11-24,"10",,"1"
"10905","1339",1339-11-25,"10",,"1"
"10906","1339",1339-11-26,"10",,"1"
"10907","1339",1339-11-27,"10",,"1"
"10908","1339",1339-11-29,"10",,"1"
"10909","1339",1339-11-30,"10",,"1"
"10910","1339",1339-12-01,"10",,"1"
"10911","1339",1339-12-02,"10",,"1"
"10912","1339",1339-12-03,"10",,"1"
"10913","1339",1339-12-04,"10",,"1"
"10914","1339",1339-12-06,"10",,"1"
"10915","1339",1339-12-07,"10",,"1"
"10916","1339",1339-12-08,"10",,"1"
"10917","1339",1339-12-10,"10",,"1"
"10918","1339",1339-12-11,"10",,"1"
"10919","1339",1339-12-12,"10",,"1"
"10920","1339",1339-12-13,"10",,"1"
"10921","1339",1339-12-14,"10",,"1"
"10922","1339",1339-12-15,"10",,"1"
"10923","1339",1339-12-16,"10",,"1"
"10924","1339",1339-12-17,"10",,"1"
"10925","1339",1339-12-18,"10",,"1"
"10926","1339",1339-12-19,"10",,"1"
"10927","1339",1339-12-20,"10",,"1"
"10928","1339",1339-12-21,"10",,"1"
"10929","1339",1339-12-22,"10",,"1"
"10930","1339",1339-12-23,"10",,"1"
"10931","1339",1339-12-24,"10",,"1"
"10932","1339",1339-12-27,"10",,"1"
"10933","1339",1339-12-28,"10",,"1"
"10934","1339",1339-12-29,"10",,"1"
"10935","1339",1339-12-30,"10",,"1"
"10936","1339",1339-12-31,"10",,"1"
"10937","1340",1340-01-01,"10",,"1"
"10938","1340",1340-01-02,"10",,"1"
"10939","1340",1340-01-03,"10",,"1"
"10940","1340",1340-01-04,"10",,"1"
"10941","1340",1340-01-05,"10",,"1"
"10942","1340",1340-01-06,"10",,"1"
"10943","1340",1340-01-07,"10",,"1"
"10944","1340",1340-01-08,"10",,"1"
"10945","1340",1340-01-10,"10",,"1"
"10946","1340",1340-01-11,"10",,"1"
"10947","1340",1340-01-14,"10",,"1"
"10948","1340",1340-01-15,"10",,"1"
"10949","1340",1340-01-16,"10",,"1"
"10950","1340",1340-01-17,"10",,"1"
"10951","1340",1340-01-18,"10",,"1"
"10952","1340",1340-01-19,"10",,"1"
"10953","1340",1340-01-20,"10",,"1"
"10954","1340",1340-01-22,"10",,"1"
"10955","1340",1340-01-24,"10",,"1"
"10956","1340",1340-01-26,"10",,"1"
"10957","1340",1340-01-27,"10",,"1"
"10958","1340",1340-01-28,"10",,"1"
"10959","1340",1340-01-29,"10",,"1"
"10960","1340",1340-01-31,"10",,"1"
"10961","1340",1340-02-01,"10",,"1"
"10962","1340",1340-02-04,"10",,"1"
"10963","1340",1340-02-05,"10",,"1"
"10964","1340",1340-02-06,"10",,"1"
"10965","1340",1340-02-07,"10",,"1"
"10966","1340",1340-02-08,"10",,"1"
"10967","1340",1340-02-09,"10",,"1"
"10968","1340",1340-02-10,"10",,"1"
"10969","1340",1340-02-11,"10",,"1"
"10970","1340",1340-02-12,"10",,"1"
"10971","1340",1340-02-15,"10",,"1"
"10972","1340",1340-02-26,"10",,"1"
"10973","1340",1340-02-27,"10",,"1"
"10974","1340",1340-02-28,"10",,"1"
"10975","1340",1340-03-01,"10",,"1"
"10976","1340",1340-03-02,"10",,"1"
"10977","1340",1340-03-03,"10",,"1"
"10978","1340",1340-03-04,"10",,"1"
"10979","1340",1340-03-06,"10",,"1"
"10980","1340",1340-03-08,"10",,"1"
"10981","1340",1340-03-09,"10",,"1"
"10982","1340",1340-03-10,"10",,"1"
"10983","1340",1340-03-11,"10",,"1"
"10984","1340",1340-03-12,"10",,"1"
"10985","1340",1340-03-13,"10",,"1"
"10986","1340",1340-03-14,"10",,"1"
"10987","1340",1340-03-15,"10",,"1"
"10988","1340",1340-03-16,"10",,"1"
"10989","1340",1340-03-17,"10",,"1"
"10990","1340",1340-03-18,"10",,"1"
"10991","1340",1340-03-19,"10",,"1"
"10992","1340",1340-03-20,"10",,"1"
"10993","1340",1340-03-21,"10",,"1"
"10994","1340",1340-03-22,"10",,"1"
"10995","1340",1340-03-23,"10",,"1"
"10996","1340",1340-03-24,"10",,"1"
"10997","1340",1340-03-25,"10",,"1"
"10998","1340",1340-03-26,"10",,"1"
"10999","1340",1340-03-27,"10",,"1"
"11000","1340",1340-03-28,"10",,"1"
"11001","1340",1340-03-29,"10",,"1"
"11002","1340",1340-03-30,"10",,"1"
"11003","1340",1340-03-31,"10",,"1"
"11004","1340",1340-04-01,"10",,"1"
"11005","1340",1340-04-02,"10",,"1"
"11006","1340",1340-04-03,"10",,"1"
"11007","1340",1340-04-04,"10",,"1"
"11008","1340",1340-04-05,"10",,"1"
"11009","1340",1340-04-06,"10",,"1"
"11010","1340",1340-04-07,"10",,"1"
"11011","1340",1340-04-08,"10",,"1"
"11012","1340",1340-04-09,"10",,"1"
"11013","1340",1340-04-10,"10",,"1"
"11014","1340",1340-04-11,"10",,"1"
"11015","1340",1340-04-12,"10",,"1"
"11016","1340",1340-04-15,"10",,"1"
"11017","1340",1340-04-20,"10",,"1"
"11018","1340",1340-04-21,"10",,"1"
"11019","1340",1340-04-22,"10",,"1"
"11020","1340",1340-04-26,"10",,"1"
"11021","1340",1340-04-28,"10",,"1"
"11022","1340",1340-04-29,"10",,"1"
"11023","1340",1340-05-02,"10",,"1"
"11024","1340",1340-05-03,"10",,"1"
"11025","1340",1340-05-04,"10",,"1"
"11026","1340",1340-05-05,"10",,"1"
"11027","1340",1340-05-06,"10",,"1"
"11028","1340",1340-05-08,"10",,"1"
"11029","1340",1340-05-18,"10",,"1"
"11030","1340",1340-05-19,"10",,"1"
"11031","1340",1340-05-20,"10",,"1"
"11032","1340",1340-05-22,"10",,"1"
"11033","1340",1340-05-23,"10",,"1"
"11034","1340",1340-05-29,"10",,"1"
"11035","1340",1340-05-30,"10",,"1"
"11036","1340",1340-05-31,"10",,"1"
"11037","1340",1340-06-01,"10",,"1"
"11038","1340",1340-06-03,"10",,"1"
"11039","1340",1340-06-08,"10",,"1"
"11040","1340",1340-06-17,"10",,"1"
"11041","1340",1340-06-21,"10",,"1"
"11042","1340",1340-06-22,"10",,"1"
"11043","1340",1340-06-23,"10",,"1"
"11044","1340",1340-06-24,"10",,"1"
"11045","1340",1340-06-25,"10",,"1"
"11046","1340",1340-06-26,"10",,"1"
"11047","1340",1340-06-27,"10",,"1"
"11048","1340",1340-06-28,"10",,"1"
"11049","1340",1340-06-30,"10",,"1"
"11050","1341",1341-07-04,"10",,"1"
"11051","1341",1341-07-06,"10",,"1"
"11052","1341",1341-07-07,"10",,"1"
"11053","1341",1341-07-08,"10",,"1"
"11054","1341",1341-07-09,"10",,"1"
"11055","1341",1341-07-10,"10",,"1"
"11056","1341",1341-07-11,"10",,"1"
"11057","1341",1341-07-12,"10",,"1"
"11058","1341",1341-07-13,"10",,"1"
"11059","1341",1341-07-14,"10",,"1"
"11060","1341",1341-07-16,"10",,"1"
"11061","1341",1341-07-17,"10",,"1"
"11062","1341",1341-07-18,"10",,"1"
"11063","1341",1341-07-19,"10",,"1"
"11064","1341",1341-07-20,"10",,"1"
"11065","1341",1341-07-21,"10",,"1"
"11066","1341",1341-07-22,"10",,"1"
"11067","1341",1341-07-23,"10",,"1"
"11068","1341",1341-07-24,"10",,"1"
"11069","1341",1341-07-25,"10",,"1"
"11070","1341",1341-07-26,"10",,"1"
"11071","1341",1341-07-27,"10",,"1"
"11072","1341",1341-07-28,"10",,"1"
"11073","1341",1341-07-29,"10",,"1"
"11074","1341",1341-07-30,"10",,"1"
"11075","1341",1341-07-31,"10",,"1"
"11076","1341",1341-08-01,"10",,"1"
"11077","1341",1341-08-02,"10",,"1"
"11078","1341",1341-08-03,"10",,"1"
"11079","1341",1341-08-04,"10",,"1"
"11080","1341",1341-08-06,"10",,"1"
"11081","1341",1341-08-07,"10",,"1"
"11082","1341",1341-08-08,"10",,"1"
"11083","1341",1341-08-09,"10",,"1"
"11084","1341",1341-08-10,"10",,"1"
"11085","1341",1341-08-11,"10",,"1"
"11086","1341",1341-08-13,"10",,"1"
"11087","1341",1341-08-14,"10",,"1"
"11088","1341",1341-08-15,"10",,"1"
"11089","1341",1341-08-16,"10",,"1"
"11090","1341",1341-08-17,"10",,"1"
"11091","1341",1341-08-18,"10",,"1"
"11092","1341",1341-08-21,"10",,"1"
"11093","1341",1341-08-22,"10",,"1"
"11094","1341",1341-08-23,"10",,"1"
"11095","1341",1341-08-25,"10",,"1"
"11096","1341",1341-08-30,"10",,"1"
"11097","1341",1341-08-31,"10",,"1"
"11098","1341",1341-09-01,"10",,"1"
"11099","1341",1341-09-02,"10",,"1"
"11100","1341",1341-09-03,"10",,"1"
"11101","1341",1341-09-04,"10",,"1"
"11102","1341",1341-09-05,"10",,"1"
"11103","1341",1341-09-06,"10",,"1"
"11104","1341",1341-09-07,"10",,"1"
"11105","1341",1341-09-10,"10",,"1"
"11106","1341",1341-09-11,"10",,"1"
"11107","1341",1341-09-12,"10",,"1"
"11108","1341",1341-09-13,"10",,"1"
"11109","1341",1341-09-15,"10",,"1"
"11110","1341",1341-09-18,"10",,"1"
"11111","1341",1341-09-19,"10",,"1"
"11112","1341",1341-09-20,"10",,"1"
"11113","1341",1341-09-22,"10",,"1"
"11114","1341",1341-09-24,"10",,"1"
"11115","1341",1341-09-25,"10",,"1"
"11116","1341",1341-09-26,"10",,"1"
"11117","1341",1341-09-27,"10",,"1"
"11118","1341",1341-09-28,"10",,"1"
"11119","1341",1341-10-02,"10",,"1"
"11120","1341",1341-10-03,"10",,"1"
"11121","1341",1341-10-04,"10",,"1"
"11122","1341",1341-10-05,"10",,"1"
"11123","1341",1341-10-06,"10",,"1"
"11124","1341",1341-10-08,"10",,"1"
"11125","1341",1341-10-09,"10",,"1"
"11126","1341",1341-10-10,"10",,"1"
"11127","1341",1341-10-11,"10",,"1"
"11128","1341",1341-10-12,"10",,"1"
"11129","1341",1341-10-13,"10",,"1"
"11130","1341",1341-10-14,"10",,"1"
"11131","1341",1341-10-15,"10",,"1"
"11132","1341",1341-10-16,"10",,"1"
"11133","1341",1341-10-17,"10",,"1"
"11134","1341",1341-10-18,"10",,"1"
"11135","1341",1341-10-19,"10",,"1"
"11136","1341",1341-10-20,"10",,"1"
"11137","1341",1341-10-21,"10",,"1"
"11138","1341",1341-10-22,"10",,"1"
"11139","1341",1341-10-23,"10",,"1"
"11140","1341",1341-10-24,"10",,"1"
"11141","1341",1341-10-25,"10",,"1"
"11142","1341",1341-10-26,"10",,"1"
"11143","1341",1341-10-27,"10",,"1"
"11144","1341",1341-10-28,"10",,"1"
"11145","1341",1341-10-29,"10",,"1"
"11146","1341",1341-10-31,"10",,"1"
"11147","1341",1341-11-02,"10",,"1"
"11148","1341",1341-11-03,"10",,"1"
"11149","1341",1341-11-04,"10",,"1"
"11150","1341",1341-11-05,"10",,"1"
"11151","1341",1341-11-06,"10",,"1"
"11152","1341",1341-11-07,"10",,"1"
"11153","1341",1341-11-08,"10",,"1"
"11154","1341",1341-11-09,"10",,"1"
"11155","1341",1341-11-10,"10",,"1"
"11156","1341",1341-11-11,"10",,"1"
"11157","1341",1341-11-12,"10",,"1"
"11158","1341",1341-11-13,"10",,"1"
"11159","1341",1341-11-14,"10",,"1"
"11160","1341",1341-11-15,"10",,"1"
"11161","1341",1341-11-16,"10",,"1"
"11162","1341",1341-11-17,"10",,"1"
"11163","1341",1341-11-18,"10",,"1"
"11164","1341",1341-11-19,"10",,"1"
"11165","1341",1341-11-20,"10",,"1"
"11166","1341",1341-11-21,"10",,"1"
"11167","1341",1341-11-22,"10",,"1"
"11168","1341",1341-11-24,"10",,"1"
"11169","1341",1341-11-27,"10",,"1"
"11170","1341",1341-11-28,"10",,"1"
"11171","1341",1341-11-29,"10",,"1"
"11172","1341",1341-12-04,"10",,"1"
"11173","1341",1341-12-05,"10",,"1"
"11174","1341",1341-12-06,"10",,"1"
"11175","1341",1341-12-07,"10",,"1"
"11176","1341",1341-12-08,"10",,"1"
"11177","1341",1341-12-09,"10",,"1"
"11178","1341",1341-12-10,"10",,"1"
"11179","1341",1341-12-11,"10",,"1"
"11180","1341",1341-12-12,"10",,"1"
"11181","1341",1341-12-13,"10",,"1"
"11182","1341",1341-12-14,"10",,"1"
"11183","1341",1341-12-15,"10",,"1"
"11184","1341",1341-12-16,"10",,"1"
"11185","1341",1341-12-17,"10",,"1"
"11186","1341",1341-12-18,"10",,"1"
"11187","1341",1341-12-19,"10",,"1"
"11188","1341",1341-12-20,"10",,"1"
"11189","1341",1341-12-21,"10",,"1"
"11190","1341",1341-12-22,"10",,"1"
"11191","1341",1341-12-23,"10",,"1"
"11192","1341",1341-12-24,"10",,"1"
"11193","1341",1341-12-25,"10",,"1"
"11194","1341",1341-12-26,"10",,"1"
"11195","1341",1341-12-27,"10",,"1"
"11196","1341",1341-12-28,"10",,"1"
"11197","1341",1341-12-29,"10",,"1"
"11198","1341",1341-12-31,"10",,"1"
"11199","1342",1342-01-01,"10",,"1"
"11200","1342",1342-01-02,"10",,"1"
"11201","1342",1342-01-03,"10",,"1"
"11202","1342",1342-01-04,"10",,"1"
"11203","1342",1342-01-05,"10",,"1"
"11204","1342",1342-01-07,"10",,"1"
"11205","1342",1342-01-08,"10",,"1"
"11206","1342",1342-01-09,"10",,"1"
"11207","1342",1342-01-10,"10",,"1"
"11208","1342",1342-01-11,"10",,"1"
"11209","1342",1342-01-12,"10",,"1"
"11210","1342",1342-01-14,"10",,"1"
"11211","1342",1342-01-15,"10",,"1"
"11212","1342",1342-01-16,"10",,"1"
"11213","1342",1342-01-17,"10",,"1"
"11214","1342",1342-01-18,"10",,"1"
"11215","1342",1342-01-19,"10",,"1"
"11216","1342",1342-01-20,"10",,"1"
"11217","1342",1342-01-21,"10",,"1"
"11218","1342",1342-01-22,"10",,"1"
"11219","1342",1342-01-23,"10",,"1"
"11220","1342",1342-01-24,"10",,"1"
"11221","1342",1342-01-25,"10",,"1"
"11222","1342",1342-01-26,"10",,"1"
"11223","1342",1342-01-27,"10",,"1"
"11224","1342",1342-01-28,"10",,"1"
"11225","1342",1342-01-29,"10",,"1"
"11226","1342",1342-01-30,"10",,"1"
"11227","1342",1342-01-31,"10",,"1"
"11228","1342",1342-02-01,"10",,"1"
"11229","1342",1342-02-02,"10",,"1"
"11230","1342",1342-02-03,"10",,"1"
"11231","1342",1342-02-04,"10",,"1"
"11232","1342",1342-02-05,"10",,"1"
"11233","1342",1342-02-06,"10",,"1"
"11234","1342",1342-02-07,"10",,"1"
"11235","1342",1342-02-08,"10",,"1"
"11236","1342",1342-02-09,"10",,"1"
"11237","1342",1342-02-10,"10",,"1"
"11238","1342",1342-02-11,"10",,"1"
"11239","1342",1342-02-12,"10",,"1"
"11240","1342",1342-02-13,"10",,"1"
"11241","1342",1342-02-14,"10",,"1"
"11242","1342",1342-02-15,"10",,"1"
"11243","1342",1342-02-16,"10",,"1"
"11244","1342",1342-02-17,"10",,"1"
"11245","1342",1342-02-18,"10",,"1"
"11246","1342",1342-02-19,"10",,"1"
"11247","1342",1342-02-20,"10",,"1"
"11248","1342",1342-02-21,"10",,"1"
"11249","1342",1342-02-22,"10",,"1"
"11250","1342",1342-02-23,"10",,"1"
"11251","1342",1342-02-25,"10",,"1"
"11252","1342",1342-02-26,"10",,"1"
"11253","1342",1342-02-27,"10",,"1"
"11254","1342",1342-02-28,"10",,"1"
"11255","1342",1342-03-01,"10",,"1"
"11256","1342",1342-03-02,"10",,"1"
"11257","1342",1342-03-03,"10",,"1"
"11258","1342",1342-03-04,"10",,"1"
"11259","1342",1342-03-05,"10",,"1"
"11260","1342",1342-03-06,"10",,"1"
"11261","1342",1342-03-07,"10",,"1"
"11262","1342",1342-03-08,"10",,"1"
"11263","1342",1342-03-09,"10",,"1"
"11264","1342",1342-03-11,"10",,"1"
"11265","1342",1342-03-13,"10",,"1"
"11266","1342",1342-03-14,"10",,"1"
"11267","1342",1342-03-15,"10",,"1"
"11268","1342",1342-03-16,"10",,"1"
"11269","1342",1342-03-17,"10",,"1"
"11270","1342",1342-03-18,"10",,"1"
"11271","1342",1342-03-19,"10",,"1"
"11272","1342",1342-03-20,"10",,"1"
"11273","1342",1342-03-21,"10",,"1"
"11274","1342",1342-03-22,"10",,"1"
"11275","1342",1342-03-23,"10",,"1"
"11276","1342",1342-03-24,"10",,"1"
"11277","1342",1342-03-25,"10",,"1"
"11278","1342",1342-03-26,"10",,"1"
"11279","1342",1342-03-27,"10",,"1"
"11280","1342",1342-03-28,"10",,"1"
"11281","1342",1342-03-29,"10",,"1"
"11282","1342",1342-03-30,"10",,"1"
"11283","1342",1342-03-31,"10",,"1"
"11284","1342",1342-04-01,"10",,"1"
"11285","1342",1342-04-02,"10",,"1"
"11286","1342",1342-04-03,"10",,"1"
"11287","1342",1342-04-04,"10",,"1"
"11288","1342",1342-04-05,"10",,"1"
"11289","1342",1342-04-06,"10",,"1"
"11290","1342",1342-04-08,"10",,"1"
"11291","1342",1342-04-09,"10",,"1"
"11292","1342",1342-04-10,"10",,"1"
"11293","1342",1342-04-11,"10",,"1"
"11294","1342",1342-04-12,"10",,"1"
"11295","1342",1342-04-13,"10",,"1"
"11296","1342",1342-04-15,"10",,"1"
"11297","1342",1342-04-16,"10",,"1"
"11298","1342",1342-04-17,"10",,"1"
"11299","1342",1342-04-18,"10",,"1"
"11300","1342",1342-04-19,"10",,"1"
"11301","1342",1342-04-20,"10",,"1"
"11302","1342",1342-04-21,"10",,"1"
"11303","1342",1342-04-22,"10",,"1"
"11304","1342",1342-04-23,"10",,"1"
"11305","1342",1342-04-24,"10",,"1"
"11306","1342",1342-04-25,"10",,"1"
"11307","1342",1342-04-26,"10",,"1"
"11308","1342",1342-04-27,"10",,"1"
"11309","1342",1342-04-28,"10",,"1"
"11310","1342",1342-04-29,"10",,"1"
"11311","1342",1342-04-30,"10",,"1"
"11312","1342",1342-05-01,"10",,"1"
"11313","1342",1342-05-02,"10",,"1"
"11314","1342",1342-05-03,"10",,"1"
"11315","1342",1342-05-04,"10",,"1"
"11316","1342",1342-05-05,"10",,"1"
"11317","1342",1342-05-06,"10",,"1"
"11318","1342",1342-05-07,"10",,"1"
"11319","1342",1342-05-08,"10",,"1"
"11320","1342",1342-05-10,"10",,"1"
"11321","1342",1342-05-11,"10",,"1"
"11322","1342",1342-05-13,"10",,"1"
"11323","1342",1342-05-14,"10",,"1"
"11324","1342",1342-05-15,"10",,"1"
"11325","1342",1342-05-16,"10",,"1"
"11326","1342",1342-05-17,"10",,"1"
"11327","1342",1342-05-18,"10",,"1"
"11328","1342",1342-05-22,"10",,"1"
"11329","1342",1342-05-23,"10",,"1"
"11330","1342",1342-05-24,"10",,"1"
"11331","1342",1342-05-25,"10",,"1"
"11332","1342",1342-05-27,"10",,"1"
"11333","1342",1342-05-29,"10",,"1"
"11334","1342",1342-05-30,"10",,"1"
"11335","1342",1342-05-31,"10",,"1"
"11336","1342",1342-06-01,"10",,"1"
"11337","1342",1342-06-02,"10",,"1"
"11338","1342",1342-06-03,"10",,"1"
"11339","1342",1342-06-04,"10",,"1"
"11340","1342",1342-06-05,"10",,"1"
"11341","1342",1342-06-06,"10",,"1"
"11342","1342",1342-06-07,"10",,"1"
"11343","1342",1342-06-08,"10",,"1"
"11344","1342",1342-06-10,"10",,"1"
"11345","1342",1342-06-11,"10",,"1"
"11346","1342",1342-06-12,"10",,"1"
"11347","1342",1342-06-13,"10",,"1"
"11348","1342",1342-06-14,"10",,"1"
"11349","1342",1342-06-15,"10",,"1"
"11350","1342",1342-06-16,"10",,"1"
"11351","1342",1342-06-17,"10",,"1"
"11352","1342",1342-06-18,"10",,"1"
"11353","1342",1342-06-19,"10",,"1"
"11354","1342",1342-06-20,"10",,"1"
"11355","1342",1342-06-21,"10",,"1"
"11356","1342",1342-06-22,"10",,"1"
"11357","1342",1342-06-23,"10",,"1"
"11358","1342",1342-06-24,"10",,"1"
"11359","1342",1342-06-25,"10",,"1"
"11360","1342",1342-06-26,"10",,"1"
"11361","1342",1342-06-27,"10",,"1"
"11362","1342",1342-06-28,"10",,"1"
"11363","1342",1342-06-29,"10",,"1"
"11364","1342",1342-06-30,"10",,"1"
"11365","1343",1343-01-01,"10",,"1"
"11366","1343",1343-01-02,"10",,"1"
"11367","1343",1343-01-03,"10",,"1"
"11368","1343",1343-01-04,"10",,"1"
"11369","1343",1343-01-07,"10",,"1"
"11370","1343",1343-01-08,"10",,"1"
"11371","1343",1343-01-09,"10",,"1"
"11372","1343",1343-01-10,"10",,"1"
"11373","1343",1343-01-11,"10",,"1"
"11374","1343",1343-01-12,"10",,"1"
"11375","1343",1343-01-13,"10",,"1"
"11376","1343",1343-01-14,"10",,"1"
"11377","1343",1343-01-15,"10",,"1"
"11378","1343",1343-01-16,"10",,"1"
"11379","1343",1343-01-17,"10",,"1"
"11380","1343",1343-01-18,"10",,"1"
"11381","1343",1343-01-20,"10",,"1"
"11382","1343",1343-01-22,"10",,"1"
"11383","1343",1343-01-23,"10",,"1"
"11384","1343",1343-01-24,"10",,"1"
"11385","1343",1343-01-25,"10",,"1"
"11386","1343",1343-01-27,"10",,"1"
"11387","1343",1343-01-28,"10",,"1"
"11388","1343",1343-01-29,"10",,"1"
"11389","1343",1343-01-30,"10",,"1"
"11390","1343",1343-01-31,"10",,"1"
"11391","1343",1343-02-01,"10",,"1"
"11392","1343",1343-02-03,"10",,"1"
"11393","1343",1343-02-04,"10",,"1"
"11394","1343",1343-02-06,"10",,"1"
"11395","1343",1343-02-07,"10",,"1"
"11396","1343",1343-02-08,"10",,"1"
"11397","1343",1343-02-09,"10",,"1"
"11398","1343",1343-02-10,"10",,"1"
"11399","1343",1343-02-11,"10",,"1"
"11400","1343",1343-02-12,"10",,"1"
"11401","1343",1343-02-13,"10",,"1"
"11402","1343",1343-02-14,"10",,"1"
"11403","1343",1343-02-15,"10",,"1"
"11404","1343",1343-02-16,"10",,"1"
"11405","1343",1343-02-17,"10",,"1"
"11406","1343",1343-02-18,"10",,"1"
"11407","1343",1343-02-19,"10",,"1"
"11408","1343",1343-02-20,"10",,"1"
"11409","1343",1343-02-21,"10",,"1"
"11410","1343",1343-02-22,"10",,"1"
"11411","1343",1343-02-23,"10",,"1"
"11412","1343",1343-02-24,"10",,"1"
"11413","1343",1343-02-25,"10",,"1"
"11414","1343",1343-02-26,"10",,"1"
"11415","1343",1343-02-27,"10",,"1"
"11416","1343",1343-02-28,"10",,"1"
"11417","1343",1343-03-01,"10",,"1"
"11418","1343",1343-03-02,"10",,"1"
"11419","1343",1343-03-03,"10",,"1"
"11420","1343",1343-03-04,"10",,"1"
"11421","1343",1343-03-05,"10",,"1"
"11422","1343",1343-03-06,"10",,"1"
"11423","1343",1343-03-07,"10",,"1"
"11424","1343",1343-03-08,"10",,"1"
"11425","1343",1343-03-09,"10",,"1"
"11426","1343",1343-03-10,"10",,"1"
"11427","1343",1343-03-11,"10",,"1"
"11428","1343",1343-03-12,"10",,"1"
"11429","1343",1343-03-13,"10",,"1"
"11430","1343",1343-03-14,"10",,"1"
"11431","1343",1343-03-15,"10",,"1"
"11432","1343",1343-03-16,"10",,"1"
"11433","1343",1343-03-17,"10",,"1"
"11434","1343",1343-03-18,"10",,"1"
"11435","1343",1343-03-19,"10",,"1"
"11436","1343",1343-03-20,"10",,"1"
"11437","1343",1343-03-22,"10",,"1"
"11438","1343",1343-03-23,"10",,"1"
"11439","1343",1343-03-24,"10",,"1"
"11440","1343",1343-03-25,"10",,"1"
"11441","1343",1343-03-26,"10",,"1"
"11442","1343",1343-03-27,"10",,"1"
"11443","1343",1343-03-28,"10",,"1"
"11444","1343",1343-03-29,"10",,"1"
"11445","1343",1343-03-30,"10",,"1"
"11446","1343",1343-03-31,"10",,"1"
"11447","1343",1343-04-01,"10",,"1"
"11448","1343",1343-04-02,"10",,"1"
"11449","1343",1343-04-03,"10",,"1"
"11450","1343",1343-04-04,"10",,"1"
"11451","1343",1343-04-05,"10",,"1"
"11452","1343",1343-04-06,"10",,"1"
"11453","1343",1343-04-07,"10",,"1"
"11454","1343",1343-04-08,"10",,"1"
"11455","1343",1343-04-09,"10",,"1"
"11456","1343",1343-04-10,"10",,"1"
"11457","1343",1343-04-11,"10",,"1"
"11458","1343",1343-04-12,"10",,"1"
"11459","1343",1343-04-16,"10",,"1"
"11460","1343",1343-04-17,"10",,"1"
"11461","1343",1343-04-18,"10",,"1"
"11462","1343",1343-04-19,"10",,"1"
"11463","1343",1343-04-20,"10",,"1"
"11464","1343",1343-04-21,"10",,"1"
"11465","1343",1343-04-22,"10",,"1"
"11466","1343",1343-04-23,"10",,"1"
"11467","1343",1343-04-24,"10",,"1"
"11468","1343",1343-04-25,"10",,"1"
"11469","1343",1343-04-26,"10",,"1"
"11470","1343",1343-04-27,"10",,"1"
"11471","1343",1343-04-28,"10",,"1"
"11472","1343",1343-04-29,"10",,"1"
"11473","1343",1343-04-30,"10",,"1"
"11474","1343",1343-05-02,"10",,"1"
"11475","1343",1343-05-03,"10",,"1"
"11476","1343",1343-05-04,"10",,"1"
"11477","1343",1343-05-05,"10",,"1"
"11478","1343",1343-05-06,"10",,"1"
"11479","1343",1343-05-07,"10",,"1"
"11480","1343",1343-05-08,"10",,"1"
"11481","1343",1343-05-09,"10",,"1"
"11482","1343",1343-05-10,"10",,"1"
"11483","1343",1343-05-12,"10",,"1"
"11484","1343",1343-05-13,"10",,"1"
"11485","1343",1343-05-14,"10",,"1"
"11486","1343",1343-05-15,"10",,"1"
"11487","1343",1343-05-16,"10",,"1"
"11488","1343",1343-05-17,"10",,"1"
"11489","1343",1343-05-18,"10",,"1"
"11490","1343",1343-05-19,"10",,"1"
"11491","1343",1343-05-20,"10",,"1"
"11492","1343",1343-05-21,"10",,"1"
"11493","1343",1343-05-23,"10",,"1"
"11494","1343",1343-05-24,"10",,"1"
"11495","1343",1343-05-26,"10",,"1"
"11496","1343",1343-05-27,"10",,"1"
"11497","1343",1343-05-28,"10",,"1"
"11498","1343",1343-05-29,"10",,"1"
"11499","1343",1343-05-30,"10",,"1"
"11500","1343",1343-05-31,"10",,"1"
"11501","1343",1343-06-04,"10",,"1"
"11502","1343",1343-06-05,"10",,"1"
"11503","1343",1343-06-06,"10",,"1"
"11504","1343",1343-06-07,"10",,"1"
"11505","1343",1343-06-08,"10",,"1"
"11506","1343",1343-06-09,"10",,"1"
"11507","1343",1343-06-10,"10",,"1"
"11508","1343",1343-06-11,"10",,"1"
"11509","1343",1343-06-12,"10",,"1"
"11510","1343",1343-06-13,"10",,"1"
"11511","1343",1343-06-14,"10",,"1"
"11512","1343",1343-06-16,"10",,"1"
"11513","1343",1343-06-17,"10",,"1"
"11514","1343",1343-06-18,"10",,"1"
"11515","1343",1343-06-19,"10",,"1"
"11516","1343",1343-06-20,"10",,"1"
"11517","1343",1343-06-21,"10",,"1"
"11518","1343",1343-06-24,"10",,"1"
"11519","1343",1343-06-25,"10",,"1"
"11520","1343",1343-06-27,"10",,"1"
"11521","1343",1343-06-28,"10",,"1"
"11522","1343",1343-06-29,"10",,"1"
"11523","1343",1343-06-30,"10",,"1"
"11524","1343",1343-07-01,"10",,"1"
"11525","1343",1343-07-02,"10",,"1"
"11526","1343",1343-07-07,"10",,"1"
"11527","1343",1343-07-10,"10",,"1"
"11528","1343",1343-07-14,"10",,"1"
"11529","1343",1343-07-16,"10",,"1"
"11530","1343",1343-07-24,"10",,"1"
"11531","1343",1343-07-26,"10",,"1"
"11532","1343",1343-08-02,"10",,"1"
"11533","1343",1343-08-06,"10",,"1"
"11534","1343",1343-08-09,"10",,"1"
"11535","1343",1343-08-12,"10",,"1"
"11536","1343",1343-08-13,"10",,"1"
"11537","1343",1343-08-14,"10",,"1"
"11538","1343",1343-08-18,"10",,"1"
"11539","1343",1343-08-23,"10",,"1"
"11540","1343",1343-08-26,"10",,"1"
"11541","1343",1343-08-29,"10",,"1"
"11542","1343",1343-09-03,"10",,"1"
"11543","1343",1343-09-11,"10",,"1"
"11544","1343",1343-09-12,"10",,"1"
"11545","1343",1343-09-16,"10",,"1"
"11546","1343",1343-09-22,"10",,"1"
"11547","1343",1343-09-24,"10",,"1"
"11548","1343",1343-09-27,"10",,"1"
"11549","1343",1343-09-30,"10",,"1"
"11550","1343",1343-10-09,"10",,"1"
"11551","1343",1343-10-13,"10",,"1"
"11552","1343",1343-10-15,"10",,"1"
"11553","1343",1343-10-18,"10",,"1"
"11554","1343",1343-10-20,"10",,"1"
"11555","1343",1343-10-22,"10",,"1"
"11556","1343",1343-10-23,"10",,"1"
"11557","1343",1343-10-24,"10",,"1"
"11558","1343",1343-10-25,"10",,"1"
"11559","1343",1343-10-27,"10",,"1"
"11560","1343",1343-10-31,"10",,"1"
"11561","1343",1343-11-03,"10",,"1"
"11562","1343",1343-11-04,"10",,"1"
"11563","1343",1343-11-05,"10",,"1"
"11564","1343",1343-11-07,"10",,"1"
"11565","1343",1343-11-10,"10",,"1"
"11566","1343",1343-11-15,"10",,"1"
"11567","1343",1343-11-17,"10",,"1"
"11568","1343",1343-11-18,"10",,"1"
"11569","1343",1343-11-20,"10",,"1"
"11570","1343",1343-11-22,"10",,"1"
"11571","1343",1343-11-24,"10",,"1"
"11572","1343",1343-11-26,"10",,"1"
"11573","1343",1343-11-27,"10",,"1"
"11574","1343",1343-12-02,"10",,"1"
"11575","1343",1343-12-04,"10",,"1"
"11576","1343",1343-12-05,"10",,"1"
"11577","1343",1343-12-08,"10",,"1"
"11578","1343",1343-12-09,"10",,"1"
"11579","1343",1343-12-10,"10",,"1"
"11580","1343",1343-12-11,"10",,"1"
"11581","1343",1343-12-16,"10",,"1"
"11582","1343",1343-12-18,"10",,"1"
"11583","1343",1343-12-20,"10",,"1"
"11584","1343",1343-12-22,"10",,"1"
"11585","1343",1343-12-24,"10",,"1"
"11586","1343",1343-12-29,"10",,"1"
"11587","1343",1343-12-30,"10",,"1"
"11588","1343",1343-12-31,"10",,"1"
"11589","1344",1344-01-02,"10",,"1"
"11590","1344",1344-01-03,"10",,"1"
"11591","1344",1344-01-04,"10",,"1"
"11592","1344",1344-01-05,"10",,"1"
"11593","1344",1344-01-06,"10",,"1"
"11594","1344",1344-01-07,"10",,"1"
"11595","1344",1344-01-08,"10",,"1"
"11596","1344",1344-01-09,"10",,"1"
"11597","1344",1344-01-10,"10",,"1"
"11598","1344",1344-01-11,"10",,"1"
"11599","1344",1344-01-12,"10",,"1"
"11600","1344",1344-01-13,"10",,"1"
"11601","1344",1344-01-14,"10",,"1"
"11602","1344",1344-01-15,"10",,"1"
"11603","1344",1344-01-16,"10",,"1"
"11604","1344",1344-01-17,"10",,"1"
"11605","1344",1344-01-18,"10",,"1"
"11606","1344",1344-01-19,"10",,"1"
"11607","1344",1344-01-20,"10",,"1"
"11608","1344",1344-01-22,"10",,"1"
"11609","1344",1344-01-23,"10",,"1"
"11610","1344",1344-01-24,"10",,"1"
"11611","1344",1344-01-25,"10",,"1"
"11612","1344",1344-01-26,"10",,"1"
"11613","1344",1344-01-27,"10",,"1"
"11614","1344",1344-01-28,"10",,"1"
"11615","1344",1344-01-29,"10",,"1"
"11616","1344",1344-01-30,"10",,"1"
"11617","1344",1344-01-31,"10",,"1"
"11618","1344",1344-02-01,"10",,"1"
"11619","1344",1344-02-04,"10",,"1"
"11620","1344",1344-02-05,"10",,"1"
"11621","1344",1344-02-06,"10",,"1"
"11622","1344",1344-02-07,"10",,"1"
"11623","1344",1344-02-08,"10",,"1"
"11624","1344",1344-02-09,"10",,"1"
"11625","1344",1344-02-10,"10",,"1"
"11626","1344",1344-02-11,"10",,"1"
"11627","1344",1344-02-12,"10",,"1"
"11628","1344",1344-02-13,"10",,"1"
"11629","1344",1344-02-14,"10",,"1"
"11630","1344",1344-02-15,"10",,"1"
"11631","1344",1344-02-16,"10",,"1"
"11632","1344",1344-02-17,"10",,"1"
"11633","1344",1344-02-18,"10",,"1"
"11634","1344",1344-02-19,"10",,"1"
"11635","1344",1344-02-20,"10",,"1"
"11636","1344",1344-02-21,"10",,"1"
"11637","1344",1344-02-22,"10",,"1"
"11638","1344",1344-02-23,"10",,"1"
"11639","1344",1344-02-24,"10",,"1"
"11640","1344",1344-02-26,"10",,"1"
"11641","1344",1344-02-27,"10",,"1"
"11642","1344",1344-02-28,"10",,"1"
"11643","1344",1344-03-01,"10",,"1"
"11644","1344",1344-03-02,"10",,"1"
"11645","1344",1344-03-03,"10",,"1"
"11646","1344",1344-03-04,"10",,"1"
"11647","1344",1344-03-05,"10",,"1"
"11648","1344",1344-03-06,"10",,"1"
"11649","1344",1344-03-07,"10",,"1"
"11650","1344",1344-03-08,"10",,"1"
"11651","1344",1344-03-09,"10",,"1"
"11652","1344",1344-03-10,"10",,"1"
"11653","1344",1344-03-11,"10",,"1"
"11654","1344",1344-03-12,"10",,"1"
"11655","1344",1344-03-13,"10",,"1"
"11656","1344",1344-03-14,"10",,"1"
"11657","1344",1344-03-15,"10",,"1"
"11658","1344",1344-03-16,"10",,"1"
"11659","1344",1344-03-17,"10",,"1"
"11660","1344",1344-03-18,"10",,"1"
"11661","1344",1344-03-19,"10",,"1"
"11662","1344",1344-03-20,"10",,"1"
"11663","1344",1344-03-22,"10",,"1"
"11664","1344",1344-03-23,"10",,"1"
"11665","1344",1344-03-24,"10",,"1"
"11666","1344",1344-03-25,"10",,"1"
"11667","1344",1344-03-26,"10",,"1"
"11668","1344",1344-03-27,"10",,"1"
"11669","1344",1344-03-28,"10",,"1"
"11670","1344",1344-03-30,"10",,"1"
"11671","1344",1344-03-31,"10",,"1"
"11672","1344",1344-04-01,"10",,"1"
"11673","1344",1344-04-03,"10",,"1"
"11674","1344",1344-04-07,"10",,"1"
"11675","1344",1344-04-08,"10",,"1"
"11676","1344",1344-04-09,"10",,"1"
"11677","1344",1344-04-10,"10",,"1"
"11678","1344",1344-04-12,"10",,"1"
"11679","1344",1344-04-13,"10",,"1"
"11680","1344",1344-04-14,"10",,"1"
"11681","1344",1344-04-15,"10",,"1"
"11682","1344",1344-04-16,"10",,"1"
"11683","1344",1344-04-17,"10",,"1"
"11684","1344",1344-04-19,"10",,"1"
"11685","1344",1344-04-20,"10",,"1"
"11686","1344",1344-04-21,"10",,"1"
"11687","1344",1344-04-22,"10",,"1"
"11688","1344",1344-04-23,"10",,"1"
"11689","1344",1344-04-24,"10",,"1"
"11690","1344",1344-04-25,"10",,"1"
"11691","1344",1344-04-26,"10",,"1"
"11692","1344",1344-04-27,"10",,"1"
"11693","1344",1344-04-28,"10",,"1"
"11694","1344",1344-04-29,"10",,"1"
"11695","1344",1344-04-30,"10",,"1"
"11696","1344",1344-05-01,"10",,"1"
"11697","1344",1344-05-02,"10",,"1"
"11698","1344",1344-05-03,"10",,"1"
"11699","1344",1344-05-04,"10",,"1"
"11700","1344",1344-05-05,"10",,"1"
"11701","1344",1344-05-07,"10",,"1"
"11702","1344",1344-05-10,"10",,"1"
"11703","1344",1344-05-11,"10",,"1"
"11704","1344",1344-05-12,"10",,"1"
"11705","1344",1344-05-13,"10",,"1"
"11706","1344",1344-05-14,"10",,"1"
"11707","1344",1344-05-18,"10",,"1"
"11708","1344",1344-05-19,"10",,"1"
"11709","1344",1344-05-20,"10",,"1"
"11710","1344",1344-05-21,"10",,"1"
"11711","1344",1344-05-22,"10",,"1"
"11712","1344",1344-05-26,"10",,"1"
"11713","1344",1344-05-27,"10",,"1"
"11714","1344",1344-05-29,"10",,"1"
"11715","1344",1344-05-31,"10",,"1"
"11716","1344",1344-06-01,"10",,"1"
"11717","1344",1344-06-04,"10",,"1"
"11718","1344",1344-06-05,"10",,"1"
"11719","1344",1344-06-06,"10",,"1"
"11720","1344",1344-06-07,"10",,"1"
"11721","1344",1344-06-08,"10",,"1"
"11722","1344",1344-06-09,"10",,"1"
"11723","1344",1344-06-10,"10",,"1"
"11724","1344",1344-06-11,"10",,"1"
"11725","1344",1344-06-12,"10",,"1"
"11726","1344",1344-06-13,"10",,"1"
"11727","1344",1344-06-14,"10",,"1"
"11728","1344",1344-06-15,"10",,"1"
"11729","1344",1344-06-16,"10",,"1"
"11730","1344",1344-06-17,"10",,"1"
"11731","1344",1344-06-18,"10",,"1"
"11732","1344",1344-06-19,"10",,"1"
"11733","1344",1344-06-21,"10",,"1"
"11734","1344",1344-06-22,"10",,"1"
"11735","1344",1344-06-23,"10",,"1"
"11736","1344",1344-06-25,"10",,"1"
"11737","1344",1344-06-26,"10",,"1"
"11738","1344",1344-06-27,"10",,"1"
"11739","1344",1344-06-28,"10",,"1"
"11740","1344",1344-06-29,"10",,"1"
"11741","1344",1344-06-30,"10",,"1"
"11742","1344",1344-07-01,"10",,"1"
"11743","1344",1344-07-02,"10",,"1"
"11744","1344",1344-07-03,"10",,"1"
"11745","1344",1344-07-04,"10",,"1"
"11746","1344",1344-07-05,"10",,"1"
"11747","1344",1344-07-06,"10",,"1"
"11748","1344",1344-07-07,"10",,"1"
"11749","1344",1344-07-08,"10",,"1"
"11750","1344",1344-07-09,"10",,"1"
"11751","1344",1344-07-10,"10",,"1"
"11752","1344",1344-07-11,"10",,"1"
"11753","1344",1344-07-12,"10",,"1"
"11754","1344",1344-07-13,"10",,"1"
"11755","1344",1344-07-14,"10",,"1"
"11756","1344",1344-07-15,"10",,"1"
"11757","1344",1344-07-16,"10",,"1"
"11758","1344",1344-07-17,"10",,"1"
"11759","1344",1344-07-18,"10",,"1"
"11760","1344",1344-07-19,"10",,"1"
"11761","1344",1344-07-20,"10",,"1"
"11762","1344",1344-07-21,"10",,"1"
"11763","1344",1344-07-22,"10",,"1"
"11764","1344",1344-07-23,"10",,"1"
"11765","1344",1344-07-24,"10",,"1"
"11766","1344",1344-07-25,"10",,"1"
"11767","1344",1344-07-26,"10",,"1"
"11768","1344",1344-07-27,"10",,"1"
"11769","1344",1344-07-28,"10",,"1"
"11770","1344",1344-07-29,"10",,"1"
"11771","1344",1344-07-30,"10",,"1"
"11772","1344",1344-08-01,"10",,"1"
"11773","1344",1344-08-02,"10",,"1"
"11774","1344",1344-08-03,"10",,"1"
"11775","1344",1344-08-04,"10",,"1"
"11776","1344",1344-08-05,"10",,"1"
"11777","1344",1344-08-06,"10",,"1"
"11778","1344",1344-08-07,"10",,"1"
"11779","1344",1344-08-08,"10",,"1"
"11780","1344",1344-08-09,"10",,"1"
"11781","1344",1344-08-10,"10",,"1"
"11782","1344",1344-08-11,"10",,"1"
"11783","1344",1344-08-12,"10",,"1"
"11784","1344",1344-08-14,"10",,"1"
"11785","1344",1344-08-15,"10",,"1"
"11786","1344",1344-08-16,"10",,"1"
"11787","1344",1344-08-18,"10",,"1"
"11788","1344",1344-08-19,"10",,"1"
"11789","1344",1344-08-20,"10",,"1"
"11790","1344",1344-08-21,"10",,"1"
"11791","1344",1344-08-22,"10",,"1"
"11792","1344",1344-08-23,"10",,"1"
"11793","1344",1344-08-25,"10",,"1"
"11794","1344",1344-08-26,"10",,"1"
"11795","1344",1344-08-27,"10",,"1"
"11796","1344",1344-08-28,"10",,"1"
"11797","1344",1344-08-29,"10",,"1"
"11798","1344",1344-08-30,"10",,"1"
"11799","1344",1344-08-31,"10",,"1"
"11800","1344",1344-09-01,"10",,"1"
"11801","1344",1344-09-02,"10",,"1"
"11802","1344",1344-09-03,"10",,"1"
"11803","1344",1344-09-04,"10",,"1"
"11804","1344",1344-09-05,"10",,"1"
"11805","1344",1344-09-06,"10",,"1"
"11806","1344",1344-09-07,"10",,"1"
"11807","1344",1344-09-08,"10",,"1"
"11808","1344",1344-09-09,"10",,"1"
"11809","1344",1344-09-10,"10",,"1"
"11810","1344",1344-09-11,"10",,"1"
"11811","1344",1344-09-12,"10",,"1"
"11812","1344",1344-09-13,"10",,"1"
"11813","1344",1344-09-14,"10",,"1"
"11814","1344",1344-09-15,"10",,"1"
"11815","1344",1344-09-16,"10",,"1"
"11816","1344",1344-09-17,"10",,"1"
"11817","1344",1344-09-18,"10",,"1"
"11818","1344",1344-09-19,"10",,"1"
"11819","1344",1344-09-20,"10",,"1"
"11820","1344",1344-09-21,"10",,"1"
"11821","1344",1344-09-22,"10",,"1"
"11822","1344",1344-09-23,"10",,"1"
"11823","1344",1344-09-24,"10",,"1"
"11824","1344",1344-09-25,"10",,"1"
"11825","1344",1344-09-26,"10",,"1"
"11826","1344",1344-09-27,"10",,"1"
"11827","1344",1344-09-28,"10",,"1"
"11828","1344",1344-09-29,"10",,"1"
"11829","1344",1344-09-30,"10",,"1"
"11830","1344",1344-10-01,"10",,"1"
"11831","1344",1344-10-02,"10",,"1"
"11832","1344",1344-10-03,"10",,"1"
"11833","1344",1344-10-04,"10",,"1"
"11834","1344",1344-10-05,"10",,"1"
"11835","1344",1344-10-06,"10",,"1"
"11836","1344",1344-10-07,"10",,"1"
"11837","1344",1344-10-08,"10",,"1"
"11838","1344",1344-10-09,"10",,"1"
"11839","1344",1344-10-10,"10",,"1"
"11840","1344",1344-10-11,"10",,"1"
"11841","1344",1344-10-12,"10",,"1"
"11842","1344",1344-10-13,"10",,"1"
"11843","1344",1344-10-14,"10",,"1"
"11844","1344",1344-10-15,"10",,"1"
"11845","1344",1344-10-16,"10",,"1"
"11846","1344",1344-10-17,"10",,"1"
"11847","1344",1344-10-18,"10",,"1"
"11848","1344",1344-10-19,"10",,"1"
"11849","1344",1344-10-20,"10",,"1"
"11850","1344",1344-10-22,"10",,"1"
"11851","1344",1344-10-23,"10",,"1"
"11852","1344",1344-10-25,"10",,"1"
"11853","1344",1344-10-26,"10",,"1"
"11854","1344",1344-10-27,"10",,"1"
"11855","1344",1344-10-28,"10",,"1"
"11856","1344",1344-10-29,"10",,"1"
"11857","1344",1344-10-30,"10",,"1"
"11858","1344",1344-11-02,"10",,"1"
"11859","1344",1344-11-03,"10",,"1"
"11860","1344",1344-11-04,"10",,"1"
"11861","1344",1344-11-05,"10",,"1"
"11862","1344",1344-11-06,"10",,"1"
"11863","1344",1344-11-07,"10",,"1"
"11864","1344",1344-11-08,"10",,"1"
"11865","1344",1344-11-09,"10",,"1"
"11866","1344",1344-11-10,"10",,"1"
"11867","1344",1344-11-11,"10",,"1"
"11868","1344",1344-11-12,"10",,"1"
"11869","1344",1344-11-13,"10",,"1"
"11870","1344",1344-11-14,"10",,"1"
"11871","1344",1344-11-15,"10",,"1"
"11872","1344",1344-11-16,"10",,"1"
"11873","1344",1344-11-17,"10",,"1"
"11874","1344",1344-11-18,"10",,"1"
"11875","1344",1344-11-19,"10",,"1"
"11876","1344",1344-11-20,"10",,"1"
"11877","1344",1344-11-21,"10",,"1"
"11878","1344",1344-11-22,"10",,"1"
"11879","1344",1344-11-23,"10",,"1"
"11880","1344",1344-11-24,"10",,"1"
"11881","1344",1344-11-25,"10",,"1"
"11882","1344",1344-11-26,"10",,"1"
"11883","1344",1344-11-27,"10",,"1"
"11884","1344",1344-11-28,"10",,"1"
"11885","1344",1344-11-29,"10",,"1"
"11886","1344",1344-11-30,"10",,"1"
"11887","1344",1344-12-01,"10",,"1"
"11888","1344",1344-12-02,"10",,"1"
"11889","1344",1344-12-03,"10",,"1"
"11890","1344",1344-12-04,"10",,"1"
"11891","1344",1344-12-05,"10",,"1"
"11892","1344",1344-12-06,"10",,"1"
"11893","1344",1344-12-07,"10",,"1"
"11894","1344",1344-12-08,"10",,"1"
"11895","1344",1344-12-09,"10",,"1"
"11896","1344",1344-12-10,"10",,"1"
"11897","1344",1344-12-11,"10",,"1"
"11898","1344",1344-12-12,"10",,"1"
"11899","1344",1344-12-13,"10",,"1"
"11900","1344",1344-12-14,"10",,"1"
"11901","1344",1344-12-15,"10",,"1"
"11902","1344",1344-12-16,"10",,"1"
"11903","1344",1344-12-17,"10",,"1"
"11904","1344",1344-12-18,"10",,"1"
"11905","1344",1344-12-20,"10",,"1"
"11906","1344",1344-12-21,"10",,"1"
"11907","1344",1344-12-22,"10",,"1"
"11908","1344",1344-12-23,"10",,"1"
"11909","1344",1344-12-24,"10",,"1"
"11910","1344",1344-12-29,"10",,"1"
"11911","1344",1344-12-30,"10",,"1"
"11912","1344",1344-12-31,"10",,"1"
"11913","1345",1345-01-04,"10",,"1"
"11914","1345",1345-01-05,"10",,"1"
"11915","1345",1345-01-06,"10",,"1"
"11916","1345",1345-01-07,"10",,"1"
"11917","1345",1345-01-08,"10",,"1"
"11918","1345",1345-01-09,"10",,"1"
"11919","1345",1345-01-10,"10",,"1"
"11920","1345",1345-01-11,"10",,"1"
"11921","1345",1345-01-12,"10",,"1"
"11922","1345",1345-01-13,"10",,"1"
"11923","1345",1345-01-14,"10",,"1"
"11924","1345",1345-01-15,"10",,"1"
"11925","1345",1345-01-16,"10",,"1"
"11926","1345",1345-01-17,"10",,"1"
"11927","1345",1345-01-18,"10",,"1"
"11928","1345",1345-01-19,"10",,"1"
"11929","1345",1345-01-20,"10",,"1"
"11930","1345",1345-01-22,"10",,"1"
"11931","1345",1345-01-24,"10",,"1"
"11932","1345",1345-01-25,"10",,"1"
"11933","1345",1345-01-26,"10",,"1"
"11934","1345",1345-01-27,"10",,"1"
"11935","1345",1345-01-28,"10",,"1"
"11936","1345",1345-01-29,"10",,"1"
"11937","1345",1345-01-31,"10",,"1"
"11938","1345",1345-02-01,"10",,"1"
"11939","1345",1345-02-02,"10",,"1"
"11940","1345",1345-02-03,"10",,"1"
"11941","1345",1345-02-04,"10",,"1"
"11942","1345",1345-02-05,"10",,"1"
"11943","1345",1345-02-06,"10",,"1"
"11944","1345",1345-02-07,"10",,"1"
"11945","1345",1345-02-08,"10",,"1"
"11946","1345",1345-02-09,"10",,"1"
"11947","1345",1345-02-10,"10",,"1"
"11948","1345",1345-02-11,"10",,"1"
"11949","1345",1345-02-12,"10",,"1"
"11950","1345",1345-02-13,"10",,"1"
"11951","1345",1345-02-14,"10",,"1"
"11952","1345",1345-02-15,"10",,"1"
"11953","1345",1345-02-16,"10",,"1"
"11954","1345",1345-02-17,"10",,"1"
"11955","1345",1345-02-18,"10",,"1"
"11956","1345",1345-02-19,"10",,"1"
"11957","1345",1345-02-21,"10",,"1"
"11958","1345",1345-02-23,"10",,"1"
"11959","1345",1345-02-24,"10",,"1"
"11960","1345",1345-02-25,"10",,"1"
"11961","1345",1345-02-26,"10",,"1"
"11962","1345",1345-02-27,"10",,"1"
"11963","1345",1345-02-28,"10",,"1"
"11964","1345",1345-03-01,"10",,"1"
"11965","1345",1345-03-02,"10",,"1"
"11966","1345",1345-03-03,"10",,"1"
"11967","1345",1345-03-04,"10",,"1"
"11968","1345",1345-03-05,"10",,"1"
"11969","1345",1345-03-06,"10",,"1"
"11970","1345",1345-03-07,"10",,"1"
"11971","1345",1345-03-08,"10",,"1"
"11972","1345",1345-03-09,"10",,"1"
"11973","1345",1345-03-10,"10",,"1"
"11974","1345",1345-03-11,"10",,"1"
"11975","1345",1345-03-12,"10",,"1"
"11976","1345",1345-03-13,"10",,"1"
"11977","1345",1345-03-14,"10",,"1"
"11978","1345",1345-03-15,"10",,"1"
"11979","1345",1345-03-16,"10",,"1"
"11980","1345",1345-03-17,"10",,"1"
"11981","1345",1345-03-18,"10",,"1"
"11982","1345",1345-03-19,"10",,"1"
"11983","1345",1345-03-20,"10",,"1"
"11984","1345",1345-03-21,"10",,"1"
"11985","1345",1345-03-22,"10",,"1"
"11986","1345",1345-03-23,"10",,"1"
"11987","1345",1345-03-24,"10",,"1"
"11988","1345",1345-03-25,"10",,"1"
"11989","1345",1345-03-26,"10",,"1"
"11990","1345",1345-03-27,"10",,"1"
"11991","1345",1345-03-28,"10",,"1"
"11992","1345",1345-03-29,"10",,"1"
"11993","1345",1345-03-30,"10",,"1"
"11994","1345",1345-03-31,"10",,"1"
"11995","1345",1345-04-01,"10",,"1"
"11996","1345",1345-04-02,"10",,"1"
"11997","1345",1345-04-04,"10",,"1"
"11998","1345",1345-04-05,"10",,"1"
"11999","1345",1345-04-06,"10",,"1"
"12000","1345",1345-04-07,"10",,"1"
"12001","1345",1345-04-08,"10",,"1"
"12002","1345",1345-04-09,"10",,"1"
"12003","1345",1345-04-10,"10",,"1"
"12004","1345",1345-04-11,"10",,"1"
"12005","1345",1345-04-12,"10",,"1"
"12006","1345",1345-04-13,"10",,"1"
"12007","1345",1345-04-14,"10",,"1"
"12008","1345",1345-04-15,"10",,"1"
"12009","1345",1345-04-16,"10",,"1"
"12010","1345",1345-04-18,"10",,"1"
"12011","1345",1345-04-19,"10",,"1"
"12012","1345",1345-04-20,"10",,"1"
"12013","1345",1345-04-21,"10",,"1"
"12014","1345",1345-04-22,"10",,"1"
"12015","1345",1345-04-23,"10",,"1"
"12016","1345",1345-04-25,"10",,"1"
"12017","1345",1345-04-26,"10",,"1"
"12018","1345",1345-04-27,"10",,"1"
"12019","1345",1345-04-28,"10",,"1"
"12020","1345",1345-04-29,"10",,"1"
"12021","1345",1345-04-30,"10",,"1"
"12022","1345",1345-05-01,"10",,"1"
"12023","1345",1345-05-02,"10",,"1"
"12024","1345",1345-05-03,"10",,"1"
"12025","1345",1345-05-04,"10",,"1"
"12026","1345",1345-05-06,"10",,"1"
"12027","1345",1345-05-07,"10",,"1"
"12028","1345",1345-05-08,"10",,"1"
"12029","1345",1345-05-09,"10",,"1"
"12030","1345",1345-05-10,"10",,"1"
"12031","1345",1345-05-11,"10",,"1"
"12032","1345",1345-05-12,"10",,"1"
"12033","1345",1345-05-13,"10",,"1"
"12034","1345",1345-05-14,"10",,"1"
"12035","1345",1345-05-15,"10",,"1"
"12036","1345",1345-05-16,"10",,"1"
"12037","1345",1345-05-17,"10",,"1"
"12038","1345",1345-05-18,"10",,"1"
"12039","1345",1345-05-19,"10",,"1"
"12040","1345",1345-05-20,"10",,"1"
"12041","1345",1345-05-21,"10",,"1"
"12042","1345",1345-05-22,"10",,"1"
"12043","1345",1345-05-23,"10",,"1"
"12044","1345",1345-05-24,"10",,"1"
"12045","1345",1345-05-25,"10",,"1"
"12046","1345",1345-05-27,"10",,"1"
"12047","1345",1345-05-28,"10",,"1"
"12048","1345",1345-05-30,"10",,"1"
"12049","1345",1345-05-31,"10",,"1"
"12050","1345",1345-06-01,"10",,"1"
"12051","1345",1345-06-02,"10",,"1"
"12052","1345",1345-06-03,"10",,"1"
"12053","1345",1345-06-04,"10",,"1"
"12054","1345",1345-06-06,"10",,"1"
"12055","1345",1345-06-07,"10",,"1"
"12056","1345",1345-06-08,"10",,"1"
"12057","1345",1345-06-09,"10",,"1"
"12058","1345",1345-06-10,"10",,"1"
"12059","1345",1345-06-11,"10",,"1"
"12060","1345",1345-06-12,"10",,"1"
"12061","1345",1345-06-13,"10",,"1"
"12062","1345",1345-06-14,"10",,"1"
"12063","1345",1345-06-15,"10",,"1"
"12064","1345",1345-06-16,"10",,"1"
"12065","1345",1345-06-17,"10",,"1"
"12066","1345",1345-06-18,"10",,"1"
"12067","1345",1345-06-19,"10",,"1"
"12068","1345",1345-06-20,"10",,"1"
"12069","1345",1345-06-21,"10",,"1"
"12070","1345",1345-06-22,"10",,"1"
"12071","1345",1345-06-23,"10",,"1"
"12072","1345",1345-06-24,"10",,"1"
"12073","1345",1345-06-25,"10",,"1"
"12074","1345",1345-06-26,"10",,"1"
"12075","1345",1345-06-27,"10",,"1"
"12076","1345",1345-06-28,"10",,"1"
"12077","1345",1345-06-30,"10",,"1"
"12078","1345",1345-07-01,"10",,"1"
"12079","1345",1345-07-02,"10",,"1"
"12080","1345",1345-07-04,"10",,"1"
"12081","1345",1345-07-06,"10",,"1"
"12082","1345",1345-07-07,"10",,"1"
"12083","1345",1345-07-08,"10",,"1"
"12084","1345",1345-07-09,"10",,"1"
"12085","1345",1345-07-10,"10",,"1"
"12086","1345",1345-07-11,"10",,"1"
"12087","1345",1345-07-12,"10",,"1"
"12088","1345",1345-07-13,"10",,"1"
"12089","1345",1345-07-14,"10",,"1"
"12090","1345",1345-07-15,"10",,"1"
"12091","1345",1345-07-16,"10",,"1"
"12092","1345",1345-07-17,"10",,"1"
"12093","1345",1345-07-18,"10",,"1"
"12094","1345",1345-07-19,"10",,"1"
"12095","1345",1345-07-20,"10",,"1"
"12096","1345",1345-07-21,"10",,"1"
"12097","1345",1345-07-22,"10",,"1"
"12098","1345",1345-07-23,"10",,"1"
"12099","1345",1345-07-24,"10",,"1"
"12100","1345",1345-07-25,"10",,"1"
"12101","1345",1345-07-26,"10",,"1"
"12102","1345",1345-07-27,"10",,"1"
"12103","1345",1345-07-28,"10",,"1"
"12104","1345",1345-07-29,"10",,"1"
"12105","1345",1345-07-30,"10",,"1"
"12106","1345",1345-08-02,"10",,"1"
"12107","1345",1345-08-03,"10",,"1"
"12108","1345",1345-08-04,"10",,"1"
"12109","1345",1345-08-06,"10",,"1"
"12110","1345",1345-08-08,"10",,"1"
"12111","1345",1345-08-09,"10",,"1"
"12112","1345",1345-08-10,"10",,"1"
"12113","1345",1345-08-11,"10",,"1"
"12114","1345",1345-08-12,"10",,"1"
"12115","1345",1345-08-13,"10",,"1"
"12116","1345",1345-08-14,"10",,"1"
"12117","1345",1345-08-16,"10",,"1"
"12118","1345",1345-08-17,"10",,"1"
"12119","1345",1345-08-18,"10",,"1"
"12120","1345",1345-08-20,"10",,"1"
"12121","1345",1345-08-22,"10",,"1"
"12122","1345",1345-08-23,"10",,"1"
"12123","1345",1345-08-24,"10",,"1"
"12124","1345",1345-08-25,"10",,"1"
"12125","1345",1345-08-26,"10",,"1"
"12126","1345",1345-08-27,"10",,"1"
"12127","1345",1345-08-28,"10",,"1"
"12128","1345",1345-08-29,"10",,"1"
"12129","1345",1345-08-30,"10",,"1"
"12130","1345",1345-08-31,"10",,"1"
"12131","1345",1345-09-01,"10",,"1"
"12132","1345",1345-09-02,"10",,"1"
"12133","1345",1345-09-03,"10",,"1"
"12134","1345",1345-09-05,"10",,"1"
"12135","1345",1345-09-06,"10",,"1"
"12136","1345",1345-09-07,"10",,"1"
"12137","1345",1345-09-08,"10",,"1"
"12138","1345",1345-09-10,"10",,"1"
"12139","1345",1345-09-11,"10",,"1"
"12140","1345",1345-09-12,"10",,"1"
"12141","1345",1345-09-13,"10",,"1"
"12142","1345",1345-09-15,"10",,"1"
"12143","1345",1345-09-17,"10",,"1"
"12144","1345",1345-09-18,"10",,"1"
"12145","1345",1345-09-19,"10",,"1"
"12146","1345",1345-09-20,"10",,"1"
"12147","1345",1345-09-21,"10",,"1"
"12148","1345",1345-09-22,"10",,"1"
"12149","1345",1345-09-23,"10",,"1"
"12150","1345",1345-09-24,"10",,"1"
"12151","1345",1345-09-25,"10",,"1"
"12152","1345",1345-09-26,"10",,"1"
"12153","1345",1345-09-27,"10",,"1"
"12154","1345",1345-09-28,"10",,"1"
"12155","1345",1345-09-29,"10",,"1"
"12156","1345",1345-09-30,"10",,"1"
"12157","1345",1345-10-01,"10",,"1"
"12158","1345",1345-10-02,"10",,"1"
"12159","1345",1345-10-03,"10",,"1"
"12160","1345",1345-10-04,"10",,"1"
"12161","1345",1345-10-05,"10",,"1"
"12162","1345",1345-10-06,"10",,"1"
"12163","1345",1345-10-07,"10",,"1"
"12164","1345",1345-10-08,"10",,"1"
"12165","1345",1345-10-09,"10",,"1"
"12166","1345",1345-10-10,"10",,"1"
"12167","1345",1345-10-11,"10",,"1"
"12168","1345",1345-10-12,"10",,"1"
"12169","1345",1345-10-13,"10",,"1"
"12170","1345",1345-10-14,"10",,"1"
"12171","1345",1345-10-15,"10",,"1"
"12172","1345",1345-10-16,"10",,"1"
"12173","1345",1345-10-17,"10",,"1"
"12174","1345",1345-10-18,"10",,"1"
"12175","1345",1345-10-19,"10",,"1"
"12176","1345",1345-10-20,"10",,"1"
"12177","1345",1345-10-21,"10",,"1"
"12178","1345",1345-10-22,"10",,"1"
"12179","1345",1345-10-24,"10",,"1"
"12180","1345",1345-10-25,"10",,"1"
"12181","1345",1345-10-26,"10",,"1"
"12182","1345",1345-10-27,"10",,"1"
"12183","1345",1345-10-28,"10",,"1"
"12184","1345",1345-10-29,"10",,"1"
"12185","1345",1345-10-30,"10",,"1"
"12186","1345",1345-10-31,"10",,"1"
"12187","1345",1345-11-02,"10",,"1"
"12188","1345",1345-11-03,"10",,"1"
"12189","1345",1345-11-04,"10",,"1"
"12190","1345",1345-11-05,"10",,"1"
"12191","1345",1345-11-06,"10",,"1"
"12192","1345",1345-11-07,"10",,"1"
"12193","1345",1345-11-08,"10",,"1"
"12194","1345",1345-11-09,"10",,"1"
"12195","1345",1345-11-10,"10",,"1"
"12196","1345",1345-11-11,"10",,"1"
"12197","1345",1345-11-12,"10",,"1"
"12198","1345",1345-11-13,"10",,"1"
"12199","1345",1345-11-14,"10",,"1"
"12200","1345",1345-11-15,"10",,"1"
"12201","1345",1345-11-16,"10",,"1"
"12202","1345",1345-11-17,"10",,"1"
"12203","1345",1345-11-18,"10",,"1"
"12204","1345",1345-11-19,"10",,"1"
"12205","1345",1345-11-22,"10",,"1"
"12206","1345",1345-11-23,"10",,"1"
"12207","1345",1345-11-24,"10",,"1"
"12208","1345",1345-11-26,"10",,"1"
"12209","1345",1345-11-28,"10",,"1"
"12210","1345",1345-11-29,"10",,"1"
"12211","1345",1345-11-30,"10",,"1"
"12212","1345",1345-12-01,"10",,"1"
"12213","1345",1345-12-02,"10",,"1"
"12214","1345",1345-12-03,"10",,"1"
"12215","1345",1345-12-04,"10",,"1"
"12216","1345",1345-12-05,"10",,"1"
"12217","1345",1345-12-06,"10",,"1"
"12218","1345",1345-12-07,"10",,"1"
"12219","1345",1345-12-08,"10",,"1"
"12220","1345",1345-12-09,"10",,"1"
"12221","1345",1345-12-10,"10",,"1"
"12222","1345",1345-12-12,"10",,"1"
"12223","1345",1345-12-13,"10",,"1"
"12224","1345",1345-12-14,"10",,"1"
"12225","1345",1345-12-15,"10",,"1"
"12226","1345",1345-12-16,"10",,"1"
"12227","1345",1345-12-17,"10",,"1"
"12228","1345",1345-12-19,"10",,"1"
"12229","1345",1345-12-20,"10",,"1"
"12230","1345",1345-12-22,"10",,"1"
"12231","1345",1345-12-23,"10",,"1"
"12232","1345",1345-12-24,"10",,"1"
"12233","1345",1345-12-27,"10",,"1"
"12234","1345",1345-12-28,"10",,"1"
"12235","1345",1345-12-29,"10",,"1"
"12236","1345",1345-12-30,"10",,"1"
"12237","1345",1345-12-31,"10",,"1"
"12238","1346",1346-01-02,"10",,"1"
"12239","1346",1346-01-03,"10",,"1"
"12240","1346",1346-01-05,"10",,"1"
"12241","1346",1346-01-06,"10",,"1"
"12242","1346",1346-01-07,"10",,"1"
"12243","1346",1346-01-08,"10",,"1"
"12244","1346",1346-01-09,"10",,"1"
"12245","1346",1346-01-10,"10",,"1"
"12246","1346",1346-01-11,"10",,"1"
"12247","1346",1346-01-12,"10",,"1"
"12248","1346",1346-01-13,"10",,"1"
"12249","1346",1346-01-14,"10",,"1"
"12250","1346",1346-01-16,"10",,"1"
"12251","1346",1346-01-17,"10",,"1"
"12252","1346",1346-01-18,"10",,"1"
"12253","1346",1346-01-19,"10",,"1"
"12254","1346",1346-01-20,"10",,"1"
"12255","1346",1346-01-21,"10",,"1"
"12256","1346",1346-01-23,"10",,"1"
"12257","1346",1346-01-24,"10",,"1"
"12258","1346",1346-01-26,"10",,"1"
"12259","1346",1346-01-27,"10",,"1"
"12260","1346",1346-01-28,"10",,"1"
"12261","1346",1346-01-30,"10",,"1"
"12262","1346",1346-01-31,"10",,"1"
"12263","1346",1346-02-01,"10",,"1"
"12264","1346",1346-02-03,"10",,"1"
"12265","1346",1346-02-04,"10",,"1"
"12266","1346",1346-02-06,"10",,"1"
"12267","1346",1346-02-07,"10",,"1"
"12268","1346",1346-02-08,"10",,"1"
"12269","1346",1346-02-09,"10",,"1"
"12270","1346",1346-02-10,"10",,"1"
"12271","1346",1346-02-11,"10",,"1"
"12272","1346",1346-02-13,"10",,"1"
"12273","1346",1346-02-15,"10",,"1"
"12274","1346",1346-02-16,"10",,"1"
"12275","1346",1346-02-17,"10",,"1"
"12276","1346",1346-02-18,"10",,"1"
"12277","1346",1346-02-20,"10",,"1"
"12278","1346",1346-02-21,"10",,"1"
"12279","1346",1346-02-23,"10",,"1"
"12280","1346",1346-02-25,"10",,"1"
"12281","1346",1346-02-27,"10",,"1"
"12282","1346",1346-02-28,"10",,"1"
"12283","1346",1346-03-01,"10",,"1"
"12284","1346",1346-03-02,"10",,"1"
"12285","1346",1346-03-03,"10",,"1"
"12286","1346",1346-03-04,"10",,"1"
"12287","1346",1346-03-05,"10",,"1"
"12288","1346",1346-03-06,"10",,"1"
"12289","1346",1346-03-07,"10",,"1"
"12290","1346",1346-03-08,"10",,"1"
"12291","1346",1346-03-09,"10",,"1"
"12292","1346",1346-03-10,"10",,"1"
"12293","1346",1346-03-11,"10",,"1"
"12294","1346",1346-03-12,"10",,"1"
"12295","1346",1346-03-13,"10",,"1"
"12296","1346",1346-03-14,"10",,"1"
"12297","1346",1346-03-15,"10",,"1"
"12298","1346",1346-03-16,"10",,"1"
"12299","1346",1346-03-17,"10",,"1"
"12300","1346",1346-03-18,"10",,"1"
"12301","1346",1346-03-20,"10",,"1"
"12302","1346",1346-03-21,"10",,"1"
"12303","1346",1346-03-22,"10",,"1"
"12304","1346",1346-03-24,"10",,"1"
"12305","1346",1346-03-27,"10",,"1"
"12306","1346",1346-03-28,"10",,"1"
"12307","1346",1346-03-29,"10",,"1"
"12308","1346",1346-03-30,"10",,"1"
"12309","1346",1346-03-31,"10",,"1"
"12310","1346",1346-04-01,"10",,"1"
"12311","1346",1346-04-03,"10",,"1"
"12312","1346",1346-04-04,"10",,"1"
"12313","1346",1346-04-05,"10",,"1"
"12314","1346",1346-04-06,"10",,"1"
"12315","1346",1346-04-07,"10",,"1"
"12316","1346",1346-04-08,"10",,"1"
"12317","1346",1346-04-09,"10",,"1"
"12318","1346",1346-04-10,"10",,"1"
"12319","1346",1346-04-12,"10",,"1"
"12320","1346",1346-04-13,"10",,"1"
"12321","1346",1346-04-14,"10",,"1"
"12322","1346",1346-04-15,"10",,"1"
"12323","1346",1346-04-16,"10",,"1"
"12324","1346",1346-04-17,"10",,"1"
"12325","1346",1346-04-18,"10",,"1"
"12326","1346",1346-04-19,"10",,"1"
"12327","1346",1346-04-20,"10",,"1"
"12328","1346",1346-04-21,"10",,"1"
"12329","1346",1346-04-22,"10",,"1"
"12330","1346",1346-04-23,"10",,"1"
"12331","1346",1346-04-24,"10",,"1"
"12332","1346",1346-04-25,"10",,"1"
"12333","1346",1346-04-26,"10",,"1"
"12334","1346",1346-04-27,"10",,"1"
"12335","1346",1346-04-28,"10",,"1"
"12336","1346",1346-04-29,"10",,"1"
"12337","1346",1346-05-02,"10",,"1"
"12338","1346",1346-05-04,"10",,"1"
"12339","1346",1346-05-05,"10",,"1"
"12340","1346",1346-05-06,"10",,"1"
"12341","1346",1346-05-07,"10",,"1"
"12342","1346",1346-05-08,"10",,"1"
"12343","1346",1346-05-09,"10",,"1"
"12344","1346",1346-05-10,"10",,"1"
"12345","1346",1346-05-11,"10",,"1"
"12346","1346",1346-05-12,"10",,"1"
"12347","1346",1346-05-13,"10",,"1"
"12348","1346",1346-05-15,"10",,"1"
"12349","1346",1346-05-16,"10",,"1"
"12350","1346",1346-05-17,"10",,"1"
"12351","1346",1346-05-18,"10",,"1"
"12352","1346",1346-05-19,"10",,"1"
"12353","1346",1346-05-20,"10",,"1"
"12354","1346",1346-05-22,"10",,"1"
"12355","1346",1346-05-23,"10",,"1"
"12356","1346",1346-05-24,"10",,"1"
"12357","1346",1346-05-25,"10",,"1"
"12358","1346",1346-05-26,"10",,"1"
"12359","1346",1346-05-27,"10",,"1"
"12360","1346",1346-05-28,"10",,"1"
"12361","1346",1346-05-29,"10",,"1"
"12362","1346",1346-05-30,"10",,"1"
"12363","1346",1346-05-31,"10",,"1"
"12364","1346",1346-06-01,"10",,"1"
"12365","1346",1346-06-02,"10",,"1"
"12366","1346",1346-06-03,"10",,"1"
"12367","1346",1346-06-07,"10",,"1"
"12368","1346",1346-06-08,"10",,"1"
"12369","1346",1346-06-09,"10",,"1"
"12370","1346",1346-06-10,"10",,"1"
"12371","1346",1346-06-11,"10",,"1"
"12372","1346",1346-06-12,"10",,"1"
"12373","1346",1346-06-13,"10",,"1"
"12374","1346",1346-06-14,"10",,"1"
"12375","1346",1346-06-15,"10",,"1"
"12376","1346",1346-06-16,"10",,"1"
"12377","1346",1346-06-17,"10",,"1"
"12378","1346",1346-06-19,"10",,"1"
"12379","1346",1346-06-20,"10",,"1"
"12380","1346",1346-06-21,"10",,"1"
"12381","1346",1346-06-23,"10",,"1"
"12382","1346",1346-06-26,"10",,"1"
"12383","1346",1346-06-28,"10",,"1"
"12384","1346",1346-06-30,"10",,"1"
"12385","1347",1347-07-02,"10",,"1"
"12386","1347",1347-07-03,"10",,"1"
"12387","1347",1347-07-04,"10",,"1"
"12388","1347",1347-07-06,"10",,"1"
"12389","1347",1347-07-07,"10",,"1"
"12390","1347",1347-07-09,"10",,"1"
"12391","1347",1347-07-10,"10",,"1"
"12392","1347",1347-07-11,"10",,"1"
"12393","1347",1347-07-12,"10",,"1"
"12394","1347",1347-07-13,"10",,"1"
"12395","1347",1347-07-14,"10",,"1"
"12396","1347",1347-07-16,"10",,"1"
"12397","1347",1347-07-17,"10",,"1"
"12398","1347",1347-07-18,"10",,"1"
"12399","1347",1347-07-19,"10",,"1"
"12400","1347",1347-07-20,"10",,"1"
"12401","1347",1347-07-21,"10",,"1"
"12402","1347",1347-07-23,"10",,"1"
"12403","1347",1347-07-27,"10",,"1"
"12404","1347",1347-07-28,"10",,"1"
"12405","1347",1347-07-30,"10",,"1"
"12406","1347",1347-07-31,"10",,"1"
"12407","1347",1347-08-02,"10",,"1"
"12408","1347",1347-08-03,"10",,"1"
"12409","1347",1347-08-04,"10",,"1"
"12410","1347",1347-08-05,"10",,"1"
"12411","1347",1347-08-06,"10",,"1"
"12412","1347",1347-08-07,"10",,"1"
"12413","1347",1347-08-08,"10",,"1"
"12414","1347",1347-08-13,"10",,"1"
"12415","1347",1347-08-14,"10",,"1"
"12416","1347",1347-08-15,"10",,"1"
"12417","1347",1347-08-16,"10",,"1"
"12418","1347",1347-08-17,"10",,"1"
"12419","1347",1347-08-18,"10",,"1"
"12420","1347",1347-08-19,"10",,"1"
"12421","1347",1347-08-20,"10",,"1"
"12422","1347",1347-08-21,"10",,"1"
"12423","1347",1347-08-22,"10",,"1"
"12424","1347",1347-08-23,"10",,"1"
"12425","1347",1347-08-25,"10",,"1"
"12426","1347",1347-08-30,"10",,"1"
"12427","1347",1347-08-31,"10",,"1"
"12428","1347",1347-09-05,"10",,"1"
"12429","1347",1347-09-06,"10",,"1"
"12430","1347",1347-09-07,"10",,"1"
"12431","1347",1347-09-10,"10",,"1"
"12432","1347",1347-09-11,"10",,"1"
"12433","1347",1347-09-12,"10",,"1"
"12434","1347",1347-09-13,"10",,"1"
"12435","1347",1347-09-14,"10",,"1"
"12436","1347",1347-09-15,"10",,"1"
"12437","1347",1347-09-17,"10",,"1"
"12438","1347",1347-09-18,"10",,"1"
"12439","1347",1347-09-19,"10",,"1"
"12440","1347",1347-09-20,"10",,"1"
"12441","1347",1347-09-22,"10",,"1"
"12442","1347",1347-09-23,"10",,"1"
"12443","1347",1347-09-24,"10",,"1"
"12444","1347",1347-09-25,"10",,"1"
"12445","1347",1347-09-26,"10",,"1"
"12446","1347",1347-09-27,"10",,"1"
"12447","1347",1347-09-28,"10",,"1"
"12448","1347",1347-09-29,"10",,"1"
"12449","1347",1347-09-30,"10",,"1"
"12450","1347",1347-10-01,"10",,"1"
"12451","1347",1347-10-02,"10",,"1"
"12452","1347",1347-10-03,"10",,"1"
"12453","1347",1347-10-04,"10",,"1"
"12454","1347",1347-10-05,"10",,"1"
"12455","1347",1347-10-06,"10",,"1"
"12456","1347",1347-10-07,"10",,"1"
"12457","1347",1347-10-08,"10",,"1"
"12458","1347",1347-10-09,"10",,"1"
"12459","1347",1347-10-10,"10",,"1"
"12460","1347",1347-10-11,"10",,"1"
"12461","1347",1347-10-15,"10",,"1"
"12462","1347",1347-10-16,"10",,"1"
"12463","1347",1347-10-17,"10",,"1"
"12464","1347",1347-10-18,"10",,"1"
"12465","1347",1347-10-19,"10",,"1"
"12466","1347",1347-10-20,"10",,"1"
"12467","1347",1347-10-21,"10",,"1"
"12468","1347",1347-10-22,"10",,"1"
"12469","1347",1347-10-23,"10",,"1"
"12470","1347",1347-10-24,"10",,"1"
"12471","1347",1347-10-25,"10",,"1"
"12472","1347",1347-10-26,"10",,"1"
"12473","1347",1347-10-27,"10",,"1"
"12474","1347",1347-10-28,"10",,"1"
"12475","1347",1347-10-29,"10",,"1"
"12476","1347",1347-10-30,"10",,"1"
"12477","1347",1347-10-31,"10",,"1"
"12478","1347",1347-11-01,"10",,"1"
"12479","1347",1347-11-02,"10",,"1"
"12480","1347",1347-11-03,"10",,"1"
"12481","1347",1347-11-04,"10",,"1"
"12482","1347",1347-11-05,"10",,"1"
"12483","1347",1347-11-06,"10",,"1"
"12484","1347",1347-11-07,"10",,"1"
"12485","1347",1347-11-08,"10",,"1"
"12486","1347",1347-11-09,"10",,"1"
"12487","1347",1347-11-10,"10",,"1"
"12488","1347",1347-11-11,"10",,"1"
"12489","1347",1347-11-12,"10",,"1"
"12490","1347",1347-11-13,"10",,"1"
"12491","1347",1347-11-14,"10",,"1"
"12492","1347",1347-11-15,"10",,"1"
"12493","1347",1347-11-16,"10",,"1"
"12494","1347",1347-11-17,"10",,"1"
"12495","1347",1347-11-18,"10",,"1"
"12496","1347",1347-11-19,"10",,"1"
"12497","1347",1347-11-20,"10",,"1"
"12498","1347",1347-11-21,"10",,"1"
"12499","1347",1347-11-22,"10",,"1"
"12500","1347",1347-11-23,"10",,"1"
"12501","1347",1347-11-24,"10",,"1"
"12502","1347",1347-11-25,"10",,"1"
"12503","1347",1347-11-26,"10",,"1"
"12504","1347",1347-11-27,"10",,"1"
"12505","1347",1347-11-28,"10",,"1"
"12506","1347",1347-11-29,"10",,"1"
"12507","1347",1347-11-30,"10",,"1"
"12508","1347",1347-12-01,"10",,"1"
"12509","1347",1347-12-02,"10",,"1"
"12510","1347",1347-12-03,"10",,"1"
"12511","1347",1347-12-04,"10",,"1"
"12512","1347",1347-12-05,"10",,"1"
"12513","1347",1347-12-06,"10",,"1"
"12514","1347",1347-12-07,"10",,"1"
"12515","1347",1347-12-08,"10",,"1"
"12516","1347",1347-12-09,"10",,"1"
"12517","1347",1347-12-10,"10",,"1"
"12518","1347",1347-12-11,"10",,"1"
"12519","1347",1347-12-12,"10",,"1"
"12520","1347",1347-12-13,"10",,"1"
"12521","1347",1347-12-14,"10",,"1"
"12522","1347",1347-12-15,"10",,"1"
"12523","1347",1347-12-16,"10",,"1"
"12524","1347",1347-12-17,"10",,"1"
"12525","1347",1347-12-18,"10",,"1"
"12526","1347",1347-12-19,"10",,"1"
"12527","1347",1347-12-20,"10",,"1"
"12528","1347",1347-12-21,"10",,"1"
"12529","1347",1347-12-22,"10",,"1"
"12530","1347",1347-12-23,"10",,"1"
"12531","1347",1347-12-24,"10",,"1"
"12532","1347",1347-12-25,"10",,"1"
"12533","1347",1347-12-26,"10",,"1"
"12534","1347",1347-12-27,"10",,"1"
"12535","1347",1347-12-28,"10",,"1"
"12536","1347",1347-12-29,"10",,"1"
"12537","1347",1347-12-30,"10",,"1"
"12538","1347",1347-12-31,"10",,"1"
"12539","1348",1348-01-02,"10",,"1"
"12540","1348",1348-01-03,"10",,"1"
"12541","1348",1348-01-04,"10",,"1"
"12542","1348",1348-01-05,"10",,"1"
"12543","1348",1348-01-06,"10",,"1"
"12544","1348",1348-01-07,"10",,"1"
"12545","1348",1348-01-08,"10",,"1"
"12546","1348",1348-01-09,"10",,"1"
"12547","1348",1348-01-10,"10",,"1"
"12548","1348",1348-01-11,"10",,"1"
"12549","1348",1348-01-12,"10",,"1"
"12550","1348",1348-01-13,"10",,"1"
"12551","1348",1348-01-14,"10",,"1"
"12552","1348",1348-01-15,"10",,"1"
"12553","1348",1348-01-16,"10",,"1"
"12554","1348",1348-01-17,"10",,"1"
"12555","1348",1348-01-18,"10",,"1"
"12556","1348",1348-01-19,"10",,"1"
"12557","1348",1348-01-20,"10",,"1"
"12558","1348",1348-01-21,"10",,"1"
"12559","1348",1348-01-22,"10",,"1"
"12560","1348",1348-01-23,"10",,"1"
"12561","1348",1348-01-24,"10",,"1"
"12562","1348",1348-01-25,"10",,"1"
"12563","1348",1348-01-26,"10",,"1"
"12564","1348",1348-01-27,"10",,"1"
"12565","1348",1348-01-28,"10",,"1"
"12566","1348",1348-01-29,"10",,"1"
"12567","1348",1348-01-30,"10",,"1"
"12568","1348",1348-01-31,"10",,"1"
"12569","1348",1348-02-01,"10",,"1"
"12570","1348",1348-02-02,"10",,"1"
"12571","1348",1348-02-03,"10",,"1"
"12572","1348",1348-02-04,"10",,"1"
"12573","1348",1348-02-05,"10",,"1"
"12574","1348",1348-02-06,"10",,"1"
"12575","1348",1348-02-07,"10",,"1"
"12576","1348",1348-02-08,"10",,"1"
"12577","1348",1348-02-09,"10",,"1"
"12578","1348",1348-02-10,"10",,"1"
"12579","1348",1348-02-11,"10",,"1"
"12580","1348",1348-02-12,"10",,"1"
"12581","1348",1348-02-13,"10",,"1"
"12582","1348",1348-02-14,"10",,"1"
"12583","1348",1348-02-15,"10",,"1"
"12584","1348",1348-02-16,"10",,"1"
"12585","1348",1348-02-17,"10",,"1"
"12586","1348",1348-02-18,"10",,"1"
"12587","1348",1348-02-19,"10",,"1"
"12588","1348",1348-02-20,"10",,"1"
"12589","1348",1348-02-21,"10",,"1"
"12590","1348",1348-02-22,"10",,"1"
"12591","1348",1348-02-23,"10",,"1"
"12592","1348",1348-02-24,"10",,"1"
"12593","1348",1348-02-25,"10",,"1"
"12594","1348",1348-02-26,"10",,"1"
"12595","1348",1348-02-27,"10",,"1"
"12596","1348",1348-02-28,"10",,"1"
"12597","1348",1348-03-01,"10",,"1"
"12598","1348",1348-03-02,"10",,"1"
"12599","1348",1348-03-03,"10",,"1"
"12600","1348",1348-03-04,"10",,"1"
"12601","1348",1348-03-05,"10",,"1"
"12602","1348",1348-03-06,"10",,"1"
"12603","1348",1348-03-07,"10",,"1"
"12604","1348",1348-03-08,"10",,"1"
"12605","1348",1348-03-09,"10",,"1"
"12606","1348",1348-03-10,"10",,"1"
"12607","1348",1348-03-11,"10",,"1"
"12608","1348",1348-03-12,"10",,"1"
"12609","1348",1348-03-13,"10",,"1"
"12610","1348",1348-03-14,"10",,"1"
"12611","1348",1348-03-15,"10",,"1"
"12612","1348",1348-03-16,"10",,"1"
"12613","1348",1348-03-17,"10",,"1"
"12614","1348",1348-03-18,"10",,"1"
"12615","1348",1348-03-19,"10",,"1"
"12616","1348",1348-03-20,"10",,"1"
"12617","1348",1348-03-21,"10",,"1"
"12618","1348",1348-03-22,"10",,"1"
"12619","1348",1348-03-23,"10",,"1"
"12620","1348",1348-03-24,"10",,"1"
"12621","1348",1348-03-25,"10",,"1"
"12622","1348",1348-03-26,"10",,"1"
"12623","1348",1348-03-27,"10",,"1"
"12624","1348",1348-03-28,"10",,"1"
"12625","1348",1348-03-29,"10",,"1"
"12626","1348",1348-03-30,"10",,"1"
"12627","1348",1348-03-31,"10",,"1"
"12628","1348",1348-04-01,"10",,"1"
"12629","1348",1348-04-02,"10",,"1"
"12630","1348",1348-04-03,"10",,"1"
"12631","1348",1348-04-04,"10",,"1"
"12632","1348",1348-04-05,"10",,"1"
"12633","1348",1348-04-07,"10",,"1"
"12634","1348",1348-04-08,"10",,"1"
"12635","1348",1348-04-09,"10",,"1"
"12636","1348",1348-04-10,"10",,"1"
"12637","1348",1348-04-11,"10",,"1"
"12638","1348",1348-04-12,"10",,"1"
"12639","1348",1348-04-15,"10",,"1"
"12640","1348",1348-04-16,"10",,"1"
"12641","1348",1348-04-17,"10",,"1"
"12642","1348",1348-04-19,"10",,"1"
"12643","1348",1348-04-26,"10",,"1"
"12644","1348",1348-04-28,"10",,"1"
"12645","1348",1348-04-29,"10",,"1"
"12646","1348",1348-04-30,"10",,"1"
"12647","1348",1348-05-01,"10",,"1"
"12648","1348",1348-05-02,"10",,"1"
"12649","1348",1348-05-03,"10",,"1"
"12650","1348",1348-05-04,"10",,"1"
"12651","1348",1348-05-05,"10",,"1"
"12652","1348",1348-05-06,"10",,"1"
"12653","1348",1348-05-07,"10",,"1"
"12654","1348",1348-05-08,"10",,"1"
"12655","1348",1348-05-09,"10",,"1"
"12656","1348",1348-05-10,"10",,"1"
"12657","1348",1348-05-11,"10",,"1"
"12658","1348",1348-05-12,"10",,"1"
"12659","1348",1348-05-13,"10",,"1"
"12660","1348",1348-05-14,"10",,"1"
"12661","1348",1348-05-15,"10",,"1"
"12662","1348",1348-05-16,"10",,"1"
"12663","1348",1348-05-17,"10",,"1"
"12664","1348",1348-05-18,"10",,"1"
"12665","1348",1348-05-19,"10",,"1"
"12666","1348",1348-05-20,"10",,"1"
"12667","1348",1348-05-21,"10",,"1"
"12668","1348",1348-05-22,"10",,"1"
"12669","1348",1348-05-23,"10",,"1"
"12670","1348",1348-05-24,"10",,"1"
"12671","1348",1348-05-25,"10",,"1"
"12672","1348",1348-05-26,"10",,"1"
"12673","1348",1348-05-27,"10",,"1"
"12674","1348",1348-05-28,"10",,"1"
"12675","1348",1348-05-29,"10",,"1"
"12676","1348",1348-05-30,"10",,"1"
"12677","1348",1348-05-31,"10",,"1"
"12678","1348",1348-06-01,"10",,"1"
"12679","1348",1348-06-02,"10",,"1"
"12680","1348",1348-06-03,"10",,"1"
"12681","1348",1348-06-04,"10",,"1"
"12682","1348",1348-06-05,"10",,"1"
"12683","1348",1348-06-06,"10",,"1"
"12684","1348",1348-06-07,"10",,"1"
"12685","1348",1348-06-08,"10",,"1"
"12686","1348",1348-06-09,"10",,"1"
"12687","1348",1348-06-10,"10",,"1"
"12688","1348",1348-06-11,"10",,"1"
"12689","1348",1348-06-12,"10",,"1"
"12690","1348",1348-06-17,"10",,"1"
"12691","1348",1348-06-20,"10",,"1"
"12692","1348",1348-06-21,"10",,"1"
"12693","1348",1348-06-30,"10",,"1"
"12694","1349",1349-01-01,"10",,"1"
"12695","1349",1349-01-02,"10",,"1"
"12696","1349",1349-01-03,"10",,"1"
"12697","1349",1349-01-04,"10",,"1"
"12698","1349",1349-01-05,"10",,"1"
"12699","1349",1349-01-06,"10",,"1"
"12700","1349",1349-01-07,"10",,"1"
"12701","1349",1349-01-08,"10",,"1"
"12702","1349",1349-01-09,"10",,"1"
"12703","1349",1349-01-10,"10",,"1"
"12704","1349",1349-01-11,"10",,"1"
"12705","1349",1349-01-12,"10",,"1"
"12706","1349",1349-01-13,"10",,"1"
"12707","1349",1349-01-14,"10",,"1"
"12708","1349",1349-01-15,"10",,"1"
"12709","1349",1349-01-16,"10",,"1"
"12710","1349",1349-01-17,"10",,"1"
"12711","1349",1349-01-18,"10",,"1"
"12712","1349",1349-01-19,"10",,"1"
"12713","1349",1349-01-20,"10",,"1"
"12714","1349",1349-01-21,"10",,"1"
"12715","1349",1349-01-22,"10",,"1"
"12716","1349",1349-01-23,"10",,"1"
"12717","1349",1349-01-24,"10",,"1"
"12718","1349",1349-01-25,"10",,"1"
"12719","1349",1349-01-26,"10",,"1"
"12720","1349",1349-01-27,"10",,"1"
"12721","1349",1349-01-28,"10",,"1"
"12722","1349",1349-01-29,"10",,"1"
"12723","1349",1349-01-30,"10",,"1"
"12724","1349",1349-01-31,"10",,"1"
"12725","1349",1349-02-01,"10",,"1"
"12726","1349",1349-02-02,"10",,"1"
"12727","1349",1349-02-03,"10",,"1"
"12728","1349",1349-02-04,"10",,"1"
"12729","1349",1349-02-05,"10",,"1"
"12730","1349",1349-02-06,"10",,"1"
"12731","1349",1349-02-07,"10",,"1"
"12732","1349",1349-02-08,"10",,"1"
"12733","1349",1349-02-09,"10",,"1"
"12734","1349",1349-02-10,"10",,"1"
"12735","1349",1349-02-11,"10",,"1"
"12736","1349",1349-02-12,"10",,"1"
"12737","1349",1349-02-13,"10",,"1"
"12738","1349",1349-02-14,"10",,"1"
"12739","1349",1349-02-15,"10",,"1"
"12740","1349",1349-02-16,"10",,"1"
"12741","1349",1349-02-17,"10",,"1"
"12742","1349",1349-02-18,"10",,"1"
"12743","1349",1349-02-19,"10",,"1"
"12744","1349",1349-02-20,"10",,"1"
"12745","1349",1349-02-21,"10",,"1"
"12746","1349",1349-02-22,"10",,"1"
"12747","1349",1349-02-23,"10",,"1"
"12748","1349",1349-02-24,"10",,"1"
"12749","1349",1349-02-25,"10",,"1"
"12750","1349",1349-02-26,"10",,"1"
"12751","1349",1349-02-27,"10",,"1"
"12752","1349",1349-02-28,"10",,"1"
"12753","1349",1349-03-01,"10",,"1"
"12754","1349",1349-03-02,"10",,"1"
"12755","1349",1349-03-03,"10",,"1"
"12756","1349",1349-03-04,"10",,"1"
"12757","1349",1349-03-05,"10",,"1"
"12758","1349",1349-03-06,"10",,"1"
"12759","1349",1349-03-07,"10",,"1"
"12760","1349",1349-03-08,"10",,"1"
"12761","1349",1349-03-09,"10",,"1"
"12762","1349",1349-03-10,"10",,"1"
"12763","1349",1349-03-11,"10",,"1"
"12764","1349",1349-03-12,"10",,"1"
"12765","1349",1349-03-13,"10",,"1"
"12766","1349",1349-03-14,"10",,"1"
"12767","1349",1349-03-15,"10",,"1"
"12768","1349",1349-03-16,"10",,"1"
"12769","1349",1349-03-17,"10",,"1"
"12770","1349",1349-03-18,"10",,"1"
"12771","1349",1349-03-19,"10",,"1"
"12772","1349",1349-03-20,"10",,"1"
"12773","1349",1349-03-21,"10",,"1"
"12774","1349",1349-03-22,"10",,"1"
"12775","1349",1349-03-23,"10",,"1"
"12776","1349",1349-03-24,"10",,"1"
"12777","1349",1349-03-25,"10",,"1"
"12778","1349",1349-03-26,"10",,"1"
"12779","1349",1349-03-27,"10",,"1"
"12780","1349",1349-03-28,"10",,"1"
"12781","1349",1349-03-29,"10",,"1"
"12782","1349",1349-03-30,"10",,"1"
"12783","1349",1349-03-31,"10",,"1"
"12784","1349",1349-04-01,"10",,"1"
"12785","1349",1349-04-02,"10",,"1"
"12786","1349",1349-04-03,"10",,"1"
"12787","1349",1349-04-04,"10",,"1"
"12788","1349",1349-04-05,"10",,"1"
"12789","1349",1349-04-06,"10",,"1"
"12790","1349",1349-04-07,"10",,"1"
"12791","1349",1349-04-08,"10",,"1"
"12792","1349",1349-04-09,"10",,"1"
"12793","1349",1349-04-10,"10",,"1"
"12794","1349",1349-04-11,"10",,"1"
"12795","1349",1349-04-12,"10",,"1"
"12796","1349",1349-04-13,"10",,"1"
"12797","1349",1349-04-14,"10",,"1"
"12798","1349",1349-04-15,"10",,"1"
"12799","1349",1349-04-16,"10",,"1"
"12800","1349",1349-04-17,"10",,"1"
"12801","1349",1349-04-18,"10",,"1"
"12802","1349",1349-04-19,"10",,"1"
"12803","1349",1349-04-20,"10",,"1"
"12804","1349",1349-04-21,"10",,"1"
"12805","1349",1349-04-22,"10",,"1"
"12806","1349",1349-04-23,"10",,"1"
"12807","1349",1349-04-24,"10",,"1"
"12808","1349",1349-04-25,"10",,"1"
"12809","1349",1349-04-26,"10",,"1"
"12810","1349",1349-04-27,"10",,"1"
"12811","1349",1349-04-28,"10",,"1"
"12812","1349",1349-04-29,"10",,"1"
"12813","1349",1349-04-30,"10",,"1"
"12814","1349",1349-05-01,"10",,"1"
"12815","1349",1349-05-02,"10",,"1"
"12816","1349",1349-05-03,"10",,"1"
"12817","1349",1349-05-04,"10",,"1"
"12818","1349",1349-05-05,"10",,"1"
"12819","1349",1349-05-06,"10",,"1"
"12820","1349",1349-05-07,"10",,"1"
"12821","1349",1349-05-08,"10",,"1"
"12822","1349",1349-05-09,"10",,"1"
"12823","1349",1349-05-10,"10",,"1"
"12824","1349",1349-05-11,"10",,"1"
"12825","1349",1349-05-12,"10",,"1"
"12826","1349",1349-05-13,"10",,"1"
"12827","1349",1349-05-14,"10",,"1"
"12828","1349",1349-05-15,"10",,"1"
"12829","1349",1349-05-16,"10",,"1"
"12830","1349",1349-05-17,"10",,"1"
"12831","1349",1349-05-18,"10",,"1"
"12832","1349",1349-05-19,"10",,"1"
"12833","1349",1349-05-30,"10",,"1"
"12834","1349",1349-05-31,"10",,"1"
"12835","1349",1349-06-01,"10",,"1"
"12836","1349",1349-06-02,"10",,"1"
"12837","1349",1349-06-03,"10",,"1"
"12838","1349",1349-06-04,"10",,"1"
"12839","1349",1349-06-05,"10",,"1"
"12840","1349",1349-06-09,"10",,"1"
"12841","1349",1349-06-17,"10",,"1"
"12842","1349",1349-06-18,"10",,"1"
"12843","1349",1349-06-19,"10",,"1"
"12844","1349",1349-06-20,"10",,"1"
"12845","1349",1349-06-22,"10",,"1"
"12846","1349",1349-06-23,"10",,"1"
"12847","1349",1349-06-24,"10",,"1"
"12848","1349",1349-06-25,"10",,"1"
"12849","1349",1349-06-26,"10",,"1"
"12850","1349",1349-06-27,"10",,"1"
"12851","1349",1349-06-28,"10",,"1"
"12852","1349",1349-06-29,"10",,"1"
"12853","1349",1349-06-30,"10",,"1"
"12854","1349",1349-07-01,"10",,"1"
"12855","1349",1349-07-02,"10",,"1"
"12856","1349",1349-07-03,"10",,"1"
"12857","1349",1349-07-04,"10",,"1"
"12858","1349",1349-07-05,"10",,"1"
"12859","1349",1349-07-06,"10",,"1"
"12860","1349",1349-07-07,"10",,"1"
"12861","1349",1349-07-08,"10",,"1"
"12862","1349",1349-07-09,"10",,"1"
"12863","1349",1349-07-10,"10",,"1"
"12864","1349",1349-07-11,"10",,"1"
"12865","1349",1349-07-12,"10",,"1"
"12866","1349",1349-07-13,"10",,"1"
"12867","1349",1349-07-14,"10",,"1"
"12868","1349",1349-07-15,"10",,"1"
"12869","1349",1349-07-16,"10",,"1"
"12870","1349",1349-07-17,"10",,"1"
"12871","1349",1349-07-18,"10",,"1"
"12872","1349",1349-07-19,"10",,"1"
"12873","1349",1349-07-20,"10",,"1"
"12874","1349",1349-07-21,"10",,"1"
"12875","1349",1349-07-22,"10",,"1"
"12876","1349",1349-07-23,"10",,"1"
"12877","1349",1349-07-24,"10",,"1"
"12878","1349",1349-07-25,"10",,"1"
"12879","1349",1349-07-26,"10",,"1"
"12880","1349",1349-07-27,"10",,"1"
"12881","1349",1349-07-28,"10",,"1"
"12882","1349",1349-07-29,"10",,"1"
"12883","1349",1349-07-30,"10",,"1"
"12884","1349",1349-07-31,"10",,"1"
"12885","1349",1349-08-01,"10",,"1"
"12886","1349",1349-08-02,"10",,"1"
"12887","1349",1349-08-03,"10",,"1"
"12888","1349",1349-08-04,"10",,"1"
"12889","1349",1349-08-05,"10",,"1"
"12890","1349",1349-08-06,"10",,"1"
"12891","1349",1349-08-07,"10",,"1"
"12892","1349",1349-08-08,"10",,"1"
"12893","1349",1349-08-09,"10",,"1"
"12894","1349",1349-08-10,"10",,"1"
"12895","1349",1349-08-11,"10",,"1"
"12896","1349",1349-08-12,"10",,"1"
"12897","1349",1349-08-13,"10",,"1"
"12898","1349",1349-08-14,"10",,"1"
"12899","1349",1349-08-15,"10",,"1"
"12900","1349",1349-08-16,"10",,"1"
"12901","1349",1349-08-17,"10",,"1"
"12902","1349",1349-08-18,"10",,"1"
"12903","1349",1349-08-19,"10",,"1"
"12904","1349",1349-08-20,"10",,"1"
"12905","1349",1349-08-21,"10",,"1"
"12906","1349",1349-08-22,"10",,"1"
"12907","1349",1349-08-23,"10",,"1"
"12908","1349",1349-08-24,"10",,"1"
"12909","1349",1349-08-25,"10",,"1"
"12910","1349",1349-08-26,"10",,"1"
"12911","1349",1349-08-27,"10",,"1"
"12912","1349",1349-08-28,"10",,"1"
"12913","1349",1349-08-29,"10",,"1"
"12914","1349",1349-08-30,"10",,"1"
"12915","1349",1349-08-31,"10",,"1"
"12916","1349",1349-09-01,"10",,"1"
"12917","1349",1349-09-02,"10",,"1"
"12918","1349",1349-09-03,"10",,"1"
"12919","1349",1349-09-04,"10",,"1"
"12920","1349",1349-09-05,"10",,"1"
"12921","1349",1349-09-06,"10",,"1"
"12922","1349",1349-09-07,"10",,"1"
"12923","1349",1349-09-08,"10",,"1"
"12924","1349",1349-09-09,"10",,"1"
"12925","1349",1349-09-10,"10",,"1"
"12926","1349",1349-09-11,"10",,"1"
"12927","1349",1349-09-12,"10",,"1"
"12928","1349",1349-09-13,"10",,"1"
"12929","1349",1349-09-14,"10",,"1"
"12930","1349",1349-09-15,"10",,"1"
"12931","1349",1349-09-16,"10",,"1"
"12932","1349",1349-09-17,"10",,"1"
"12933","1349",1349-09-18,"10",,"1"
"12934","1349",1349-09-19,"10",,"1"
"12935","1349",1349-09-20,"10",,"1"
"12936","1349",1349-09-21,"10",,"1"
"12937","1349",1349-09-22,"10",,"1"
"12938","1349",1349-09-23,"10",,"1"
"12939","1349",1349-09-24,"10",,"1"
"12940","1349",1349-09-25,"10",,"1"
"12941","1349",1349-09-26,"10",,"1"
"12942","1349",1349-09-27,"10",,"1"
"12943","1349",1349-09-28,"10",,"1"
"12944","1349",1349-09-29,"10",,"1"
"12945","1349",1349-09-30,"10",,"1"
"12946","1349",1349-10-01,"10",,"1"
"12947","1349",1349-10-02,"10",,"1"
"12948","1349",1349-10-03,"10",,"1"
"12949","1349",1349-10-04,"10",,"1"
"12950","1349",1349-10-05,"10",,"1"
"12951","1349",1349-10-06,"10",,"1"
"12952","1349",1349-10-07,"10",,"1"
"12953","1349",1349-10-08,"10",,"1"
"12954","1349",1349-10-09,"10",,"1"
"12955","1349",1349-10-10,"10",,"1"
"12956","1349",1349-10-11,"10",,"1"
"12957","1349",1349-10-12,"10",,"1"
"12958","1349",1349-10-13,"10",,"1"
"12959","1349",1349-10-14,"10",,"1"
"12960","1349",1349-10-15,"10",,"1"
"12961","1349",1349-10-16,"10",,"1"
"12962","1349",1349-10-17,"10",,"1"
"12963","1349",1349-10-18,"10",,"1"
"12964","1349",1349-10-19,"10",,"1"
"12965","1349",1349-10-20,"10",,"1"
"12966","1349",1349-10-21,"10",,"1"
"12967","1349",1349-10-22,"10",,"1"
"12968","1349",1349-10-23,"10",,"1"
"12969","1349",1349-10-24,"10",,"1"
"12970","1349",1349-10-25,"10",,"1"
"12971","1349",1349-10-26,"10",,"1"
"12972","1349",1349-10-27,"10",,"1"
"12973","1349",1349-10-28,"10",,"1"
"12974","1349",1349-10-29,"10",,"1"
"12975","1349",1349-10-30,"10",,"1"
"12976","1349",1349-10-31,"10",,"1"
"12977","1349",1349-11-01,"10",,"1"
"12978","1349",1349-11-02,"10",,"1"
"12979","1349",1349-11-03,"10",,"1"
"12980","1349",1349-11-04,"10",,"1"
"12981","1349",1349-11-05,"10",,"1"
"12982","1349",1349-11-06,"10",,"1"
"12983","1349",1349-11-07,"10",,"1"
"12984","1349",1349-11-08,"10",,"1"
"12985","1349",1349-11-09,"10",,"1"
"12986","1349",1349-11-10,"10",,"1"
"12987","1349",1349-11-11,"10",,"1"
"12988","1349",1349-11-12,"10",,"1"
"12989","1349",1349-11-13,"10",,"1"
"12990","1349",1349-11-14,"10",,"1"
"12991","1349",1349-11-15,"10",,"1"
"12992","1349",1349-11-16,"10",,"1"
"12993","1349",1349-11-17,"10",,"1"
"12994","1349",1349-11-18,"10",,"1"
"12995","1349",1349-11-19,"10",,"1"
"12996","1349",1349-11-20,"10",,"1"
"12997","1349",1349-11-21,"10",,"1"
"12998","1349",1349-11-22,"10",,"1"
"12999","1349",1349-11-23,"10",,"1"
"13000","1349",1349-11-24,"10",,"1"
"13001","1349",1349-11-25,"10",,"1"
"13002","1349",1349-11-26,"10",,"1"
"13003","1349",1349-11-27,"10",,"1"
"13004","1349",1349-11-28,"10",,"1"
"13005","1349",1349-11-29,"10",,"1"
"13006","1349",1349-11-30,"10",,"1"
"13007","1349",1349-12-01,"10",,"1"
"13008","1349",1349-12-02,"10",,"1"
"13009","1349",1349-12-03,"10",,"1"
"13010","1349",1349-12-04,"10",,"1"
"13011","1349",1349-12-05,"10",,"1"
"13012","1349",1349-12-06,"10",,"1"
"13013","1349",1349-12-07,"10",,"1"
"13014","1349",1349-12-08,"10",,"1"
"13015","1349",1349-12-09,"10",,"1"
"13016","1349",1349-12-10,"10",,"1"
"13017","1349",1349-12-11,"10",,"1"
"13018","1349",1349-12-12,"10",,"1"
"13019","1349",1349-12-13,"10",,"1"
"13020","1349",1349-12-14,"10",,"1"
"13021","1349",1349-12-15,"10",,"1"
"13022","1349",1349-12-16,"10",,"1"
"13023","1349",1349-12-17,"10",,"1"
"13024","1349",1349-12-18,"10",,"1"
"13025","1349",1349-12-19,"10",,"1"
"13026","1349",1349-12-20,"10",,"1"
"13027","1349",1349-12-21,"10",,"1"
"13028","1349",1349-12-22,"10",,"1"
"13029","1349",1349-12-23,"10",,"1"
"13030","1349",1349-12-24,"10",,"1"
"13031","1349",1349-12-25,"10",,"1"
"13032","1349",1349-12-26,"10",,"1"
"13033","1349",1349-12-27,"10",,"1"
"13034","1349",1349-12-28,"10",,"1"
"13035","1349",1349-12-29,"10",,"1"
"13036","1349",1349-12-30,"10",,"1"
"13037","1349",1349-12-31,"10",,"1"
"13038","1350",1350-01-01,"10",,"1"
"13039","1350",1350-01-02,"10",,"1"
"13040","1350",1350-01-03,"10",,"1"
"13041","1350",1350-01-04,"10",,"1"
"13042","1350",1350-01-05,"10",,"1"
"13043","1350",1350-01-06,"10",,"1"
"13044","1350",1350-01-07,"10",,"1"
"13045","1350",1350-01-08,"10",,"1"
"13046","1350",1350-01-09,"10",,"1"
"13047","1350",1350-01-10,"10",,"1"
"13048","1350",1350-01-11,"10",,"1"
"13049","1350",1350-01-12,"10",,"1"
"13050","1350",1350-01-13,"10",,"1"
"13051","1350",1350-01-14,"10",,"1"
"13052","1350",1350-01-15,"10",,"1"
"13053","1350",1350-01-16,"10",,"1"
"13054","1350",1350-01-17,"10",,"1"
"13055","1350",1350-01-18,"10",,"1"
"13056","1350",1350-01-19,"10",,"1"
"13057","1350",1350-01-20,"10",,"1"
"13058","1350",1350-01-21,"10",,"1"
"13059","1350",1350-01-22,"10",,"1"
"13060","1350",1350-01-23,"10",,"1"
"13061","1350",1350-01-24,"10",,"1"
"13062","1350",1350-01-25,"10",,"1"
"13063","1350",1350-01-26,"10",,"1"
"13064","1350",1350-01-27,"10",,"1"
"13065","1350",1350-01-28,"10",,"1"
"13066","1350",1350-01-29,"10",,"1"
"13067","1350",1350-01-30,"10",,"1"
"13068","1350",1350-01-31,"10",,"1"
"13069","1350",1350-02-01,"10",,"1"
"13070","1350",1350-02-02,"10",,"1"
"13071","1350",1350-02-03,"10",,"1"
"13072","1350",1350-02-04,"10",,"1"
"13073","1350",1350-02-05,"10",,"1"
"13074","1350",1350-02-06,"10",,"1"
"13075","1350",1350-02-07,"10",,"1"
"13076","1350",1350-02-08,"10",,"1"
"13077","1350",1350-02-09,"10",,"1"
"13078","1350",1350-02-10,"10",,"1"
"13079","1350",1350-02-11,"10",,"1"
"13080","1350",1350-02-12,"10",,"1"
"13081","1350",1350-02-13,"10",,"1"
"13082","1350",1350-02-14,"10",,"1"
"13083","1350",1350-02-15,"10",,"1"
"13084","1350",1350-02-16,"10",,"1"
"13085","1350",1350-02-17,"10",,"1"
"13086","1350",1350-02-18,"10",,"1"
"13087","1350",1350-02-19,"10",,"1"
"13088","1350",1350-02-20,"10",,"1"
"13089","1350",1350-02-21,"10",,"1"
"13090","1350",1350-02-22,"10",,"1"
"13091","1350",1350-02-23,"10",,"1"
"13092","1350",1350-02-24,"10",,"1"
"13093","1350",1350-02-25,"10",,"1"
"13094","1350",1350-02-26,"10",,"1"
"13095","1350",1350-02-27,"10",,"1"
"13096","1350",1350-02-28,"10",,"1"
"13097","1350",1350-03-01,"10",,"1"
"13098","1350",1350-03-02,"10",,"1"
"13099","1350",1350-03-03,"10",,"1"
"13100","1350",1350-03-04,"10",,"1"
"13101","1350",1350-03-05,"10",,"1"
"13102","1350",1350-03-06,"10",,"1"
"13103","1350",1350-03-07,"10",,"1"
"13104","1350",1350-03-08,"10",,"1"
"13105","1350",1350-03-09,"10",,"1"
"13106","1350",1350-03-10,"10",,"1"
"13107","1350",1350-03-11,"10",,"1"
"13108","1350",1350-03-12,"10",,"1"
"13109","1350",1350-03-13,"10",,"1"
"13110","1350",1350-03-14,"10",,"1"
"13111","1350",1350-03-15,"10",,"1"
"13112","1350",1350-03-16,"10",,"1"
"13113","1350",1350-03-17,"10",,"1"
"13114","1350",1350-03-18,"10",,"1"
"13115","1350",1350-03-19,"10",,"1"
"13116","1350",1350-03-20,"10",,"1"
"13117","1350",1350-03-21,"10",,"1"
"13118","1350",1350-03-22,"10",,"1"
"13119","1350",1350-03-23,"10",,"1"
"13120","1350",1350-03-24,"10",,"1"
"13121","1350",1350-03-25,"10",,"1"
"13122","1350",1350-03-26,"10",,"1"
"13123","1350",1350-03-27,"10",,"1"
"13124","1350",1350-03-28,"10",,"1"
"13125","1350",1350-03-29,"10",,"1"
"13126","1350",1350-03-30,"10",,"1"
"13127","1350",1350-04-01,"10",,"1"
"13128","1350",1350-04-02,"10",,"1"
"13129","1350",1350-04-03,"10",,"1"
"13130","1350",1350-04-04,"10",,"1"
"13131","1350",1350-04-05,"10",,"1"
"13132","1350",1350-04-06,"10",,"1"
"13133","1350",1350-04-07,"10",,"1"
"13134","1350",1350-04-08,"10",,"1"
"13135","1350",1350-04-09,"10",,"1"
"13136","1350",1350-04-10,"10",,"1"
"13137","1350",1350-04-11,"10",,"1"
"13138","1350",1350-04-12,"10",,"1"
"13139","1350",1350-04-13,"10",,"1"
"13140","1350",1350-04-14,"10",,"1"
"13141","1350",1350-04-15,"10",,"1"
"13142","1350",1350-04-16,"10",,"1"
"13143","1350",1350-04-17,"10",,"1"
"13144","1350",1350-04-18,"10",,"1"
"13145","1350",1350-04-19,"10",,"1"
"13146","1350",1350-04-20,"10",,"1"
"13147","1350",1350-04-21,"10",,"1"
"13148","1350",1350-04-22,"10",,"1"
"13149","1350",1350-04-23,"10",,"1"
"13150","1350",1350-04-24,"10",,"1"
"13151","1350",1350-04-25,"10",,"1"
"13152","1350",1350-04-26,"10",,"1"
"13153","1350",1350-04-27,"10",,"1"
"13154","1350",1350-04-28,"10",,"1"
"13155","1350",1350-04-29,"10",,"1"
"13156","1350",1350-04-30,"10",,"1"
"13157","1350",1350-05-01,"10",,"1"
"13158","1350",1350-05-02,"10",,"1"
"13159","1350",1350-05-03,"10",,"1"
"13160","1350",1350-05-04,"10",,"1"
"13161","1350",1350-05-05,"10",,"1"
"13162","1350",1350-05-06,"10",,"1"
"13163","1350",1350-05-07,"10",,"1"
"13164","1350",1350-05-08,"10",,"1"
"13165","1350",1350-05-09,"10",,"1"
"13166","1350",1350-05-10,"10",,"1"
"13167","1350",1350-05-11,"10",,"1"
"13168","1350",1350-05-12,"10",,"1"
"13169","1350",1350-05-13,"10",,"1"
"13170","1350",1350-05-14,"10",,"1"
"13171","1350",1350-05-15,"10",,"1"
"13172","1350",1350-05-16,"10",,"1"
"13173","1350",1350-05-17,"10",,"1"
"13174","1350",1350-05-18,"10",,"1"
"13175","1350",1350-05-19,"10",,"1"
"13176","1350",1350-05-20,"10",,"1"
"13177","1350",1350-05-21,"10",,"1"
"13178","1350",1350-05-22,"10",,"1"
"13179","1350",1350-05-23,"10",,"1"
"13180","1350",1350-05-24,"10",,"1"
"13181","1350",1350-05-25,"10",,"1"
"13182","1350",1350-05-26,"10",,"1"
"13183","1350",1350-05-27,"10",,"1"
"13184","1350",1350-05-28,"10",,"1"
"13185","1350",1350-05-29,"10",,"1"
"13186","1350",1350-05-30,"10",,"1"
"13187","1350",1350-05-31,"10",,"1"
"13188","1350",1350-06-01,"10",,"1"
"13189","1350",1350-06-02,"10",,"1"
"13190","1350",1350-06-03,"10",,"1"
"13191","1350",1350-06-04,"10",,"1"
"13192","1350",1350-06-05,"10",,"1"
"13193","1350",1350-06-06,"10",,"1"
"13194","1350",1350-06-07,"10",,"1"
"13195","1350",1350-06-08,"10",,"1"
"13196","1350",1350-06-09,"10",,"1"
"13197","1350",1350-06-10,"10",,"1"
"13198","1350",1350-06-11,"10",,"1"
"13199","1350",1350-06-12,"10",,"1"
"13200","1350",1350-06-13,"10",,"1"
"13201","1350",1350-06-14,"10",,"1"
"13202","1350",1350-06-15,"10",,"1"
"13203","1350",1350-06-16,"10",,"1"
"13204","1350",1350-06-17,"10",,"1"
"13205","1350",1350-06-18,"10",,"1"
"13206","1350",1350-06-19,"10",,"1"
"13207","1350",1350-06-20,"10",,"1"
"13208","1350",1350-06-21,"10",,"1"
"13209","1350",1350-06-22,"10",,"1"
"13210","1350",1350-06-23,"10",,"1"
"13211","1350",1350-06-24,"10",,"1"
"13212","1350",1350-06-25,"10",,"1"
"13213","1350",1350-06-26,"10",,"1"
"13214","1350",1350-06-27,"10",,"1"
"13215","1350",1350-06-28,"10",,"1"
"13216","1350",1350-06-29,"10",,"1"
"13217","1350",1350-06-30,"10",,"1"
"13218","1351",1351-07-01,"10",,"1"
"13219","1351",1351-07-02,"10",,"1"
"13220","1351",1351-07-04,"10",,"1"
"13221","1351",1351-07-05,"10",,"1"
"13222","1351",1351-07-06,"10",,"1"
"13223","1351",1351-07-07,"10",,"1"
"13224","1351",1351-07-08,"10",,"1"
"13225","1351",1351-07-09,"10",,"1"
"13226","1351",1351-07-11,"10",,"1"
"13227","1351",1351-07-12,"10",,"1"
"13228","1351",1351-07-13,"10",,"1"
"13229","1351",1351-07-14,"10",,"1"
"13230","1351",1351-07-15,"10",,"1"
"13231","1351",1351-07-16,"10",,"1"
"13232","1351",1351-07-18,"10",,"1"
"13233","1351",1351-07-19,"10",,"1"
"13234","1351",1351-07-20,"10",,"1"
"13235","1351",1351-07-21,"10",,"1"
"13236","1351",1351-07-22,"10",,"1"
"13237","1351",1351-07-23,"10",,"1"
"13238","1351",1351-07-25,"10",,"1"
"13239","1351",1351-07-26,"10",,"1"
"13240","1351",1351-07-27,"10",,"1"
"13241","1351",1351-07-28,"10",,"1"
"13242","1351",1351-07-29,"10",,"1"
"13243","1351",1351-07-30,"10",,"1"
"13244","1351",1351-08-01,"10",,"1"
"13245","1351",1351-08-02,"10",,"1"
"13246","1351",1351-08-03,"10",,"1"
"13247","1351",1351-08-04,"10",,"1"
"13248","1351",1351-08-05,"10",,"1"
"13249","1351",1351-08-06,"10",,"1"
"13250","1351",1351-08-08,"10",,"1"
"13251","1351",1351-08-09,"10",,"1"
"13252","1351",1351-08-11,"10",,"1"
"13253","1351",1351-08-12,"10",,"1"
"13254","1351",1351-08-13,"10",,"1"
"13255","1351",1351-08-14,"10",,"1"
"13256","1351",1351-08-16,"10",,"1"
"13257","1351",1351-08-17,"10",,"1"
"13258","1351",1351-08-18,"10",,"1"
"13259","1351",1351-08-19,"10",,"1"
"13260","1351",1351-08-20,"10",,"1"
"13261","1351",1351-08-22,"10",,"1"
"13262","1351",1351-08-23,"10",,"1"
"13263","1351",1351-08-25,"10",,"1"
"13264","1351",1351-08-26,"10",,"1"
"13265","1351",1351-08-27,"10",,"1"
"13266","1351",1351-08-29,"10",,"1"
"13267","1351",1351-08-30,"10",,"1"
"13268","1351",1351-08-31,"10",,"1"
"13269","1351",1351-09-01,"10",,"1"
"13270","1351",1351-09-02,"10",,"1"
"13271","1351",1351-09-03,"10",,"1"
"13272","1351",1351-09-05,"10",,"1"
"13273","1351",1351-09-06,"10",,"1"
"13274","1351",1351-09-07,"10",,"1"
"13275","1351",1351-09-09,"10",,"1"
"13276","1351",1351-09-10,"10",,"1"
"13277","1351",1351-09-12,"10",,"1"
"13278","1351",1351-09-13,"10",,"1"
"13279","1351",1351-09-15,"10",,"1"
"13280","1351",1351-09-16,"10",,"1"
"13281","1351",1351-09-17,"10",,"1"
"13282","1351",1351-09-19,"10",,"1"
"13283","1351",1351-09-20,"10",,"1"
"13284","1351",1351-09-22,"10",,"1"
"13285","1351",1351-09-23,"10",,"1"
"13286","1351",1351-09-24,"10",,"1"
"13287","1351",1351-09-25,"10",,"1"
"13288","1351",1351-09-26,"10",,"1"
"13289","1351",1351-09-27,"10",,"1"
"13290","1351",1351-09-28,"10",,"1"
"13291","1351",1351-09-30,"10",,"1"
"13292","1351",1351-10-01,"10",,"1"
"13293","1351",1351-10-03,"10",,"1"
"13294","1351",1351-10-04,"10",,"1"
"13295","1351",1351-10-05,"10",,"1"
"13296","1351",1351-10-06,"10",,"1"
"13297","1351",1351-10-07,"10",,"1"
"13298","1351",1351-10-08,"10",,"1"
"13299","1351",1351-10-10,"10",,"1"
"13300","1351",1351-10-11,"10",,"1"
"13301","1351",1351-10-12,"10",,"1"
"13302","1351",1351-10-13,"10",,"1"
"13303","1351",1351-10-14,"10",,"1"
"13304","1351",1351-10-15,"10",,"1"
"13305","1351",1351-10-17,"10",,"1"
"13306","1351",1351-10-19,"10",,"1"
"13307","1351",1351-10-20,"10",,"1"
"13308","1351",1351-10-21,"10",,"1"
"13309","1351",1351-10-22,"10",,"1"
"13310","1351",1351-10-24,"10",,"1"
"13311","1351",1351-10-25,"10",,"1"
"13312","1351",1351-10-26,"10",,"1"
"13313","1351",1351-10-27,"10",,"1"
"13314","1351",1351-10-28,"10",,"1"
"13315","1351",1351-10-29,"10",,"1"
"13316","1351",1351-10-30,"10",,"1"
"13317","1351",1351-10-31,"10",,"1"
"13318","1351",1351-11-02,"10",,"1"
"13319","1351",1351-11-03,"10",,"1"
"13320","1351",1351-11-04,"10",,"1"
"13321","1351",1351-11-05,"10",,"1"
"13322","1351",1351-11-07,"10",,"1"
"13323","1351",1351-11-08,"10",,"1"
"13324","1351",1351-11-10,"10",,"1"
"13325","1351",1351-11-12,"10",,"1"
"13326","1351",1351-11-14,"10",,"1"
"13327","1351",1351-11-15,"10",,"1"
"13328","1351",1351-11-16,"10",,"1"
"13329","1351",1351-11-17,"10",,"1"
"13330","1351",1351-11-18,"10",,"1"
"13331","1351",1351-11-19,"10",,"1"
"13332","1351",1351-11-21,"10",,"1"
"13333","1351",1351-11-22,"10",,"1"
"13334","1351",1351-11-24,"10",,"1"
"13335","1351",1351-11-25,"10",,"1"
"13336","1351",1351-11-26,"10",,"1"
"13337","1351",1351-11-28,"10",,"1"
"13338","1351",1351-11-29,"10",,"1"
"13339","1351",1351-12-02,"10",,"1"
"13340","1351",1351-12-03,"10",,"1"
"13341","1351",1351-12-05,"10",,"1"
"13342","1351",1351-12-07,"10",,"1"
"13343","1351",1351-12-08,"10",,"1"
"13344","1351",1351-12-09,"10",,"1"
"13345","1351",1351-12-10,"10",,"1"
"13346","1351",1351-12-12,"10",,"1"
"13347","1351",1351-12-14,"10",,"1"
"13348","1351",1351-12-15,"10",,"1"
"13349","1351",1351-12-16,"10",,"1"
"13350","1351",1351-12-17,"10",,"1"
"13351","1351",1351-12-19,"10",,"1"
"13352","1351",1351-12-20,"10",,"1"
"13353","1351",1351-12-21,"10",,"1"
"13354","1351",1351-12-22,"10",,"1"
"13355","1351",1351-12-23,"10",,"1"
"13356","1351",1351-12-24,"10",,"1"
"13357","1351",1351-12-27,"10",,"1"
"13358","1351",1351-12-28,"10",,"1"
"13359","1351",1351-12-29,"10",,"1"
"13360","1351",1351-12-30,"10",,"1"
"13361","1351",1351-12-31,"10",,"1"
"13362","1352",1352-01-03,"10",,"1"
"13363","1352",1352-01-04,"10",,"1"
"13364","1352",1352-01-05,"10",,"1"
"13365","1352",1352-01-07,"10",,"1"
"13366","1352",1352-01-09,"10",,"1"
"13367","1352",1352-01-10,"10",,"1"
"13368","1352",1352-01-11,"10",,"1"
"13369","1352",1352-01-12,"10",,"1"
"13370","1352",1352-01-13,"10",,"1"
"13371","1352",1352-01-14,"10",,"1"
"13372","1352",1352-01-16,"10",,"1"
"13373","1352",1352-01-17,"10",,"1"
"13374","1352",1352-01-18,"10",,"1"
"13375","1352",1352-01-19,"10",,"1"
"13376","1352",1352-01-21,"10",,"1"
"13377","1352",1352-01-23,"10",,"1"
"13378","1352",1352-01-24,"10",,"1"
"13379","1352",1352-01-25,"10",,"1"
"13380","1352",1352-01-26,"10",,"1"
"13381","1352",1352-01-27,"10",,"1"
"13382","1352",1352-01-28,"10",,"1"
"13383","1352",1352-01-31,"10",,"1"
"13384","1352",1352-02-01,"10",,"1"
"13385","1352",1352-02-03,"10",,"1"
"13386","1352",1352-02-04,"10",,"1"
"13387","1352",1352-02-06,"10",,"1"
"13388","1352",1352-02-07,"10",,"1"
"13389","1352",1352-02-08,"10",,"1"
"13390","1352",1352-02-09,"10",,"1"
"13391","1352",1352-02-10,"10",,"1"
"13392","1352",1352-02-11,"10",,"1"
"13393","1352",1352-02-13,"10",,"1"
"13394","1352",1352-02-14,"10",,"1"
"13395","1352",1352-02-15,"10",,"1"
"13396","1352",1352-02-16,"10",,"1"
"13397","1352",1352-02-17,"10",,"1"
"13398","1352",1352-02-18,"10",,"1"
"13399","1352",1352-02-20,"10",,"1"
"13400","1352",1352-02-21,"10",,"1"
"13401","1352",1352-02-23,"10",,"1"
"13402","1352",1352-02-24,"10",,"1"
"13403","1352",1352-02-25,"10",,"1"
"13404","1352",1352-02-27,"10",,"1"
"13405","1352",1352-02-28,"10",,"1"
"13406","1352",1352-03-01,"10",,"1"
"13407","1352",1352-03-02,"10",,"1"
"13408","1352",1352-03-05,"10",,"1"
"13409","1352",1352-03-06,"10",,"1"
"13410","1352",1352-03-08,"10",,"1"
"13411","1352",1352-03-09,"10",,"1"
"13412","1352",1352-03-10,"10",,"1"
"13413","1352",1352-03-12,"10",,"1"
"13414","1352",1352-03-13,"10",,"1"
"13415","1352",1352-03-14,"10",,"1"
"13416","1352",1352-03-15,"10",,"1"
"13417","1352",1352-03-16,"10",,"1"
"13418","1352",1352-03-17,"10",,"1"
"13419","1352",1352-03-19,"10",,"1"
"13420","1352",1352-03-20,"10",,"1"
"13421","1352",1352-03-21,"10",,"1"
"13422","1352",1352-03-22,"10",,"1"
"13423","1352",1352-03-24,"10",,"1"
"13424","1352",1352-03-26,"10",,"1"
"13425","1352",1352-03-27,"10",,"1"
"13426","1352",1352-03-29,"10",,"1"
"13427","1352",1352-03-31,"10",,"1"
"13428","1352",1352-04-03,"10",,"1"
"13429","1352",1352-04-04,"10",,"1"
"13430","1352",1352-04-07,"10",,"1"
"13431","1352",1352-04-11,"10",,"1"
"13432","1352",1352-04-12,"10",,"1"
"13433","1352",1352-04-13,"10",,"1"
"13434","1352",1352-04-14,"10",,"1"
"13435","1352",1352-04-16,"10",,"1"
"13436","1352",1352-04-17,"10",,"1"
"13437","1352",1352-04-18,"10",,"1"
"13438","1352",1352-04-20,"10",,"1"
"13439","1352",1352-04-21,"10",,"1"
"13440","1352",1352-04-23,"10",,"1"
"13441","1352",1352-04-25,"10",,"1"
"13442","1352",1352-04-26,"10",,"1"
"13443","1352",1352-04-27,"10",,"1"
"13444","1352",1352-04-28,"10",,"1"
"13445","1352",1352-04-30,"10",,"1"
"13446","1352",1352-05-01,"10",,"1"
"13447","1352",1352-05-02,"10",,"1"
"13448","1352",1352-05-04,"10",,"1"
"13449","1352",1352-05-05,"10",,"1"
"13450","1352",1352-05-07,"10",,"1"
"13451","1352",1352-05-09,"10",,"1"
"13452","1352",1352-05-10,"10",,"1"
"13453","1352",1352-05-11,"10",,"1"
"13454","1352",1352-05-12,"10",,"1"
"13455","1352",1352-05-14,"10",,"1"
"13456","1352",1352-05-16,"10",,"1"
"13457","1352",1352-05-19,"10",,"1"
"13458","1352",1352-05-21,"10",,"1"
"13459","1352",1352-05-22,"10",,"1"
"13460","1352",1352-05-23,"10",,"1"
"13461","1352",1352-05-24,"10",,"1"
"13462","1352",1352-05-25,"10",,"1"
"13463","1352",1352-05-26,"10",,"1"
"13464","1352",1352-05-30,"10",,"1"
"13465","1352",1352-05-31,"10",,"1"
"13466","1352",1352-06-01,"10",,"1"
"13467","1352",1352-06-02,"10",,"1"
"13468","1352",1352-06-04,"10",,"1"
"13469","1352",1352-06-05,"10",,"1"
"13470","1352",1352-06-06,"10",,"1"
"13471","1352",1352-06-08,"10",,"1"
"13472","1352",1352-06-09,"10",,"1"
"13473","1352",1352-06-11,"10",,"1"
"13474","1352",1352-06-12,"10",,"1"
"13475","1352",1352-06-13,"10",,"1"
"13476","1352",1352-06-14,"10",,"1"
"13477","1352",1352-06-15,"10",,"1"
"13478","1352",1352-06-16,"10",,"1"
"13479","1352",1352-06-18,"10",,"1"
"13480","1352",1352-06-20,"10",,"1"
"13481","1352",1352-06-22,"10",,"1"
"13482","1352",1352-06-23,"10",,"1"
"13483","1352",1352-06-25,"10",,"1"
"13484","1352",1352-06-27,"10",,"1"
"13485","1352",1352-06-28,"10",,"1"
"13486","1352",1352-06-30,"10",,"1"
"13487","1352",1352-07-03,"10",,"1"
"13488","1352",1352-09-15,"10",,"1"
"13489","1352",1352-09-17,"10",,"1"
"13490","1352",1352-09-18,"10",,"1"
"13491","1352",1352-09-19,"10",,"1"
"13492","1352",1352-09-20,"10",,"1"
"13493","1352",1352-09-22,"10",,"1"
"13494","1352",1352-09-24,"10",,"1"
"13495","1352",1352-09-25,"10",,"1"
"13496","1352",1352-09-26,"10",,"1"
"13497","1352",1352-09-27,"10",,"1"
"13498","1352",1352-09-28,"10",,"1"
"13499","1352",1352-09-29,"10",,"1"
"13500","1352",1352-10-01,"10",,"1"
"13501","1352",1352-10-02,"10",,"1"
"13502","1352",1352-10-03,"10",,"1"
"13503","1352",1352-10-04,"10",,"1"
"13504","1352",1352-10-05,"10",,"1"
"13505","1352",1352-10-06,"10",,"1"
"13506","1352",1352-10-08,"10",,"1"
"13507","1352",1352-10-10,"10",,"1"
"13508","1352",1352-10-11,"10",,"1"
"13509","1352",1352-10-15,"10",,"1"
"13510","1352",1352-10-16,"10",,"1"
"13511","1352",1352-10-17,"10",,"1"
"13512","1352",1352-10-19,"10",,"1"
"13513","1352",1352-10-20,"10",,"1"
"13514","1352",1352-10-22,"10",,"1"
"13515","1352",1352-10-23,"10",,"1"
"13516","1352",1352-10-24,"10",,"1"
"13517","1352",1352-10-26,"10",,"1"
"13518","1352",1352-10-27,"10",,"1"
"13519","1352",1352-10-29,"10",,"1"
"13520","1352",1352-10-31,"10",,"1"
"13521","1352",1352-11-02,"10",,"1"
"13522","1352",1352-11-03,"10",,"1"
"13523","1352",1352-11-05,"10",,"1"
"13524","1352",1352-11-06,"10",,"1"
"13525","1352",1352-11-07,"10",,"1"
"13526","1352",1352-11-08,"10",,"1"
"13527","1352",1352-11-09,"10",,"1"
"13528","1352",1352-11-10,"10",,"1"
"13529","1352",1352-11-12,"10",,"1"
"13530","1352",1352-11-13,"10",,"1"
"13531","1352",1352-11-14,"10",,"1"
"13532","1352",1352-11-15,"10",,"1"
"13533","1352",1352-11-16,"10",,"1"
"13534","1352",1352-11-17,"10",,"1"
"13535","1352",1352-11-19,"10",,"1"
"13536","1352",1352-11-20,"10",,"1"
"13537","1352",1352-11-22,"10",,"1"
"13538","1352",1352-11-24,"10",,"1"
"13539","1352",1352-11-26,"10",,"1"
"13540","1352",1352-11-27,"10",,"1"
"13541","1352",1352-11-28,"10",,"1"
"13542","1352",1352-11-29,"10",,"1"
"13543","1352",1352-12-01,"10",,"1"
"13544","1352",1352-12-03,"10",,"1"
"13545","1352",1352-12-04,"10",,"1"
"13546","1352",1352-12-05,"10",,"1"
"13547","1352",1352-12-06,"10",,"1"
"13548","1352",1352-12-07,"10",,"1"
"13549","1352",1352-12-08,"10",,"1"
"13550","1352",1352-12-11,"10",,"1"
"13551","1352",1352-12-12,"10",,"1"
"13552","1352",1352-12-14,"10",,"1"
"13553","1352",1352-12-17,"10",,"1"
"13554","1352",1352-12-18,"10",,"1"
"13555","1352",1352-12-19,"10",,"1"
"13556","1352",1352-12-20,"10",,"1"
"13557","1352",1352-12-22,"10",,"1"
"13558","1352",1352-12-24,"10",,"1"
"13559","1352",1352-12-28,"10",,"1"
"13560","1352",1352-12-29,"10",,"1"
"13561","1352",1352-12-31,"10",,"1"
"13562","1354",1354-01-02,"10",,"1"
"13563","1354",1354-01-03,"10",,"1"
"13564","1354",1354-01-04,"10",,"1"
"13565","1354",1354-01-07,"10",,"1"
"13566","1354",1354-01-08,"10",,"1"
"13567","1354",1354-01-09,"10",,"1"
"13568","1354",1354-01-10,"10",,"1"
"13569","1354",1354-01-11,"10",,"1"
"13570","1354",1354-01-13,"10",,"1"
"13571","1354",1354-01-14,"10",,"1"
"13572","1354",1354-01-15,"10",,"1"
"13573","1354",1354-01-16,"10",,"1"
"13574","1354",1354-01-18,"10",,"1"
"13575","1354",1354-01-21,"10",,"1"
"13576","1354",1354-01-22,"10",,"1"
"13577","1354",1354-01-23,"10",,"1"
"13578","1354",1354-01-24,"10",,"1"
"13579","1354",1354-01-25,"10",,"1"
"13580","1354",1354-01-27,"10",,"1"
"13581","1354",1354-01-28,"10",,"1"
"13582","1354",1354-01-29,"10",,"1"
"13583","1354",1354-01-30,"10",,"1"
"13584","1354",1354-01-31,"10",,"1"
"13585","1354",1354-02-01,"10",,"1"
"13586","1354",1354-02-03,"10",,"1"
"13587","1354",1354-02-04,"10",,"1"
"13588","1354",1354-02-05,"10",,"1"
"13589","1354",1354-02-06,"10",,"1"
"13590","1354",1354-02-07,"10",,"1"
"13591","1354",1354-02-08,"10",,"1"
"13592","1354",1354-02-10,"10",,"1"
"13593","1354",1354-02-11,"10",,"1"
"13594","1354",1354-02-12,"10",,"1"
"13595","1354",1354-02-13,"10",,"1"
"13596","1354",1354-02-14,"10",,"1"
"13597","1354",1354-02-15,"10",,"1"
"13598","1354",1354-02-17,"10",,"1"
"13599","1354",1354-02-18,"10",,"1"
"13600","1354",1354-02-19,"10",,"1"
"13601","1354",1354-02-20,"10",,"1"
"13602","1354",1354-02-21,"10",,"1"
"13603","1354",1354-02-22,"10",,"1"
"13604","1354",1354-02-24,"10",,"1"
"13605","1354",1354-02-25,"10",,"1"
"13606","1354",1354-02-26,"10",,"1"
"13607","1354",1354-02-27,"10",,"1"
"13608","1354",1354-02-28,"10",,"1"
"13609","1354",1354-03-01,"10",,"1"
"13610","1354",1354-03-03,"10",,"1"
"13611","1354",1354-03-04,"10",,"1"
"13612","1354",1354-03-05,"10",,"1"
"13613","1354",1354-03-06,"10",,"1"
"13614","1354",1354-03-07,"10",,"1"
"13615","1354",1354-03-08,"10",,"1"
"13616","1354",1354-03-10,"10",,"1"
"13617","1354",1354-03-11,"10",,"1"
"13618","1354",1354-03-12,"10",,"1"
"13619","1354",1354-03-13,"10",,"1"
"13620","1354",1354-03-14,"10",,"1"
"13621","1354",1354-03-15,"10",,"1"
"13622","1354",1354-03-17,"10",,"1"
"13623","1354",1354-03-18,"10",,"1"
"13624","1354",1354-03-19,"10",,"1"
"13625","1354",1354-03-20,"10",,"1"
"13626","1354",1354-03-21,"10",,"1"
"13627","1354",1354-03-22,"10",,"1"
"13628","1354",1354-03-24,"10",,"1"
"13629","1354",1354-03-25,"10",,"1"
"13630","1354",1354-03-26,"10",,"1"
"13631","1354",1354-03-27,"10",,"1"
"13632","1354",1354-03-29,"10",,"1"
"13633","1354",1354-03-31,"10",,"1"
"13634","1354",1354-04-01,"10",,"1"
"13635","1354",1354-04-02,"10",,"1"
"13636","1354",1354-04-03,"10",,"1"
"13637","1354",1354-04-04,"10",,"1"
"13638","1354",1354-04-05,"10",,"1"
"13639","1354",1354-04-07,"10",,"1"
"13640","1354",1354-04-08,"10",,"1"
"13641","1354",1354-04-09,"10",,"1"
"13642","1354",1354-04-10,"10",,"1"
"13643","1354",1354-04-12,"10",,"1"
"13644","1354",1354-04-16,"10",,"1"
"13645","1354",1354-04-17,"10",,"1"
"13646","1354",1354-04-18,"10",,"1"
"13647","1354",1354-04-19,"10",,"1"
"13648","1354",1354-04-21,"10",,"1"
"13649","1354",1354-04-22,"10",,"1"
"13650","1354",1354-04-23,"10",,"1"
"13651","1354",1354-04-24,"10",,"1"
"13652","1354",1354-04-25,"10",,"1"
"13653","1354",1354-04-26,"10",,"1"
"13654","1354",1354-04-28,"10",,"1"
"13655","1354",1354-04-29,"10",,"1"
"13656","1354",1354-04-30,"10",,"1"
"13657","1354",1354-05-01,"10",,"1"
"13658","1354",1354-05-02,"10",,"1"
"13659","1354",1354-05-03,"10",,"1"
"13660","1354",1354-05-05,"10",,"1"
"13661","1354",1354-05-07,"10",,"1"
"13662","1354",1354-05-09,"10",,"1"
"13663","1354",1354-05-12,"10",,"1"
"13664","1354",1354-05-13,"10",,"1"
"13665","1354",1354-05-14,"10",,"1"
"13666","1354",1354-05-15,"10",,"1"
"13667","1354",1354-05-16,"10",,"1"
"13668","1354",1354-05-17,"10",,"1"
"13669","1354",1354-05-19,"10",,"1"
"13670","1354",1354-05-20,"10",,"1"
"13671","1354",1354-05-21,"10",,"1"
"13672","1354",1354-05-23,"10",,"1"
"13673","1354",1354-05-24,"10",,"1"
"13674","1354",1354-05-26,"10",,"1"
"13675","1354",1354-05-27,"10",,"1"
"13676","1354",1354-05-28,"10",,"1"
"13677","1354",1354-05-29,"10",,"1"
"13678","1354",1354-05-30,"10",,"1"
"13679","1354",1354-05-31,"10",,"1"
"13680","1354",1354-06-02,"10",,"1"
"13681","1354",1354-06-03,"10",,"1"
"13682","1354",1354-06-04,"10",,"1"
"13683","1354",1354-06-05,"10",,"1"
"13684","1354",1354-06-06,"10",,"1"
"13685","1354",1354-06-07,"10",,"1"
"13686","1354",1354-06-09,"10",,"1"
"13687","1354",1354-06-10,"10",,"1"
"13688","1354",1354-06-13,"10",,"1"
"13689","1354",1354-06-14,"10",,"1"
"13690","1354",1354-06-16,"10",,"1"
"13691","1354",1354-06-17,"10",,"1"
"13692","1354",1354-06-18,"10",,"1"
"13693","1354",1354-06-19,"10",,"1"
"13694","1354",1354-06-20,"10",,"1"
"13695","1354",1354-06-21,"10",,"1"
"13696","1354",1354-06-23,"10",,"1"
"13697","1354",1354-06-25,"10",,"1"
"13698","1354",1354-06-26,"10",,"1"
"13699","1354",1354-06-27,"10",,"1"
"13700","1354",1354-06-28,"10",,"1"
"13701","1354",1354-06-30,"10",,"1"
"13702","1354",1354-07-02,"10",,"1"
"13703","1354",1354-07-03,"10",,"1"
"13704","1354",1354-07-14,"10",,"1"
"13705","1354",1354-07-15,"10",,"1"
"13706","1354",1354-07-16,"10",,"1"
"13707","1354",1354-07-17,"10",,"1"
"13708","1354",1354-07-18,"10",,"1"
"13709","1354",1354-07-19,"10",,"1"
"13710","1354",1354-07-21,"10",,"1"
"13711","1354",1354-07-22,"10",,"1"
"13712","1354",1354-07-23,"10",,"1"
"13713","1354",1354-07-24,"10",,"1"
"13714","1354",1354-07-25,"10",,"1"
"13715","1354",1354-07-26,"10",,"1"
"13716","1354",1354-07-28,"10",,"1"
"13717","1354",1354-07-29,"10",,"1"
"13718","1354",1354-07-30,"10",,"1"
"13719","1354",1354-07-31,"10",,"1"
"13720","1354",1354-08-01,"10",,"1"
"13721","1354",1354-08-02,"10",,"1"
"13722","1354",1354-08-04,"10",,"1"
"13723","1354",1354-08-06,"10",,"1"
"13724","1354",1354-08-07,"10",,"1"
"13725","1354",1354-08-08,"10",,"1"
"13726","1354",1354-08-09,"10",,"1"
"13727","1354",1354-08-11,"10",,"1"
"13728","1354",1354-08-12,"10",,"1"
"13729","1354",1354-08-13,"10",,"1"
"13730","1354",1354-08-14,"10",,"1"
"13731","1354",1354-08-16,"10",,"1"
"13732","1354",1354-08-17,"10",,"1"
"13733","1354",1354-08-18,"10",,"1"
"13734","1354",1354-08-19,"10",,"1"
"13735","1354",1354-08-20,"10",,"1"
"13736","1354",1354-08-21,"10",,"1"
"13737","1354",1354-08-22,"10",,"1"
"13738","1354",1354-08-23,"10",,"1"
"13739","1354",1354-08-25,"10",,"1"
"13740","1354",1354-08-26,"10",,"1"
"13741","1354",1354-08-27,"10",,"1"
"13742","1354",1354-08-28,"10",,"1"
"13743","1354",1354-08-31,"10",,"1"
"13744","1354",1354-09-01,"10",,"1"
"13745","1354",1354-09-03,"10",,"1"
"13746","1354",1354-09-04,"10",,"1"
"13747","1354",1354-09-05,"10",,"1"
"13748","1354",1354-09-06,"10",,"1"
"13749","1354",1354-09-09,"10",,"1"
"13750","1354",1354-09-10,"10",,"1"
"13751","1354",1354-09-11,"10",,"1"
"13752","1354",1354-09-12,"10",,"1"
"13753","1354",1354-09-13,"10",,"1"
"13754","1354",1354-09-15,"10",,"1"
"13755","1354",1354-09-16,"10",,"1"
"13756","1354",1354-09-17,"10",,"1"
"13757","1354",1354-09-18,"10",,"1"
"13758","1354",1354-09-19,"10",,"1"
"13759","1354",1354-09-20,"10",,"1"
"13760","1354",1354-09-23,"10",,"1"
"13761","1354",1354-09-24,"10",,"1"
"13762","1354",1354-09-25,"10",,"1"
"13763","1354",1354-09-26,"10",,"1"
"13764","1354",1354-09-27,"10",,"1"
"13765","1354",1354-09-29,"10",,"1"
"13766","1354",1354-09-30,"10",,"1"
"13767","1354",1354-10-01,"10",,"1"
"13768","1354",1354-10-02,"10",,"1"
"13769","1354",1354-10-03,"10",,"1"
"13770","1354",1354-10-04,"10",,"1"
"13771","1354",1354-10-06,"10",,"1"
"13772","1354",1354-10-07,"10",,"1"
"13773","1354",1354-10-08,"10",,"1"
"13774","1354",1354-10-10,"10",,"1"
"13775","1354",1354-10-11,"10",,"1"
"13776","1354",1354-10-13,"10",,"1"
"13777","1354",1354-10-14,"10",,"1"
"13778","1354",1354-10-15,"10",,"1"
"13779","1354",1354-10-16,"10",,"1"
"13780","1354",1354-10-17,"10",,"1"
"13781","1354",1354-10-18,"10",,"1"
"13782","1354",1354-10-20,"10",,"1"
"13783","1354",1354-10-22,"10",,"1"
"13784","1354",1354-10-23,"10",,"1"
"13785","1354",1354-10-24,"10",,"1"
"13786","1354",1354-10-25,"10",,"1"
"13787","1354",1354-10-27,"10",,"1"
"13788","1354",1354-10-28,"10",,"1"
"13789","1354",1354-10-30,"10",,"1"
"13790","1354",1354-11-03,"10",,"1"
"13791","1354",1354-11-04,"10",,"1"
"13792","1354",1354-11-05,"10",,"1"
"13793","1354",1354-11-06,"10",,"1"
"13794","1354",1354-11-07,"10",,"1"
"13795","1354",1354-11-08,"10",,"1"
"13796","1354",1354-11-10,"10",,"1"
"13797","1354",1354-11-11,"10",,"1"
"13798","1354",1354-11-12,"10",,"1"
"13799","1354",1354-11-13,"10",,"1"
"13800","1354",1354-11-14,"10",,"1"
"13801","1354",1354-11-15,"10",,"1"
"13802","1354",1354-11-17,"10",,"1"
"13803","1354",1354-11-18,"10",,"1"
"13804","1354",1354-11-19,"10",,"1"
"13805","1354",1354-11-20,"10",,"1"
"13806","1354",1354-11-21,"10",,"1"
"13807","1354",1354-11-22,"10",,"1"
"13808","1354",1354-11-24,"10",,"1"
"13809","1354",1354-11-25,"10",,"1"
"13810","1354",1354-11-26,"10",,"1"
"13811","1354",1354-11-27,"10",,"1"
"13812","1354",1354-11-28,"10",,"1"
"13813","1354",1354-11-29,"10",,"1"
"13814","1354",1354-12-01,"10",,"1"
"13815","1354",1354-12-02,"10",,"1"
"13816","1354",1354-12-03,"10",,"1"
"13817","1354",1354-12-04,"10",,"1"
"13818","1354",1354-12-05,"10",,"1"
"13819","1354",1354-12-06,"10",,"1"
"13820","1354",1354-12-08,"10",,"1"
"13821","1354",1354-12-09,"10",,"1"
"13822","1354",1354-12-10,"10",,"1"
"13823","1354",1354-12-11,"10",,"1"
"13824","1354",1354-12-12,"10",,"1"
"13825","1354",1354-12-13,"10",,"1"
"13826","1354",1354-12-15,"10",,"1"
"13827","1354",1354-12-16,"10",,"1"
"13828","1355",1355-07-01,"10",,"1"
"13829","1355",1355-07-02,"10",,"1"
"13830","1355",1355-07-03,"10",,"1"
"13831","1355",1355-07-04,"10",,"1"
"13832","1355",1355-07-06,"10",,"1"
"13833","1355",1355-07-07,"10",,"1"
"13834","1355",1355-07-08,"10",,"1"
"13835","1355",1355-07-09,"10",,"1"
"13836","1355",1355-07-10,"10",,"1"
"13837","1355",1355-07-11,"10",,"1"
"13838","1355",1355-07-13,"10",,"1"
"13839","1355",1355-07-15,"10",,"1"
"13840","1355",1355-07-16,"10",,"1"
"13841","1355",1355-07-17,"10",,"1"
"13842","1355",1355-07-18,"10",,"1"
"13843","1355",1355-07-20,"10",,"1"
"13844","1355",1355-07-21,"10",,"1"
"13845","1355",1355-07-23,"10",,"1"
"13846","1355",1355-07-24,"10",,"1"
"13847","1355",1355-07-26,"10",,"1"
"13848","1355",1355-07-27,"10",,"1"
"13849","1355",1355-07-29,"10",,"1"
"13850","1355",1355-08-03,"10",,"1"
"13851","1355",1355-08-06,"10",,"1"
"13852","1355",1355-08-07,"10",,"1"
"13853","1355",1355-08-08,"10",,"1"
"13854","1355",1355-08-10,"10",,"1"
"13855","1355",1355-08-11,"10",,"1"
"13856","1355",1355-08-12,"10",,"1"
"13857","1355",1355-08-13,"10",,"1"
"13858","1355",1355-08-14,"10",,"1"
"13859","1355",1355-08-17,"10",,"1"
"13860","1355",1355-08-18,"10",,"1"
"13861","1355",1355-08-20,"10",,"1"
"13862","1355",1355-08-21,"10",,"1"
"13863","1355",1355-08-22,"10",,"1"
"13864","1355",1355-08-24,"10",,"1"
"13865","1355",1355-08-25,"10",,"1"
"13866","1355",1355-08-26,"10",,"1"
"13867","1355",1355-08-27,"10",,"1"
"13868","1355",1355-09-01,"10",,"1"
"13869","1355",1355-09-02,"10",,"1"
"13870","1355",1355-09-03,"10",,"1"
"13871","1355",1355-09-04,"10",,"1"
"13872","1355",1355-09-05,"10",,"1"
"13873","1355",1355-09-07,"10",,"1"
"13874","1355",1355-09-11,"10",,"1"
"13875","1355",1355-09-12,"10",,"1"
"13876","1355",1355-09-14,"10",,"1"
"13877","1355",1355-09-15,"10",,"1"
"13878","1355",1355-09-16,"10",,"1"
"13879","1355",1355-09-17,"10",,"1"
"13880","1355",1355-09-18,"10",,"1"
"13881","1355",1355-09-19,"10",,"1"
"13882","1355",1355-09-20,"10",,"1"
"13883","1355",1355-09-23,"10",,"1"
"13884","1355",1355-09-24,"10",,"1"
"13885","1355",1355-09-25,"10",,"1"
"13886","1355",1355-09-26,"10",,"1"
"13887","1355",1355-09-28,"10",,"1"
"13888","1355",1355-09-30,"10",,"1"
"13889","1355",1355-10-01,"10",,"1"
"13890","1355",1355-10-02,"10",,"1"
"13891","1355",1355-10-03,"10",,"1"
"13892","1355",1355-10-04,"10",,"1"
"13893","1355",1355-10-06,"10",,"1"
"13894","1355",1355-10-07,"10",,"1"
"13895","1355",1355-10-08,"10",,"1"
"13896","1355",1355-10-09,"10",,"1"
"13897","1355",1355-10-13,"10",,"1"
"13898","1355",1355-10-15,"10",,"1"
"13899","1355",1355-10-17,"10",,"1"
"13900","1355",1355-10-19,"10",,"1"
"13901","1355",1355-10-20,"10",,"1"
"13902","1355",1355-10-21,"10",,"1"
"13903","1355",1355-10-22,"10",,"1"
"13904","1355",1355-10-23,"10",,"1"
"13905","1355",1355-10-24,"10",,"1"
"13906","1355",1355-10-26,"10",,"1"
"13907","1355",1355-10-27,"10",,"1"
"13908","1355",1355-10-29,"10",,"1"
"13909","1355",1355-10-30,"10",,"1"
"13910","1355",1355-10-31,"10",,"1"
"13911","1355",1355-11-03,"10",,"1"
"13912","1355",1355-11-04,"10",,"1"
"13913","1355",1355-11-07,"10",,"1"
"13914","1355",1355-11-09,"10",,"1"
"13915","1355",1355-11-12,"10",,"1"
"13916","1355",1355-11-13,"10",,"1"
"13917","1355",1355-11-14,"10",,"1"
"13918","1355",1355-11-16,"10",,"1"
"13919","1355",1355-11-19,"10",,"1"
"13920","1355",1355-11-20,"10",,"1"
"13921","1355",1355-11-21,"10",,"1"
"13922","1355",1355-11-24,"10",,"1"
"13923","1355",1355-11-26,"10",,"1"
"13924","1355",1355-11-27,"10",,"1"
"13925","1355",1355-11-28,"10",,"1"
"13926","1355",1355-12-04,"10",,"1"
"13927","1355",1355-12-07,"10",,"1"
"13928","1355",1355-12-09,"10",,"1"
"13929","1355",1355-12-10,"10",,"1"
"13930","1355",1355-12-16,"10",,"1"
"13931","1355",1355-12-21,"10",,"1"
"13932","1355",1355-12-23,"10",,"1"
"13933","1355",1355-12-26,"10",,"1"
"13934","1355",1355-12-28,"10",,"1"
"13935","1355",1355-12-30,"10",,"1"
"13936","1355",1355-12-31,"10",,"1"
"13937","1357",1357-01-02,"10",,"1"
"13938","1357",1357-01-03,"10",,"1"
"13939","1357",1357-01-04,"10",,"1"
"13940","1357",1357-01-05,"10",,"1"
"13941","1357",1357-01-07,"10",,"1"
"13942","1357",1357-01-09,"10",,"1"
"13943","1357",1357-01-10,"10",,"1"
"13944","1357",1357-01-11,"10",,"1"
"13945","1357",1357-01-12,"10",,"1"
"13946","1357",1357-01-13,"10",,"1"
"13947","1357",1357-01-14,"10",,"1"
"13948","1357",1357-01-16,"10",,"1"
"13949","1357",1357-01-17,"10",,"1"
"13950","1357",1357-01-18,"10",,"1"
"13951","1357",1357-01-19,"10",,"1"
"13952","1357",1357-01-20,"10",,"1"
"13953","1357",1357-01-21,"10",,"1"
"13954","1357",1357-01-23,"10",,"1"
"13955","1357",1357-01-24,"10",,"1"
"13956","1357",1357-01-25,"10",,"1"
"13957","1357",1357-01-26,"10",,"1"
"13958","1357",1357-01-27,"10",,"1"
"13959","1357",1357-01-28,"10",,"1"
"13960","1357",1357-01-30,"10",,"1"
"13961","1357",1357-01-31,"10",,"1"
"13962","1357",1357-02-01,"10",,"1"
"13963","1357",1357-02-03,"10",,"1"
"13964","1357",1357-02-04,"10",,"1"
"13965","1357",1357-02-06,"10",,"1"
"13966","1357",1357-02-07,"10",,"1"
"13967","1357",1357-02-08,"10",,"1"
"13968","1357",1357-02-09,"10",,"1"
"13969","1357",1357-02-10,"10",,"1"
"13970","1357",1357-02-11,"10",,"1"
"13971","1357",1357-02-13,"10",,"1"
"13972","1357",1357-02-14,"10",,"1"
"13973","1357",1357-02-15,"10",,"1"
"13974","1357",1357-02-16,"10",,"1"
"13975","1357",1357-02-17,"10",,"1"
"13976","1357",1357-02-18,"10",,"1"
"13977","1357",1357-02-20,"10",,"1"
"13978","1357",1357-02-22,"10",,"1"
"13979","1357",1357-02-23,"10",,"1"
"13980","1357",1357-02-25,"10",,"1"
"13981","1357",1357-02-27,"10",,"1"
"13982","1357",1357-02-28,"10",,"1"
"13983","1357",1357-03-01,"10",,"1"
"13984","1357",1357-03-02,"10",,"1"
"13985","1357",1357-03-03,"10",,"1"
"13986","1357",1357-03-04,"10",,"1"
"13987","1357",1357-03-05,"10",,"1"
"13988","1357",1357-03-06,"10",,"1"
"13989","1357",1357-03-07,"10",,"1"
"13990","1357",1357-03-08,"10",,"1"
"13991","1357",1357-03-09,"10",,"1"
"13992","1357",1357-03-10,"10",,"1"
"13993","1357",1357-03-11,"10",,"1"
"13994","1357",1357-03-13,"10",,"1"
"13995","1357",1357-03-14,"10",,"1"
"13996","1357",1357-03-15,"10",,"1"
"13997","1357",1357-03-16,"10",,"1"
"13998","1357",1357-03-17,"10",,"1"
"13999","1357",1357-03-18,"10",,"1"
"14000","1357",1357-03-19,"10",,"1"
"14001","1357",1357-03-20,"10",,"1"
"14002","1357",1357-03-22,"10",,"1"
"14003","1357",1357-03-23,"10",,"1"
"14004","1357",1357-03-27,"10",,"1"
"14005","1357",1357-03-28,"10",,"1"
"14006","1357",1357-03-29,"10",,"1"
"14007","1357",1357-03-30,"10",,"1"
"14008","1357",1357-03-31,"10",,"1"
"14009","1357",1357-04-01,"10",,"1"
"14010","1357",1357-04-03,"10",,"1"
"14011","1357",1357-04-04,"10",,"1"
"14012","1357",1357-04-05,"10",,"1"
"14013","1357",1357-04-08,"10",,"1"
"14014","1357",1357-04-12,"10",,"1"
"14015","1357",1357-04-13,"10",,"1"
"14016","1357",1357-04-14,"10",,"1"
"14017","1357",1357-04-17,"10",,"1"
"14018","1357",1357-04-18,"10",,"1"
"14019","1357",1357-04-19,"10",,"1"
"14020","1357",1357-04-20,"10",,"1"
"14021","1357",1357-04-21,"10",,"1"
"14022","1357",1357-04-22,"10",,"1"
"14023","1357",1357-04-26,"10",,"1"
"14024","1357",1357-04-27,"10",,"1"
"14025","1357",1357-04-28,"10",,"1"
"14026","1357",1357-04-29,"10",,"1"
"14027","1357",1357-04-30,"10",,"1"
"14028","1357",1357-05-01,"10",,"1"
"14029","1357",1357-05-02,"10",,"1"
"14030","1357",1357-05-04,"10",,"1"
"14031","1357",1357-05-05,"10",,"1"
"14032","1357",1357-05-06,"10",,"1"
"14033","1357",1357-05-10,"10",,"1"
"14034","1357",1357-05-11,"10",,"1"
"14035","1357",1357-05-12,"10",,"1"
"14036","1357",1357-05-13,"10",,"1"
"14037","1357",1357-05-16,"10",,"1"
"14038","1357",1357-05-17,"10",,"1"
"14039","1357",1357-05-19,"10",,"1"
"14040","1357",1357-05-20,"10",,"1"
"14041","1357",1357-05-22,"10",,"1"
"14042","1357",1357-05-23,"10",,"1"
"14043","1357",1357-05-24,"10",,"1"
"14044","1357",1357-05-25,"10",,"1"
"14045","1357",1357-05-26,"10",,"1"
"14046","1357",1357-05-27,"10",,"1"
"14047","1357",1357-05-29,"10",,"1"
"14048","1357",1357-05-31,"10",,"1"
"14049","1357",1357-06-01,"10",,"1"
"14050","1357",1357-06-02,"10",,"1"
"14051","1357",1357-06-03,"10",,"1"
"14052","1357",1357-06-05,"10",,"1"
"14053","1357",1357-06-06,"10",,"1"
"14054","1357",1357-06-07,"10",,"1"
"14055","1357",1357-06-08,"10",,"1"
"14056","1357",1357-06-09,"10",,"1"
"14057","1357",1357-06-12,"10",,"1"
"14058","1357",1357-06-13,"10",,"1"
"14059","1357",1357-06-14,"10",,"1"
"14060","1357",1357-06-15,"10",,"1"
"14061","1357",1357-06-17,"10",,"1"
"14062","1357",1357-06-18,"10",,"1"
"14063","1357",1357-06-19,"10",,"1"
"14064","1357",1357-06-20,"10",,"1"
"14065","1357",1357-06-21,"10",,"1"
"14066","1357",1357-06-22,"10",,"1"
"14067","1357",1357-06-23,"10",,"1"
"14068","1357",1357-06-25,"10",,"1"
"14069","1357",1357-06-26,"10",,"1"
"14070","1357",1357-06-27,"10",,"1"
"14071","1357",1357-06-28,"10",,"1"
"14072","1357",1357-06-29,"10",,"1"
"14073","1357",1357-06-30,"10",,"1"
"14074","1357",1357-07-01,"10",,"1"
"14075","1357",1357-07-03,"10",,"1"
"14076","1357",1357-07-04,"10",,"1"
"14077","1357",1357-07-06,"10",,"1"
"14078","1357",1357-07-07,"10",,"1"
"14079","1357",1357-07-08,"10",,"1"
"14080","1357",1357-07-10,"10",,"1"
"14081","1357",1357-07-11,"10",,"1"
"14082","1357",1357-07-12,"10",,"1"
"14083","1357",1357-07-13,"10",,"1"
"14084","1357",1357-07-14,"10",,"1"
"14085","1357",1357-07-15,"10",,"1"
"14086","1357",1357-07-17,"10",,"1"
"14087","1357",1357-07-18,"10",,"1"
"14088","1357",1357-07-19,"10",,"1"
"14089","1357",1357-07-20,"10",,"1"
"14090","1357",1357-07-21,"10",,"1"
"14091","1357",1357-07-24,"10",,"1"
"14092","1357",1357-07-26,"10",,"1"
"14093","1357",1357-07-27,"10",,"1"
"14094","1357",1357-07-28,"10",,"1"
"14095","1357",1357-07-29,"10",,"1"
"14096","1357",1357-07-31,"10",,"1"
"14097","1357",1357-08-02,"10",,"1"
"14098","1357",1357-08-03,"10",,"1"
"14099","1357",1357-08-04,"10",,"1"
"14100","1357",1357-08-05,"10",,"1"
"14101","1357",1357-08-08,"10",,"1"
"14102","1357",1357-08-09,"10",,"1"
"14103","1357",1357-08-10,"10",,"1"
"14104","1357",1357-08-11,"10",,"1"
"14105","1357",1357-08-12,"10",,"1"
"14106","1357",1357-08-14,"10",,"1"
"14107","1357",1357-08-15,"10",,"1"
"14108","1357",1357-08-16,"10",,"1"
"14109","1357",1357-08-17,"10",,"1"
"14110","1357",1357-08-18,"10",,"1"
"14111","1357",1357-08-21,"10",,"1"
"14112","1357",1357-08-22,"10",,"1"
"14113","1357",1357-08-23,"10",,"1"
"14114","1357",1357-08-24,"10",,"1"
"14115","1357",1357-08-25,"10",,"1"
"14116","1357",1357-08-26,"10",,"1"
"14117","1357",1357-08-30,"10",,"1"
"14118","1357",1357-08-31,"10",,"1"
"14119","1357",1357-09-01,"10",,"1"
"14120","1357",1357-09-02,"10",,"1"
"14121","1357",1357-09-04,"10",,"1"
"14122","1357",1357-09-05,"10",,"1"
"14123","1357",1357-09-06,"10",,"1"
"14124","1357",1357-09-09,"10",,"1"
"14125","1357",1357-09-10,"10",,"1"
"14126","1357",1357-09-11,"10",,"1"
"14127","1357",1357-09-12,"10",,"1"
"14128","1357",1357-09-13,"10",,"1"
"14129","1357",1357-09-18,"10",,"1"
"14130","1357",1357-09-19,"10",,"1"
"14131","1357",1357-09-20,"10",,"1"
"14132","1357",1357-09-22,"10",,"1"
"14133","1357",1357-09-23,"10",,"1"
"14134","1357",1357-09-25,"10",,"1"
"14135","1357",1357-09-27,"10",,"1"
"14136","1357",1357-09-28,"10",,"1"
"14137","1357",1357-09-30,"10",,"1"
"14138","1357",1357-10-02,"10",,"1"
"14139","1357",1357-10-03,"10",,"1"
"14140","1357",1357-10-06,"10",,"1"
"14141","1357",1357-10-07,"10",,"1"
"14142","1357",1357-10-09,"10",,"1"
"14143","1357",1357-10-10,"10",,"1"
"14144","1357",1357-10-11,"10",,"1"
"14145","1357",1357-10-13,"10",,"1"
"14146","1357",1357-10-14,"10",,"1"
"14147","1357",1357-10-16,"10",,"1"
"14148","1357",1357-10-17,"10",,"1"
"14149","1357",1357-10-19,"10",,"1"
"14150","1357",1357-10-20,"10",,"1"
"14151","1357",1357-10-21,"10",,"1"
"14152","1357",1357-10-23,"10",,"1"
"14153","1357",1357-10-24,"10",,"1"
"14154","1357",1357-10-25,"10",,"1"
"14155","1357",1357-10-26,"10",,"1"
"14156","1357",1357-10-27,"10",,"1"
"14157","1357",1357-10-28,"10",,"1"
"14158","1357",1357-10-31,"10",,"1"
"14159","1357",1357-11-02,"10",,"1"
"14160","1357",1357-11-03,"10",,"1"
"14161","1357",1357-11-04,"10",,"1"
"14162","1357",1357-11-07,"10",,"1"
"14163","1357",1357-11-08,"10",,"1"
"14164","1357",1357-11-10,"10",,"1"
"14165","1357",1357-11-11,"10",,"1"
"14166","1357",1357-11-13,"10",,"1"
"14167","1357",1357-11-14,"10",,"1"
"14168","1357",1357-11-15,"10",,"1"
"14169","1357",1357-11-16,"10",,"1"
"14170","1357",1357-11-17,"10",,"1"
"14171","1357",1357-11-20,"10",,"1"
"14172","1357",1357-11-21,"10",,"1"
"14173","1357",1357-11-23,"10",,"1"
"14174","1357",1357-11-24,"10",,"1"
"14175","1357",1357-11-27,"10",,"1"
"14176","1357",1357-11-29,"10",,"1"
"14177","1357",1357-11-30,"10",,"1"
"14178","1357",1357-12-02,"10",,"1"
"14179","1357",1357-12-04,"10",,"1"
"14180","1357",1357-12-05,"10",,"1"
"14181","1357",1357-12-07,"10",,"1"
"14182","1357",1357-12-08,"10",,"1"
"14183","1357",1357-12-09,"10",,"1"
"14184","1357",1357-12-11,"10",,"1"
"14185","1357",1357-12-12,"10",,"1"
"14186","1357",1357-12-14,"10",,"1"
"14187","1357",1357-12-15,"10",,"1"
"14188","1357",1357-12-16,"10",,"1"
"14189","1357",1357-12-18,"10",,"1"
"14190","1357",1357-12-19,"10",,"1"
"14191","1357",1357-12-20,"10",,"1"
"14192","1357",1357-12-22,"10",,"1"
"14193","1357",1357-12-23,"10",,"1"
"14194","1357",1357-12-26,"10",,"1"
"14195","1357",1357-12-27,"10",,"1"
"14196","1357",1357-12-28,"10",,"1"
"14197","1357",1357-12-29,"10",,"1"
"14198","1357",1357-12-30,"10",,"1"
"14199","1358",1358-01-02,"10",,"1"
"14200","1358",1358-01-05,"10",,"1"
"14201","1358",1358-01-08,"10",,"1"
"14202","1358",1358-01-09,"10",,"1"
"14203","1358",1358-01-20,"10",,"1"
"14204","1358",1358-01-23,"10",,"1"
"14205","1358",1358-01-29,"10",,"1"
"14206","1358",1358-01-30,"10",,"1"
"14207","1358",1358-01-31,"10",,"1"
"14208","1358",1358-02-01,"10",,"1"
"14209","1358",1358-02-03,"10",,"1"
"14210","1358",1358-02-09,"10",,"1"
"14211","1358",1358-02-13,"10",,"1"
"14212","1358",1358-02-14,"10",,"1"
"14213","1358",1358-02-15,"10",,"1"
"14214","1358",1358-02-16,"10",,"1"
"14215","1358",1358-02-17,"10",,"1"
"14216","1358",1358-02-19,"10",,"1"
"14217","1358",1358-02-20,"10",,"1"
"14218","1358",1358-02-21,"10",,"1"
"14219","1358",1358-02-22,"10",,"1"
"14220","1358",1358-02-23,"10",,"1"
"14221","1358",1358-02-24,"10",,"1"
"14222","1358",1358-02-26,"10",,"1"
"14223","1358",1358-02-27,"10",,"1"
"14224","1358",1358-02-28,"10",,"1"
"14225","1358",1358-03-01,"10",,"1"
"14226","1358",1358-03-03,"10",,"1"
"14227","1358",1358-03-05,"10",,"1"
"14228","1358",1358-03-06,"10",,"1"
"14229","1358",1358-03-07,"10",,"1"
"14230","1358",1358-03-08,"10",,"1"
"14231","1358",1358-03-09,"10",,"1"
"14232","1358",1358-03-10,"10",,"1"
"14233","1358",1358-03-13,"10",,"1"
"14234","1358",1358-03-14,"10",,"1"
"14235","1358",1358-03-15,"10",,"1"
"14236","1358",1358-03-16,"10",,"1"
"14237","1358",1358-03-19,"10",,"1"
"14238","1358",1358-03-20,"10",,"1"
"14239","1358",1358-03-22,"10",,"1"
"14240","1358",1358-03-23,"10",,"1"
"14241","1358",1358-03-26,"10",,"1"
"14242","1358",1358-03-27,"10",,"1"
"14243","1358",1358-03-28,"10",,"1"
"14244","1358",1358-04-06,"10",,"1"
"14245","1358",1358-04-07,"10",,"1"
"14246","1358",1358-04-10,"10",,"1"
"14247","1358",1358-04-13,"10",,"1"
"14248","1358",1358-04-14,"10",,"1"
"14249","1358",1358-04-16,"10",,"1"
"14250","1358",1358-04-20,"10",,"1"
"14251","1358",1358-04-25,"10",,"1"
"14252","1358",1358-04-26,"10",,"1"
"14253","1358",1358-04-30,"10",,"1"
"14254","1358",1358-05-07,"10",,"1"
"14255","1358",1358-05-17,"10",,"1"
"14256","1358",1358-05-18,"10",,"1"
"14257","1358",1358-05-19,"10",,"1"
"14258","1358",1358-05-26,"10",,"1"
"14259","1358",1358-05-29,"10",,"1"
"14260","1358",1358-05-30,"10",,"1"
"14261","1358",1358-06-01,"10",,"1"
"14262","1358",1358-06-02,"10",,"1"
"14263","1358",1358-06-04,"10",,"1"
"14264","1358",1358-06-07,"10",,"1"
"14265","1358",1358-06-08,"10",,"1"
"14266","1358",1358-06-12,"10",,"1"
"14267","1358",1358-06-13,"10",,"1"
"14268","1358",1358-06-14,"10",,"1"
"14269","1358",1358-06-15,"10",,"1"
"14270","1358",1358-06-16,"10",,"1"
"14271","1358",1358-06-18,"10",,"1"
"14272","1358",1358-06-19,"10",,"1"
"14273","1358",1358-06-20,"10",,"1"
"14274","1358",1358-06-21,"10",,"1"
"14275","1358",1358-06-22,"10",,"1"
"14276","1358",1358-06-25,"10",,"1"
"14277","1358",1358-06-26,"10",,"1"
"14278","1358",1358-06-29,"10",,"1"
"14279","1359",1359-02-19,"10",,"1"
"14280","1359",1359-02-20,"10",,"1"
"14281","1359",1359-02-22,"10",,"1"
"14282","1359",1359-02-26,"10",,"1"
"14283","1359",1359-02-27,"10",,"1"
"14284","1359",1359-02-28,"10",,"1"
"14285","1359",1359-03-01,"10",,"1"
"14286","1359",1359-03-02,"10",,"1"
"14287","1359",1359-03-14,"10",,"1"
"14288","1359",1359-03-15,"10",,"1"
"14289","1359",1359-03-23,"10",,"1"
"14290","1359",1359-03-27,"10",,"1"
"14291","1359",1359-04-01,"10",,"1"
"14292","1359",1359-04-02,"10",,"1"
"14293","1359",1359-04-09,"10",,"1"
"14294","1359",1359-04-10,"10",,"1"
"14295","1359",1359-04-13,"10",,"1"
"14296","1359",1359-04-18,"10",,"1"
"14297","1359",1359-04-26,"10",,"1"
"14298","1359",1359-04-30,"10",,"1"
"14299","1359",1359-05-13,"10",,"1"
"14300","1359",1359-05-27,"10",,"1"
"14301","1359",1359-05-28,"10",,"1"
"14302","1359",1359-06-01,"10",,"1"
"14303","1359",1359-06-03,"10",,"1"
"14304","1359",1359-06-12,"10",,"1"
"14305","1359",1359-06-15,"10",,"1"
"14306","1359",1359-06-21,"10",,"1"
"14307","1359",1359-06-22,"10",,"1"
"14308","1359",1359-06-27,"10",,"1"
"14309","1359",1359-06-29,"10",,"1"
"14310","1360",1360-02-24,"10",,"1"
"14311","1360",1360-02-25,"10",,"1"
"14312","1360",1360-02-26,"10",,"1"
"14313","1360",1360-02-27,"10",,"1"
"14314","1360",1360-02-28,"10",,"1"
"14315","1360",1360-02-29,"10",,"1"
"14316","1360",1360-03-01,"10",,"1"
"14317","1360",1360-03-02,"10",,"1"
"14318","1360",1360-03-03,"10",,"1"
"14319","1360",1360-03-04,"10",,"1"
"14320","1360",1360-03-05,"10",,"1"
"14321","1360",1360-03-06,"10",,"1"
"14322","1360",1360-03-07,"10",,"1"
"14323","1360",1360-03-09,"10",,"1"
"14324","1360",1360-03-10,"10",,"1"
"14325","1360",1360-03-11,"10",,"1"
"14326","1360",1360-03-12,"10",,"1"
"14327","1360",1360-03-13,"10",,"1"
"14328","1360",1360-03-14,"10",,"1"
"14329","1360",1360-03-16,"10",,"1"
"14330","1360",1360-03-17,"10",,"1"
"14331","1360",1360-03-18,"10",,"1"
"14332","1360",1360-03-19,"10",,"1"
"14333","1360",1360-03-20,"10",,"1"
"14334","1360",1360-03-21,"10",,"1"
"14335","1360",1360-03-23,"10",,"1"
"14336","1360",1360-03-24,"10",,"1"
"14337","1360",1360-03-25,"10",,"1"
"14338","1360",1360-03-26,"10",,"1"
"14339","1360",1360-03-27,"10",,"1"
"14340","1360",1360-03-28,"10",,"1"
"14341","1360",1360-03-30,"10",,"1"
"14342","1360",1360-03-31,"10",,"1"
"14343","1360",1360-04-01,"10",,"1"
"14344","1360",1360-04-02,"10",,"1"
"14345","1360",1360-04-04,"10",,"1"
"14346","1360",1360-04-06,"10",,"1"
"14347","1360",1360-04-07,"10",,"1"
"14348","1360",1360-04-08,"10",,"1"
"14349","1360",1360-04-09,"10",,"1"
"14350","1360",1360-04-10,"10",,"1"
"14351","1360",1360-04-11,"10",,"1"
"14352","1360",1360-04-13,"10",,"1"
"14353","1360",1360-04-14,"10",,"1"
"14354","1360",1360-04-15,"10",,"1"
"14355","1360",1360-04-16,"10",,"1"
"14356","1360",1360-04-17,"10",,"1"
"14357","1360",1360-04-18,"10",,"1"
"14358","1360",1360-04-20,"10",,"1"
"14359","1360",1360-04-21,"10",,"1"
"14360","1360",1360-04-22,"10",,"1"
"14361","1360",1360-04-23,"10",,"1"
"14362","1360",1360-04-24,"10",,"1"
"14363","1360",1360-04-27,"10",,"1"
"14364","1360",1360-04-28,"10",,"1"
"14365","1360",1360-04-29,"10",,"1"
"14366","1360",1360-04-30,"10",,"1"
"14367","1360",1360-05-02,"10",,"1"
"14368","1360",1360-05-04,"10",,"1"
"14369","1360",1360-05-05,"10",,"1"
"14370","1360",1360-05-06,"10",,"1"
"14371","1360",1360-05-08,"10",,"1"
"14372","1360",1360-05-09,"10",,"1"
"14373","1360",1360-05-11,"10",,"1"
"14374","1360",1360-05-12,"10",,"1"
"14375","1360",1360-05-13,"10",,"1"
"14376","1360",1360-05-14,"10",,"1"
"14377","1360",1360-05-15,"10",,"1"
"14378","1360",1360-05-16,"10",,"1"
"14379","1360",1360-05-18,"10",,"1"
"14380","1360",1360-05-19,"10",,"1"
"14381","1360",1360-05-20,"10",,"1"
"14382","1360",1360-05-21,"10",,"1"
"14383","1360",1360-05-22,"10",,"1"
"14384","1360",1360-05-23,"10",,"1"
"14385","1360",1360-05-25,"10",,"1"
"14386","1360",1360-05-26,"10",,"1"
"14387","1360",1360-05-27,"10",,"1"
"14388","1360",1360-05-28,"10",,"1"
"14389","1360",1360-05-29,"10",,"1"
"14390","1360",1360-05-30,"10",,"1"
"14391","1360",1360-06-01,"10",,"1"
"14392","1360",1360-06-02,"10",,"1"
"14393","1360",1360-06-03,"10",,"1"
"14394","1360",1360-06-04,"10",,"1"
"14395","1360",1360-06-05,"10",,"1"
"14396","1360",1360-06-06,"10",,"1"
"14397","1360",1360-06-08,"10",,"1"
"14398","1360",1360-06-09,"10",,"1"
"14399","1360",1360-06-10,"10",,"1"
"14400","1360",1360-06-11,"10",,"1"
"14401","1360",1360-06-12,"10",,"1"
"14402","1360",1360-06-13,"10",,"1"
"14403","1360",1360-06-15,"10",,"1"
"14404","1360",1360-06-16,"10",,"1"
"14405","1360",1360-06-17,"10",,"1"
"14406","1360",1360-06-18,"10",,"1"
"14407","1360",1360-06-19,"10",,"1"
"14408","1360",1360-06-20,"10",,"1"
"14409","1360",1360-06-22,"10",,"1"
"14410","1360",1360-06-23,"10",,"1"
"14411","1360",1360-06-24,"10",,"1"
"14412","1360",1360-06-25,"10",,"1"
"14413","1360",1360-06-26,"10",,"1"
"14414","1360",1360-06-27,"10",,"1"
"14415","1360",1360-06-29,"10",,"1"
"14416","1360",1360-06-30,"10",,"1"
"14417","1361",1361-07-01,"10",,"1"
"14418","1361",1361-07-02,"10",,"1"
"14419","1361",1361-07-03,"10",,"1"
"14420","1361",1361-07-05,"10",,"1"
"14421","1361",1361-07-06,"10",,"1"
"14422","1361",1361-07-07,"10",,"1"
"14423","1361",1361-07-08,"10",,"1"
"14424","1361",1361-07-09,"10",,"1"
"14425","1361",1361-07-10,"10",,"1"
"14426","1361",1361-07-12,"10",,"1"
"14427","1361",1361-07-13,"10",,"1"
"14428","1361",1361-07-14,"10",,"1"
"14429","1361",1361-07-15,"10",,"1"
"14430","1361",1361-07-16,"10",,"1"
"14431","1361",1361-07-17,"10",,"1"
"14432","1361",1361-07-19,"10",,"1"
"14433","1361",1361-07-20,"10",,"1"
"14434","1361",1361-07-21,"10",,"1"
"14435","1361",1361-07-22,"10",,"1"
"14436","1361",1361-07-23,"10",,"1"
"14437","1361",1361-07-24,"10",,"1"
"14438","1361",1361-07-27,"10",,"1"
"14439","1361",1361-07-28,"10",,"1"
"14440","1361",1361-07-29,"10",,"1"
"14441","1361",1361-07-30,"10",,"1"
"14442","1361",1361-07-31,"10",,"1"
"14443","1361",1361-08-02,"10",,"1"
"14444","1361",1361-08-03,"10",,"1"
"14445","1361",1361-08-04,"10",,"1"
"14446","1361",1361-08-06,"10",,"1"
"14447","1361",1361-08-07,"10",,"1"
"14448","1361",1361-08-09,"10",,"1"
"14449","1361",1361-08-11,"10",,"1"
"14450","1361",1361-08-12,"10",,"1"
"14451","1361",1361-08-13,"10",,"1"
"14452","1361",1361-08-14,"10",,"1"
"14453","1361",1361-08-16,"10",,"1"
"14454","1361",1361-08-17,"10",,"1"
"14455","1361",1361-08-18,"10",,"1"
"14456","1361",1361-08-19,"10",,"1"
"14457","1361",1361-08-20,"10",,"1"
"14458","1361",1361-08-21,"10",,"1"
"14459","1361",1361-08-23,"10",,"1"
"14460","1361",1361-08-25,"10",,"1"
"14461","1361",1361-08-26,"10",,"1"
"14462","1361",1361-08-27,"10",,"1"
"14463","1361",1361-08-28,"10",,"1"
"14464","1361",1361-08-29,"10",,"1"
"14465","1361",1361-08-30,"10",,"1"
"14466","1361",1361-08-31,"10",,"1"
"14467","1361",1361-09-01,"10",,"1"
"14468","1361",1361-09-03,"10",,"1"
"14469","1361",1361-09-04,"10",,"1"
"14470","1361",1361-09-06,"10",,"1"
"14471","1361",1361-09-07,"10",,"1"
"14472","1361",1361-09-09,"10",,"1"
"14473","1361",1361-09-10,"10",,"1"
"14474","1361",1361-09-11,"10",,"1"
"14475","1361",1361-09-13,"10",,"1"
"14476","1361",1361-09-14,"10",,"1"
"14477","1361",1361-09-15,"10",,"1"
"14478","1361",1361-09-16,"10",,"1"
"14479","1361",1361-09-17,"10",,"1"
"14480","1361",1361-09-18,"10",,"1"
"14481","1361",1361-09-20,"10",,"1"
"14482","1361",1361-09-21,"10",,"1"
"14483","1361",1361-09-22,"10",,"1"
"14484","1361",1361-09-23,"10",,"1"
"14485","1361",1361-09-24,"10",,"1"
"14486","1361",1361-09-25,"10",,"1"
"14487","1361",1361-09-27,"10",,"1"
"14488","1361",1361-09-28,"10",,"1"
"14489","1361",1361-09-30,"10",,"1"
"14490","1361",1361-10-01,"10",,"1"
"14491","1361",1361-10-02,"10",,"1"
"14492","1361",1361-10-05,"10",,"1"
"14493","1361",1361-10-07,"10",,"1"
"14494","1361",1361-10-08,"10",,"1"
"14495","1361",1361-10-09,"10",,"1"
"14496","1361",1361-10-11,"10",,"1"
"14497","1361",1361-10-12,"10",,"1"
"14498","1361",1361-10-13,"10",,"1"
"14499","1361",1361-10-16,"10",,"1"
"14500","1361",1361-10-19,"10",,"1"
"14501","1361",1361-10-22,"10",,"1"
"14502","1361",1361-10-23,"10",,"1"
"14503","1361",1361-10-25,"10",,"1"
"14504","1361",1361-10-26,"10",,"1"
"14505","1361",1361-10-27,"10",,"1"
"14506","1361",1361-10-29,"10",,"1"
"14507","1361",1361-10-30,"10",,"1"
"14508","1361",1361-10-31,"10",,"1"
"14509","1361",1361-11-02,"10",,"1"
"14510","1361",1361-11-03,"10",,"1"
"14511","1361",1361-11-04,"10",,"1"
"14512","1361",1361-11-05,"10",,"1"
"14513","1361",1361-11-06,"10",,"1"
"14514","1361",1361-11-08,"10",,"1"
"14515","1361",1361-11-10,"10",,"1"
"14516","1361",1361-11-12,"10",,"1"
"14517","1361",1361-11-13,"10",,"1"
"14518","1361",1361-11-15,"10",,"1"
"14519","1361",1361-11-16,"10",,"1"
"14520","1361",1361-11-17,"10",,"1"
"14521","1361",1361-11-19,"10",,"1"
"14522","1361",1361-11-20,"10",,"1"
"14523","1361",1361-11-22,"10",,"1"
"14524","1361",1361-11-23,"10",,"1"
"14525","1361",1361-11-24,"10",,"1"
"14526","1361",1361-11-27,"10",,"1"
"14527","1361",1361-11-29,"10",,"1"
"14528","1361",1361-12-01,"10",,"1"
"14529","1361",1361-12-02,"10",,"1"
"14530","1361",1361-12-03,"10",,"1"
"14531","1361",1361-12-04,"10",,"1"
"14532","1361",1361-12-07,"10",,"1"
"14533","1361",1361-12-08,"10",,"1"
"14534","1361",1361-12-09,"10",,"1"
"14535","1361",1361-12-10,"10",,"1"
"14536","1361",1361-12-11,"10",,"1"
"14537","1361",1361-12-14,"10",,"1"
"14538","1362",1362-01-01,"10",,"1"
"14539","1362",1362-03-01,"10",,"1"
"14540","1362",1362-05-01,"10",,"1"
"14541","1362",1362-06-01,"10",,"1"
"14542","1362",1362-07-02,"10",,"1"
"14543","1362",1362-07-04,"10",,"1"
"14544","1362",1362-07-06,"10",,"1"
"14545","1362",1362-07-08,"10",,"1"
"14546","1362",1362-07-09,"10",,"1"
"14547","1362",1362-07-10,"10",,"1"
"14548","1362",1362-07-12,"10",,"1"
"14549","1362",1362-07-13,"10",,"1"
"14550","1362",1362-07-14,"10",,"1"
"14551","1362",1362-07-16,"10",,"1"
"14552","1362",1362-07-18,"10",,"1"
"14553","1362",1362-07-19,"10",,"1"
"14554","1362",1362-07-20,"10",,"1"
"14555","1362",1362-07-21,"10",,"1"
"14556","1362",1362-07-23,"10",,"1"
"14557","1362",1362-07-26,"10",,"1"
"14558","1362",1362-07-27,"10",,"1"
"14559","1362",1362-07-28,"10",,"1"
"14560","1362",1362-07-30,"10",,"1"
"14561","1362",1362-08-02,"10",,"1"
"14562","1362",1362-08-03,"10",,"1"
"14563","1362",1362-08-04,"10",,"1"
"14564","1362",1362-08-05,"10",,"1"
"14565","1362",1362-08-06,"10",,"1"
"14566","1362",1362-08-08,"10",,"1"
"14567","1362",1362-08-09,"10",,"1"
"14568","1362",1362-08-11,"10",,"1"
"14569","1362",1362-08-12,"10",,"1"
"14570","1362",1362-08-13,"10",,"1"
"14571","1362",1362-08-16,"10",,"1"
"14572","1362",1362-08-17,"10",,"1"
"14573","1362",1362-08-20,"10",,"1"
"14574","1362",1362-08-22,"10",,"1"
"14575","1362",1362-08-23,"10",,"1"
"14576","1362",1362-08-24,"10",,"1"
"14577","1362",1362-08-25,"10",,"1"
"14578","1362",1362-08-26,"10",,"1"
"14579","1362",1362-08-27,"10",,"1"
"14580","1362",1362-08-30,"10",,"1"
"14581","1362",1362-08-31,"10",,"1"
"14582","1362",1362-09-01,"10",,"1"
"14583","1362",1362-09-02,"10",,"1"
"14584","1362",1362-09-03,"10",,"1"
"14585","1362",1362-09-05,"10",,"1"
"14586","1362",1362-09-06,"10",,"1"
"14587","1362",1362-09-07,"10",,"1"
"14588","1362",1362-09-09,"10",,"1"
"14589","1362",1362-09-10,"10",,"1"
"14590","1362",1362-09-12,"10",,"1"
"14591","1362",1362-09-13,"10",,"1"
"14592","1362",1362-09-15,"10",,"1"
"14593","1362",1362-09-16,"10",,"1"
"14594","1362",1362-09-17,"10",,"1"
"14595","1362",1362-09-19,"10",,"1"
"14596","1362",1362-09-20,"10",,"1"
"14597","1362",1362-09-22,"10",,"1"
"14598","1362",1362-09-23,"10",,"1"
"14599","1362",1362-09-24,"10",,"1"
"14600","1362",1362-09-26,"10",,"1"
"14601","1362",1362-09-27,"10",,"1"
"14602","1362",1362-09-30,"10",,"1"
"14603","1362",1362-10-03,"10",,"1"
"14604","1362",1362-10-04,"10",,"1"
"14605","1362",1362-10-05,"10",,"1"
"14606","1362",1362-10-06,"10",,"1"
"14607","1362",1362-10-07,"10",,"1"
"14608","1362",1362-10-08,"10",,"1"
"14609","1362",1362-10-13,"10",,"1"
"14610","1362",1362-10-14,"10",,"1"
"14611","1362",1362-10-15,"10",,"1"
"14612","1362",1362-10-17,"10",,"1"
"14613","1362",1362-10-18,"10",,"1"
"14614","1362",1362-10-19,"10",,"1"
"14615","1362",1362-10-20,"10",,"1"
"14616","1362",1362-10-21,"10",,"1"
"14617","1362",1362-10-22,"10",,"1"
"14618","1362",1362-10-23,"10",,"1"
"14619","1362",1362-10-24,"10",,"1"
"14620","1362",1362-10-25,"10",,"1"
"14621","1362",1362-10-27,"10",,"1"
"14622","1362",1362-10-28,"10",,"1"
"14623","1362",1362-10-29,"10",,"1"
"14624","1362",1362-10-30,"10",,"1"
"14625","1362",1362-10-31,"10",,"1"
"14626","1362",1362-11-01,"10",,"1"
"14627","1362",1362-11-02,"10",,"1"
"14628","1362",1362-11-03,"10",,"1"
"14629","1362",1362-11-04,"10",,"1"
"14630","1362",1362-11-05,"10",,"1"
"14631","1362",1362-11-07,"10",,"1"
"14632","1362",1362-11-08,"10",,"1"
"14633","1362",1362-11-10,"10",,"1"
"14634","1362",1362-11-11,"10",,"1"
"14635","1362",1362-11-12,"10",,"1"
"14636","1362",1362-11-14,"10",,"1"
"14637","1362",1362-11-15,"10",,"1"
"14638","1362",1362-11-16,"10",,"1"
"14639","1362",1362-11-17,"10",,"1"
"14640","1362",1362-11-19,"10",,"1"
"14641","1362",1362-11-23,"10",,"1"
"14642","1362",1362-11-24,"10",,"1"
"14643","1362",1362-11-29,"10",,"1"
"14644","1362",1362-12-02,"10",,"1"
"14645","1362",1362-12-03,"10",,"1"
"14646","1362",1362-12-05,"10",,"1"
"14647","1362",1362-12-06,"10",,"1"
"14648","1362",1362-12-07,"10",,"1"
"14649","1362",1362-12-08,"10",,"1"
"14650","1362",1362-12-09,"10",,"1"
"14651","1362",1362-12-12,"10",,"1"
"14652","1362",1362-12-14,"10",,"1"
"14653","1362",1362-12-15,"10",,"1"
"14654","1362",1362-12-16,"10",,"1"
"14655","1362",1362-12-17,"10",,"1"
"14656","1362",1362-12-19,"10",,"1"
"14657","1362",1362-12-20,"10",,"1"
"14658","1362",1362-12-21,"10",,"1"
"14659","1362",1362-12-22,"10",,"1"
"14660","1362",1362-12-23,"10",,"1"
"14661","1362",1362-12-24,"10",,"1"
"14662","1362",1362-12-29,"10",,"1"
"14663","1362",1362-12-31,"10",,"1"
"14664","1363",1363-01-01,"10",,"1"
"14665","1363",1363-01-02,"10",,"1"
"14666","1363",1363-01-03,"10",,"1"
"14667","1363",1363-01-04,"10",,"1"
"14668","1363",1363-01-05,"10",,"1"
"14669","1363",1363-01-06,"10",,"1"
"14670","1363",1363-01-07,"10",,"1"
"14671","1363",1363-01-08,"10",,"1"
"14672","1363",1363-01-09,"10",,"1"
"14673","1363",1363-01-10,"10",,"1"
"14674","1363",1363-01-11,"10",,"1"
"14675","1363",1363-01-12,"10",,"1"
"14676","1363",1363-01-13,"10",,"1"
"14677","1363",1363-01-14,"10",,"1"
"14678","1363",1363-01-16,"10",,"1"
"14679","1363",1363-01-17,"10",,"1"
"14680","1363",1363-01-18,"10",,"1"
"14681","1363",1363-01-19,"10",,"1"
"14682","1363",1363-01-20,"10",,"1"
"14683","1363",1363-01-21,"10",,"1"
"14684","1363",1363-01-22,"10",,"1"
"14685","1363",1363-01-23,"10",,"1"
"14686","1363",1363-01-24,"10",,"1"
"14687","1363",1363-01-25,"10",,"1"
"14688","1363",1363-01-26,"10",,"1"
"14689","1363",1363-01-27,"10",,"1"
"14690","1363",1363-01-28,"10",,"1"
"14691","1363",1363-01-30,"10",,"1"
"14692","1363",1363-01-31,"10",,"1"
"14693","1363",1363-02-01,"10",,"1"
"14694","1363",1363-02-02,"10",,"1"
"14695","1363",1363-02-03,"10",,"1"
"14696","1363",1363-02-04,"10",,"1"
"14697","1363",1363-02-06,"10",,"1"
"14698","1363",1363-02-07,"10",,"1"
"14699","1363",1363-02-08,"10",,"1"
"14700","1363",1363-02-09,"10",,"1"
"14701","1363",1363-02-10,"10",,"1"
"14702","1363",1363-02-11,"10",,"1"
"14703","1363",1363-02-13,"10",,"1"
"14704","1363",1363-02-14,"10",,"1"
"14705","1363",1363-02-15,"10",,"1"
"14706","1363",1363-02-16,"10",,"1"
"14707","1363",1363-02-17,"10",,"1"
"14708","1363",1363-02-18,"10",,"1"
"14709","1363",1363-02-20,"10",,"1"
"14710","1363",1363-02-21,"10",,"1"
"14711","1363",1363-02-22,"10",,"1"
"14712","1363",1363-02-23,"10",,"1"
"14713","1363",1363-02-24,"10",,"1"
"14714","1363",1363-02-25,"10",,"1"
"14715","1363",1363-02-27,"10",,"1"
"14716","1363",1363-02-28,"10",,"1"
"14717","1363",1363-03-01,"10",,"1"
"14718","1363",1363-03-02,"10",,"1"
"14719","1363",1363-03-03,"10",,"1"
"14720","1363",1363-03-04,"10",,"1"
"14721","1363",1363-03-05,"10",,"1"
"14722","1363",1363-03-06,"10",,"1"
"14723","1363",1363-03-07,"10",,"1"
"14724","1363",1363-03-08,"10",,"1"
"14725","1363",1363-03-09,"10",,"1"
"14726","1363",1363-03-10,"10",,"1"
"14727","1363",1363-03-11,"10",,"1"
"14728","1363",1363-03-13,"10",,"1"
"14729","1363",1363-03-14,"10",,"1"
"14730","1363",1363-03-15,"10",,"1"
"14731","1363",1363-03-16,"10",,"1"
"14732","1363",1363-03-17,"10",,"1"
"14733","1363",1363-03-18,"10",,"1"
"14734","1363",1363-03-20,"10",,"1"
"14735","1363",1363-03-21,"10",,"1"
"14736","1363",1363-03-22,"10",,"1"
"14737","1363",1363-03-23,"10",,"1"
"14738","1363",1363-03-24,"10",,"1"
"14739","1363",1363-03-25,"10",,"1"
"14740","1363",1363-03-27,"10",,"1"
"14741","1363",1363-03-28,"10",,"1"
"14742","1363",1363-03-29,"10",,"1"
"14743","1363",1363-03-30,"10",,"1"
"14744","1363",1363-03-31,"10",,"1"
"14745","1363",1363-04-01,"10",,"1"
"14746","1363",1363-04-03,"10",,"1"
"14747","1363",1363-04-04,"10",,"1"
"14748","1363",1363-04-05,"10",,"1"
"14749","1363",1363-04-06,"10",,"1"
"14750","1363",1363-04-07,"10",,"1"
"14751","1363",1363-04-08,"10",,"1"
"14752","1363",1363-04-10,"10",,"1"
"14753","1363",1363-04-11,"10",,"1"
"14754","1363",1363-04-12,"10",,"1"
"14755","1363",1363-04-13,"10",,"1"
"14756","1363",1363-04-14,"10",,"1"
"14757","1363",1363-04-15,"10",,"1"
"14758","1363",1363-04-17,"10",,"1"
"14759","1363",1363-04-18,"10",,"1"
"14760","1363",1363-04-19,"10",,"1"
"14761","1363",1363-04-20,"10",,"1"
"14762","1363",1363-04-21,"10",,"1"
"14763","1363",1363-04-22,"10",,"1"
"14764","1363",1363-04-24,"10",,"1"
"14765","1363",1363-04-25,"10",,"1"
"14766","1363",1363-04-26,"10",,"1"
"14767","1363",1363-04-27,"10",,"1"
"14768","1363",1363-04-28,"10",,"1"
"14769","1363",1363-04-29,"10",,"1"
"14770","1363",1363-05-01,"10",,"1"
"14771","1363",1363-05-02,"10",,"1"
"14772","1363",1363-05-03,"10",,"1"
"14773","1363",1363-05-04,"10",,"1"
"14774","1363",1363-05-05,"10",,"1"
"14775","1363",1363-05-06,"10",,"1"
"14776","1363",1363-05-08,"10",,"1"
"14777","1363",1363-05-09,"10",,"1"
"14778","1363",1363-05-10,"10",,"1"
"14779","1363",1363-05-11,"10",,"1"
"14780","1363",1363-05-12,"10",,"1"
"14781","1363",1363-05-13,"10",,"1"
"14782","1363",1363-05-14,"10",,"1"
"14783","1363",1363-05-15,"10",,"1"
"14784","1363",1363-05-16,"10",,"1"
"14785","1363",1363-05-17,"10",,"1"
"14786","1363",1363-05-18,"10",,"1"
"14787","1363",1363-05-19,"10",,"1"
"14788","1363",1363-05-20,"10",,"1"
"14789","1363",1363-05-22,"10",,"1"
"14790","1363",1363-05-23,"10",,"1"
"14791","1363",1363-05-24,"10",,"1"
"14792","1363",1363-05-25,"10",,"1"
"14793","1363",1363-05-26,"10",,"1"
"14794","1363",1363-05-27,"10",,"1"
"14795","1363",1363-05-29,"10",,"1"
"14796","1363",1363-05-30,"10",,"1"
"14797","1363",1363-05-31,"10",,"1"
"14798","1363",1363-06-01,"10",,"1"
"14799","1363",1363-06-02,"10",,"1"
"14800","1363",1363-06-03,"10",,"1"
"14801","1363",1363-06-05,"10",,"1"
"14802","1363",1363-06-06,"10",,"1"
"14803","1363",1363-06-07,"10",,"1"
"14804","1363",1363-06-08,"10",,"1"
"14805","1363",1363-06-09,"10",,"1"
"14806","1363",1363-06-10,"10",,"1"
"14807","1363",1363-06-12,"10",,"1"
"14808","1363",1363-06-13,"10",,"1"
"14809","1363",1363-06-14,"10",,"1"
"14810","1363",1363-06-15,"10",,"1"
"14811","1363",1363-06-16,"10",,"1"
"14812","1363",1363-06-17,"10",,"1"
"14813","1363",1363-06-19,"10",,"1"
"14814","1363",1363-06-20,"10",,"1"
"14815","1363",1363-06-21,"10",,"1"
"14816","1363",1363-06-22,"10",,"1"
"14817","1363",1363-06-23,"10",,"1"
"14818","1363",1363-06-24,"10",,"1"
"14819","1363",1363-06-26,"10",,"1"
"14820","1363",1363-06-27,"10",,"1"
"14821","1363",1363-06-28,"10",,"1"
"14822","1363",1363-06-29,"10",,"1"
"14823","1363",1363-06-30,"10",,"1"
"14824","1363",1363-10-05,"10",,"1"
"14825","1364",1364-01-01,"10",,"1"
"14826","1364",1364-02-01,"10",,"1"
"14827","1364",1364-03-01,"10",,"1"
"14828","1364",1364-04-01,"10",,"1"
"14829","1364",1364-05-01,"10",,"1"
"14830","1364",1364-06-01,"10",,"1"
"14831","1364",1364-07-01,"10",,"1"
"14832","1364",1364-08-01,"10",,"1"
"14833","1364",1364-09-01,"10",,"1"
"14834","1364",1364-10-01,"10",,"1"
"14835","1364",1364-11-01,"10",,"1"
"14836","1364",1364-12-01,"10",,"1"
"14837","1365",1365-01-01,"10",,"1"
"14838","1365",1365-02-01,"10",,"1"
"14839","1365",1365-03-01,"10",,"1"
"14840","1365",1365-04-01,"10",,"1"
"14841","1365",1365-05-01,"10",,"1"
"14842","1365",1365-06-01,"10",,"1"
"14843","1365",1365-07-01,"10",,"1"
"14844","1365",1365-08-01,"10",,"1"
"14845","1365",1365-09-01,"10",,"1"
"14846","1365",1365-10-01,"10",,"1"
"14847","1365",1365-11-01,"10",,"1"
"14848","1365",1365-12-01,"10",,"1"
"14849","1366",1366-01-01,"10",,"1"
"14850","1366",1366-02-01,"10",,"1"
"14851","1366",1366-03-01,"10",,"1"
"14852","1366",1366-04-01,"10",,"1"
"14853","1366",1366-05-01,"10",,"1"
"14854","1366",1366-06-01,"10",,"1"
"14855","1366",1366-07-01,"10",,"1"
"14856","1366",1366-08-01,"10",,"1"
"14857","1366",1366-09-01,"10",,"1"
"14858","1366",1366-10-01,"10",,"1"
"14859","1366",1366-11-01,"10",,"1"
"14860","1366",1366-12-01,"10",,"1"
"14861","1367",1367-03-01,"10",,"1"
"14862","1367",1367-12-01,"10",,"1"
"14863","1368",1368-05-01,"10",,"1"
"14864","1368",1368-06-01,"10",,"1"
"14865","1368",1368-09-03,"10",,"1"
"14866","1368",1368-09-06,"10",,"1"
"14867","1368",1368-11-13,"10",,"1"
"14868","1368",1368-12-31,"10",,"1"
"14869","1369",1369-01-01,"10",,"1"
"14870","1369",1369-05-01,"10",,"1"
"14871","1369",1369-06-01,"10",,"1"
"14872","1369",1369-07-01,"10",,"1"
"14873","1369",1369-08-01,"10",,"1"
"14874","1369",1369-09-01,"10",,"1"
"14875","1369",1369-10-01,"10",,"1"
"14876","1369",1369-11-01,"10",,"1"
"14877","1369",1369-12-01,"10",,"1"
"14878","1370",1370-01-01,"10",,"1"
"14879","1370",1370-01-22,"10",,"1"
"14880","1370",1370-03-01,"10",,"1"
"14881","1370",1370-03-02,"10",,"1"
"14882","1370",1370-03-30,"10",,"1"
"14883","1370",1370-04-01,"10",,"1"
"14884","1370",1370-04-02,"10",,"1"
"14885","1370",1370-05-01,"10",,"1"
"14886","1370",1370-08-01,"10",,"1"
"14887","1370",1370-09-01,"10",,"1"
"14888","1370",1370-10-10,"10",,"1"
"14889","1370",1370-10-18,"10",,"1"
"14890","1371",1371-01-01,"10",,"1"
"14891","1371",1371-01-02,"10",,"1"
"14892","1371",1371-06-01,"10",,"1"
"14893","1371",1371-08-01,"10",,"1"
"14894","1371",1371-09-01,"10",,"1"
"14895","1371",1371-10-01,"10",,"1"
"14896","1371",1371-12-01,"10",,"1"
"14897","1372",1372-01-01,"10",,"1"
"14898","1372",1372-03-01,"10",,"1"
"14899","1372",1372-07-01,"10",,"1"
"14900","1372",1372-08-01,"10",,"1"
"14901","1373",1373-01-01,"10",,"1"
"14902","1373",1373-01-02,"10",,"1"
"14903","1373",1373-02-01,"10",,"1"
"14904","1373",1373-03-01,"10",,"1"
"14905","1373",1373-05-01,"10",,"1"
"14906","1373",1373-06-01,"10",,"1"
"14907","1373",1373-07-01,"10",,"1"
"14908","1373",1373-08-01,"10",,"1"
"14909","1373",1373-09-01,"10",,"1"
"14910","1373",1373-10-01,"10",,"1"
"14911","1373",1373-11-01,"10",,"1"
"14912","1373",1373-12-01,"10",,"1"
"14913","1374",1374-01-01,"10",,"1"
"14914","1374",1374-02-01,"10",,"1"
"14915","1374",1374-03-01,"10",,"1"
"14916","1374",1374-04-01,"10",,"1"
"14917","1374",1374-05-01,"10",,"1"
"14918","1374",1374-06-01,"10",,"1"
"14919","1374",1374-07-01,"10",,"1"
"14920","1374",1374-08-01,"10",,"1"
"14921","1374",1374-09-01,"10",,"1"
"14922","1374",1374-10-01,"10",,"1"
"14923","1374",1374-11-01,"10",,"1"
"14924","1374",1374-12-01,"10",,"1"
"14925","1375",1375-05-01,"10",,"1"
"14926","1375",1375-06-01,"10",,"1"
"14927","1375",1375-07-01,"10",,"1"
"14928","1375",1375-08-01,"10",,"1"
"14929","1375",1375-09-01,"10",,"1"
"14930","1375",1375-10-01,"10",,"1"
"14931","1375",1375-11-01,"10",,"1"
"14932","1375",1375-12-01,"10",,"1"
"14933","1376",1376-01-01,"10",,"1"
"14934","1376",1376-02-01,"10",,"1"
"14935","1376",1376-03-01,"10",,"1"
"14936","1376",1376-04-01,"10",,"1"
"14937","1376",1376-05-01,"10",,"1"
"14938","1376",1376-06-01,"10",,"1"
"14939","1376",1376-07-01,"10",,"1"
"14940","1376",1376-08-01,"10",,"1"
"14941","1376",1376-09-01,"10",,"1"
"14942","1376",1376-10-01,"10",,"1"
"14943","1376",1376-11-01,"10",,"1"
"14944","1376",1376-12-01,"10",,"1"
"14945","1377",1377-01-01,"10",,"1"
"14946","1377",1377-01-02,"10",,"1"
"14947","1377",1377-02-01,"10",,"1"
"14948","1377",1377-03-01,"10",,"1"
"14949","1377",1377-03-02,"10",,"1"
"14950","1377",1377-03-03,"10",,"1"
"14951","1377",1377-03-04,"10",,"1"
"14952","1377",1377-03-05,"10",,"1"
"14953","1377",1377-03-06,"10",,"1"
"14954","1377",1377-03-07,"10",,"1"
"14955","1377",1377-03-08,"10",,"1"
"14956","1377",1377-03-09,"10",,"1"
"14957","1377",1377-03-10,"10",,"1"
"14958","1377",1377-03-11,"10",,"1"
"14959","1377",1377-03-12,"10",,"1"
"14960","1377",1377-03-13,"10",,"1"
"14961","1377",1377-03-14,"10",,"1"
"14962","1377",1377-03-15,"10",,"1"
"14963","1377",1377-03-16,"10",,"1"
"14964","1377",1377-03-17,"10",,"1"
"14965","1377",1377-03-18,"10",,"1"
"14966","1377",1377-03-19,"10",,"1"
"14967","1377",1377-03-20,"10",,"1"
"14968","1377",1377-03-21,"10",,"1"
"14969","1377",1377-03-22,"10",,"1"
"14970","1377",1377-03-23,"10",,"1"
"14971","1377",1377-03-24,"10",,"1"
"14972","1377",1377-03-25,"10",,"1"
"14973","1377",1377-03-26,"10",,"1"
"14974","1377",1377-03-27,"10",,"1"
"14975","1377",1377-03-28,"10",,"1"
"14976","1377",1377-03-29,"10",,"1"
"14977","1377",1377-03-30,"10",,"1"
"14978","1377",1377-03-31,"10",,"1"
"14979","1377",1377-04-01,"10",,"1"
"14980","1377",1377-05-01,"10",,"1"
"14981","1377",1377-06-01,"10",,"1"
"14982","1377",1377-07-01,"10",,"1"
"14983","1377",1377-08-01,"10",,"1"
"14984","1377",1377-09-01,"10",,"1"
"14985","1377",1377-10-01,"10",,"1"
"14986","1377",1377-11-01,"10",,"1"
"14987","1377",1377-12-01,"10",,"1"
"14988","1378",1378-01-01,"10",,"1"
"14989","1378",1378-02-01,"10",,"1"
"14990","1378",1378-03-01,"10",,"1"
"14991","1378",1378-04-01,"10",,"1"
"14992","1378",1378-05-01,"10",,"1"
"14993","1378",1378-06-01,"10",,"1"
"14994","1378",1378-07-01,"10",,"1"
"14995","1378",1378-08-01,"10",,"1"
"14996","1378",1378-09-01,"10",,"1"
"14997","1378",1378-10-01,"10",,"1"
"14998","1378",1378-11-01,"10",,"1"
"14999","1378",1378-12-01,"10",,"1"
"15000","1379",1379-07-01,"10",,"1"
"15001","1379",1379-08-18,"10",,"1"
"15002","1379",1379-08-30,"10",,"1"
"15003","1379",1379-09-05,"10",,"1"
"15004","1379",1379-09-16,"10",,"1"
"15005","1379",1379-09-22,"10",,"1"
"15006","1379",1379-10-01,"10",,"1"
"15007","1379",1379-10-25,"10",,"1"
"15008","1379",1379-10-26,"10",,"1"
"15009","1379",1379-11-03,"10",,"1"
"15010","1379",1379-11-20,"10",,"1"
"15011","1379",1379-11-21,"10",,"1"
"15012","1379",1379-12-19,"10",,"1"
"15013","1379",1379-12-31,"10",,"1"
"15014","1380",1380-07-01,"10",,"1"
"15015","1380",1380-08-02,"10",,"1"
"15016","1380",1380-08-23,"10",,"1"
"15017","1380",1380-08-31,"10",,"1"
"15018","1380",1380-09-04,"10",,"1"
"15019","1380",1380-09-06,"10",,"1"
"15020","1380",1380-09-12,"10",,"1"
"15021","1380",1380-09-13,"10",,"1"
"15022","1380",1380-09-21,"10",,"1"
"15023","1380",1380-10-13,"10",,"1"
"15024","1380",1380-10-26,"10",,"1"
"15025","1380",1380-11-02,"10",,"1"
"15026","1380",1380-11-08,"10",,"1"
"15027","1380",1380-11-20,"10",,"1"
"15028","1380",1380-11-30,"10",,"1"
"15029","1380",1380-12-03,"10",,"1"
"15030","1380",1380-12-19,"10",,"1"
"15031","1380",1380-12-29,"10",,"1"
"15032","1380",1380-12-30,"10",,"1"
"15033","1381",1381-01-12,"10",,"1"
"15034","1381",1381-01-23,"10",,"1"
"15035","1381",1381-02-01,"10",,"1"
"15036","1381",1381-02-06,"10",,"1"
"15037","1381",1381-03-18,"10",,"1"
"15038","1381",1381-03-28,"10",,"1"
"15039","1381",1381-04-03,"10",,"1"
"15040","1381",1381-04-22,"10",,"1"
"15041","1381",1381-05-11,"10",,"1"
"15042","1381",1381-05-21,"10",,"1"
"15043","1381",1381-06-05,"10",,"1"
"15044","1381",1381-06-14,"10",,"1"
"15045","1381",1381-06-25,"10",,"1"
"15046","1382",1382-01-24,"10",,"1"
"15047","1382",1382-02-14,"10",,"1"
"15048","1382",1382-02-26,"10",,"1"
"15049","1382",1382-03-01,"10",,"1"
"15050","1382",1382-03-20,"10",,"1"
"15051","1382",1382-04-28,"10",,"1"
"15052","1382",1382-05-03,"10",,"1"
"15053","1382",1382-05-09,"10",,"1"
"15054","1382",1382-05-29,"10",,"1"
"15055","1382",1382-06-02,"10",,"1"
"15056","1382",1382-06-12,"10",,"1"
"15057","1382",1382-06-21,"10",,"1"
"15058","1382",1382-07-01,"10",,"1"
"15059","1382",1382-08-01,"10",,"1"
"15060","1382",1382-09-01,"10",,"1"
"15061","1382",1382-10-01,"10",,"1"
"15062","1382",1382-11-01,"10",,"1"
"15063","1382",1382-12-01,"10",,"1"
"15064","1383",1383-02-01,"10",,"1"
"15065","1383",1383-07-01,"10",,"1"
"15066","1383",1383-08-01,"10",,"1"
"15067","1383",1383-09-01,"10",,"1"
"15068","1383",1383-10-01,"10",,"1"
"15069","1383",1383-11-01,"10",,"1"
"15070","1383",1383-12-01,"10",,"1"
"15071","1384",1384-01-01,"10",,"1"
"15072","1384",1384-02-01,"10",,"1"
"15073","1384",1384-03-01,"10",,"1"
"15074","1384",1384-04-01,"10",,"1"
"15075","1384",1384-05-01,"10",,"1"
"15076","1384",1384-06-01,"10",,"1"
"15077","1384",1384-07-01,"10",,"1"
"15078","1384",1384-08-01,"10",,"1"
"15079","1384",1384-09-01,"10",,"1"
"15080","1384",1384-10-01,"10",,"1"
"15081","1384",1384-11-01,"10",,"1"
"15082","1384",1384-12-01,"10",,"1"
"15083","1385",1385-01-01,"10",,"1"
"15084","1385",1385-02-01,"10",,"1"
"15085","1385",1385-03-01,"10",,"1"
"15086","1385",1385-04-01,"10",,"1"
"15087","1385",1385-05-01,"10",,"1"
"15088","1385",1385-06-01,"10",,"1"
"15089","1385",1385-07-01,"10",,"1"
"15090","1385",1385-08-01,"10",,"1"
"15091","1385",1385-09-01,"10",,"1"
"15092","1385",1385-10-01,"10",,"1"
"15093","1385",1385-11-01,"10",,"1"
"15094","1385",1385-12-01,"10",,"1"
"15095","1386",1386-01-01,"10",,"1"
"15096","1386",1386-02-01,"10",,"1"
"15097","1386",1386-03-01,"10",,"1"
"15098","1386",1386-04-01,"10",,"1"
"15099","1386",1386-05-01,"10",,"1"
"15100","1386",1386-06-01,"10",,"1"
"15101","1386",1386-07-01,"10",,"1"
"15102","1386",1386-08-01,"10",,"1"
"15103","1386",1386-09-01,"10",,"1"
"15104","1386",1386-10-01,"10",,"1"
"15105","1386",1386-11-01,"10",,"1"
"15106","1386",1386-12-01,"10",,"1"
"15107","1387",1387-01-01,"10",,"1"
"15108","1387",1387-02-01,"10",,"1"
"15109","1387",1387-03-01,"10",,"1"
"15110","1387",1387-04-01,"10",,"1"
"15111","1387",1387-05-01,"10",,"1"
"15112","1387",1387-06-01,"10",,"1"
"15113","1387",1387-07-01,"10",,"1"
"15114","1387",1387-08-01,"10",,"1"
"15115","1387",1387-09-01,"10",,"1"
"15116","1387",1387-10-01,"10",,"1"
"15117","1387",1387-11-01,"10",,"1"
"15118","1387",1387-12-01,"10",,"1"
"15119","1388",1388-01-01,"10",,"1"
"15120","1388",1388-02-01,"10",,"1"
"15121","1388",1388-03-01,"10",,"1"
"15122","1388",1388-04-01,"10",,"1"
"15123","1388",1388-05-01,"10",,"1"
"15124","1388",1388-06-01,"10",,"1"
"15125","1388",1388-07-01,"10",,"1"
"15126","1388",1388-08-01,"10",,"1"
"15127","1388",1388-09-01,"10",,"1"
"15128","1388",1388-10-01,"10",,"1"
"15129","1388",1388-11-01,"10",,"1"
"15130","1388",1388-12-01,"10",,"1"
"15131","1389",1389-01-01,"10",,"1"
"15132","1389",1389-02-01,"10",,"1"
"15133","1389",1389-03-01,"10",,"1"
"15134","1389",1389-04-01,"10",,"1"
"15135","1389",1389-05-01,"10",,"1"
"15136","1389",1389-06-01,"10",,"1"
"15137","1389",1389-07-01,"10",,"1"
"15138","1389",1389-08-01,"10",,"1"
"15139","1389",1389-09-01,"10",,"1"
"15140","1389",1389-10-01,"10",,"1"
"15141","1389",1389-11-01,"10",,"1"
"15142","1389",1389-12-01,"10",,"1"
"15143","1390",1390-01-01,"10",,"1"
"15144","1390",1390-02-01,"10",,"1"
"15145","1390",1390-03-01,"10",,"1"
"15146","1390",1390-04-01,"10",,"1"
"15147","1390",1390-05-01,"10",,"1"
"15148","1390",1390-06-01,"10",,"1"
"15149","1390",1390-07-01,"10",,"1"
"15150","1390",1390-08-01,"10",,"1"
"15151","1390",1390-09-01,"10",,"1"
"15152","1390",1390-10-01,"10",,"1"
"15153","1390",1390-11-01,"10",,"1"
"15154","1390",1390-12-01,"10",,"1"
"15155","1391",1391-01-01,"10",,"1"
"15156","1391",1391-02-01,"10",,"1"
"15157","1391",1391-03-01,"10",,"1"
"15158","1391",1391-04-01,"10",,"1"
"15159","1391",1391-04-02,"10",,"1"
"15160","1391",1391-05-01,"10",,"1"
"15161","1391",1391-06-01,"10",,"1"
"15162","1391",1391-06-02,"10",,"1"
"15163","1391",1391-07-01,"10",,"1"
"15164","1391",1391-07-02,"10",,"1"
"15165","1391",1391-08-01,"10",,"1"
"15166","1391",1391-09-01,"10",,"1"
"15167","1391",1391-10-01,"10",,"1"
"15168","1391",1391-11-01,"10",,"1"
"15169","1391",1391-12-01,"10",,"1"
"15170","1392",1392-01-01,"10",,"1"
"15171","1392",1392-02-01,"10",,"1"
"15172","1392",1392-03-01,"10",,"1"
"15173","1392",1392-04-01,"10",,"1"
"15174","1392",1392-05-01,"10",,"1"
"15175","1392",1392-06-01,"10",,"1"
"15176","1392",1392-07-01,"10",,"1"
"15177","1392",1392-08-01,"10",,"1"
"15178","1392",1392-09-01,"10",,"1"
"15179","1392",1392-10-01,"10",,"1"
"15180","1392",1392-11-01,"10",,"1"
"15181","1392",1392-12-01,"10",,"1"
"15182","1393",1393-01-01,"10",,"1"
"15183","1393",1393-02-01,"10",,"1"
"15184","1393",1393-03-01,"10",,"1"
"15185","1393",1393-04-01,"10",,"1"
"15186","1393",1393-05-01,"10",,"1"
"15187","1393",1393-06-01,"10",,"1"
"15188","1393",1393-07-01,"10",,"1"
"15189","1393",1393-08-01,"10",,"1"
"15190","1393",1393-09-01,"10",,"1"
"15191","1393",1393-10-01,"10",,"1"
"15192","1393",1393-11-01,"10",,"1"
"15193","1393",1393-12-01,"10",,"1"
"15194","1394",1394-01-01,"10",,"1"
"15195","1394",1394-02-01,"10",,"1"
"15196","1394",1394-03-01,"10",,"1"
"15197","1394",1394-04-01,"10",,"1"
"15198","1394",1394-05-01,"10",,"1"
"15199","1394",1394-06-01,"10",,"1"
"15200","1394",1394-07-01,"10",,"1"
"15201","1394",1394-08-01,"10",,"1"
"15202","1394",1394-09-01,"10",,"1"
"15203","1394",1394-10-01,"10",,"1"
"15204","1394",1394-11-01,"10",,"1"
"15205","1394",1394-12-01,"10",,"1"
"15206","1395",1395-01-01,"10",,"1"
"15207","1395",1395-02-01,"10",,"1"
"15208","1395",1395-03-01,"10",,"1"
"15209","1395",1395-04-01,"10",,"1"
"15210","1395",1395-05-01,"10",,"1"
"15211","1395",1395-06-01,"10",,"1"
"15212","1395",1395-07-01,"10",,"1"
"15213","1395",1395-08-01,"10",,"1"
"15214","1395",1395-09-01,"10",,"1"
"15215","1395",1395-10-01,"10",,"1"
"15216","1395",1395-11-01,"10",,"1"
"15217","1396",1396-01-01,"10",,"1"
"15218","1396",1396-02-01,"10",,"1"
"15219","1396",1396-03-01,"10",,"1"
"15220","1396",1396-04-01,"10",,"1"
"15221","1396",1396-05-01,"10",,"1"
"15222","1396",1396-06-01,"10",,"1"
"15223","1396",1396-07-01,"10",,"1"
"15224","1396",1396-08-01,"10",,"1"
"15225","1396",1396-09-01,"10",,"1"
"15226","1396",1396-10-01,"10",,"1"
"15227","1396",1396-11-01,"10",,"1"
"15228","1396",1396-12-01,"10",,"1"
"15229","1397",1397-01-01,"10",,"1"
"15230","1397",1397-02-01,"10",,"1"
"15231","1397",1397-03-01,"10",,"1"
"15232","1397",1397-04-01,"10",,"1"
"15233","1397",1397-05-01,"10",,"1"
"15234","1397",1397-06-01,"10",,"1"
"15235","1397",1397-06-02,"10",,"1"
"15236","1397",1397-07-01,"10",,"1"
"15237","1397",1397-11-01,"10",,"1"
"15238","1397",1397-12-01,"10",,"1"
"15239","1398",1398-01-01,"10",,"1"
"15240","1398",1398-02-01,"10",,"1"
"15241","1398",1398-03-01,"10",,"1"
"15242","1398",1398-05-01,"10",,"1"
"15243","1398",1398-06-01,"10",,"1"
"15244","1398",1398-07-01,"10",,"1"
"15245","1398",1398-08-01,"10",,"1"
"15246","1398",1398-09-01,"10",,"1"
"15247","1398",1398-10-01,"10",,"1"
"15248","1398",1398-11-01,"10",,"1"
"15249","1398",1398-12-01,"10",,"1"
"15250","1399",1399-01-01,"10",,"1"
"15251","1399",1399-02-01,"10",,"1"
"15252","1399",1399-03-01,"10",,"1"
"15253","1399",1399-04-01,"10",,"1"
"15254","1399",1399-05-01,"10",,"1"
"15255","1399",1399-06-01,"10",,"1"
"15256","1399",1399-07-01,"10",,"1"
"15257","1399",1399-08-01,"10",,"1"
"15258","1399",1399-09-01,"10",,"1"
"15259","1399",1399-10-01,"10",,"1"
"15260","1399",1399-11-01,"10",,"1"
"15261","1399",1399-12-01,"10",,"1"
"15262","1400",1400-01-01,"10",,"1"
"15263","1400",1400-02-01,"10",,"1"
"15264","1400",1400-03-01,"10",,"1"
"15265","1400",1400-04-01,"10",,"1"
"15266","1400",1400-05-01,"10",,"1"
"15267","1400",1400-06-01,"10",,"1"
"15268","1271",1271-01-01,"25",,"1"
"15269","1278",1278-01-01,"25",,"1"
"15270","1279",1279-01-01,"25",,"1"
"15271","1279",1279-01-02,"25",,"1"
"15272","1280",1280-01-01,"25",,"1"
"15273","1280",1280-01-02,"25",,"1"
"15274","1281",1281-01-01,"25",,"1"
"15275","1282",1282-01-01,"25",,"1"
"15276","1283",1283-01-01,"25",,"1"
"15277","1284",1284-01-01,"25",,"1"
"15278","1287",1287-01-01,"25",,"1"
"15279","1297",1297-01-01,"25",,"1"
"15280","1298",1298-01-01,"25",,"1"
"15281","1299",1299-01-01,"25",,"1"
"15282","1300",1300-01-01,"25",,"1"
"15283","1309",1309-01-01,"25",,"1"
"15284","1310",1310-01-01,"25",,"1"
"15285","1311",1311-01-01,"25",,"1"
"15286","1313",1313-01-01,"25",,"1"
"15287","1314",1314-01-01,"25",,"1"
"15288","1315",1315-01-01,"25",,"1"
"15289","1320",1320-01-01,"25",,"1"
"15290","1322",1322-01-01,"25",,"1"
"15291","1324",1324-01-01,"25",,"1"
"15292","1325",1325-01-01,"25",,"1"
"15293","1326",1326-01-01,"25",,"1"
"15294","1326",1326-01-02,"25",,"1"
"15295","1327",1327-01-01,"25",,"1"
"15296","1329",1329-01-01,"25",,"1"
"15297","1333",1333-01-01,"25",,"1"
"15298","1336",1336-01-01,"25",,"1"
"15299","1342",1342-01-01,"25",,"1"
"15300","1344",1344-01-01,"25",,"1"
"15301","1349",1349-01-01,"25",,"1"
"15302","1350",1350-01-01,"25",,"1"
"15303","1359",1359-01-01,"25",,"1"
"15304","1364",1364-01-01,"25",,"1"
"15305","1368",1368-01-01,"25",,"1"
"15306","1371",1371-01-01,"25",,"1"
"15307","1381",1381-01-01,"25",,"1"
"15308","1404",1404-01-01,"25",,"1"
"15309","1438",1438-01-01,"25",,"1"
"15310","1448",1448-01-01,"25",,"1"
"15311","1464",1464-01-01,"25",,"1"
"15312","1469",1469-01-01,"25",,"1"
"15313","1491",1491-01-01,"25",,"1"
"15314","1492",1492-01-01,"25",,"1"
"15315","1493",1493-01-01,"25",,"1"
"15316","1494",1494-01-01,"25",,"1"
"15317","1497",1497-01-01,"25",,"1"
"15318","1315",1315-01-01,"23",,"1"
"15319","1403",1403-01-01,"23",,"1"
"15320","1430",1430-01-01,"23",,"1"
"15321","1451",1451-01-01,"23",,"1"
"15322","1458",1458-01-01,"23",,"1"
"15323","1460",1460-01-01,"23",,"1"
"15324","1479",1479-01-01,"23",,"1"
"15325","1486",1486-01-01,"23",,"1"
"15326","1506",1506-01-01,"23",,"1"
"15327","1259",1259-01-01,"26",,"1"
"15328","1278",1278-01-01,"26",,"1"
"15329","1281",1281-01-01,"26",,"1"
"15330","1283",1283-01-01,"26",,"1"
"15331","1285",1285-01-01,"26",,"1"
"15332","1291",1291-01-01,"26",,"1"
"15333","1293",1293-01-01,"26",,"1"
"15334","1293",1293-01-02,"26",,"1"
"15335","1297",1297-01-01,"26",,"1"
"15336","1297",1297-01-02,"26",,"1"
"15337","1299",1299-01-01,"26",,"1"
"15338","1299",1299-01-02,"26",,"1"
"15339","1302",1302-01-01,"26",,"1"
"15340","1309",1309-01-01,"26",,"1"
"15341","1317",1317-01-01,"26",,"1"
"15342","1323",1323-01-01,"26",,"1"
"15343","1331",1331-01-01,"26",,"1"
"15344","1332",1332-01-01,"26",,"1"
"15345","1339",1339-01-01,"26",,"1"
"15346","1342",1342-01-01,"26",,"1"
"15347","1349",1349-01-01,"26",,"1"
"15348","1350",1350-01-01,"26",,"1"
"15349","1364",1364-01-01,"26",,"1"
"15350","1367",1367-01-01,"26",,"1"
"15351","1368",1368-01-01,"26",,"1"
"15352","1369",1369-01-01,"26",,"1"
"15353","1379",1379-01-01,"26",,"1"
"15354","1380",1380-01-01,"26",,"1"
"15355","1381",1381-01-01,"26",,"1"
"15356","1385",1385-01-01,"26",,"1"
"15357","1386",1386-01-01,"26",,"1"
"15358","1390",1390-01-01,"26",,"1"
"15359","1390",1390-01-02,"26",,"1"
"15360","1395",1395-01-01,"26",,"1"
"15361","1403",1403-01-01,"26",,"1"
"15362","1403",1403-01-02,"26",,"1"
"15363","1439",1439-01-01,"26",,"1"
"15364","1452",1452-01-01,"26",,"1"
"15365","1456",1456-01-01,"26",,"1"
"15366","1463",1463-01-01,"26",,"1"
"15367","1466",1466-01-01,"26",,"1"
"15368","1468",1468-01-01,"26",,"1"
"15369","1474",1474-01-01,"26",,"1"
"15370","1475",1475-01-01,"26",,"1"
"15371","1476",1476-01-01,"26",,"1"
"15372","1478",1478-01-01,"26",,"1"
"15373","1480",1480-01-01,"26",,"1"
"15374","1484",1484-01-01,"26",,"1"
"15375","1486",1486-01-01,"26",,"1"
"15376","1489",1489-01-01,"26",,"1"
"15377","1490",1490-01-01,"26",,"1"
"15378","1492",1492-01-01,"26",,"1"
"15379","1497",1497-01-01,"26",,"1"
"15380","1499",1499-01-01,"26",,"1"
"15381","1501",1501-01-01,"26",,"1"
"15382","1285",1285-01-01,"15",,"2"
"15383","1296",1296-01-01,"15",,"2"
"15384","1320",1320-01-01,"15",,"2"
"15385","1329",1329-01-02,"15",,"2"
"15386","1331",1331-09-17,"15",,"2"
"15387","1341",1341-09-06,"15",,"2"
"15388","1354",1354-01-02,"15",,"2"
"15389","1355",1355-01-02,"15",,"2"
"15390","1356",1356-07-06,"15",,"2"
"15391","1360",1360-01-27,"15",,"2"
"15392","1360",1360-02-19,"15",,"2"
"15393","1363",1363-01-01,"15",,"2"
"15394","1366",1366-03-09,"15",,"2"
"15395","1368",1368-06-26,"15",,"2"
"15396","1378",1378-07-03,"15",,"2"
"15397","1381",1381-10-28,"15",,"2"
"15398","1382",1382-02-16,"15",,"2"
"15399","1393",1393-03-25,"15",,"2"
"15400","1395",1395-09-14,"15",,"2"
"15401","1395",1395-11-24,"15",,"2"
"15402","1400",1400-02-01,"15",,"2"
"17129","1366",1366-12-26,"35",,"4"
"17130","1367",1367-08-27,"35",,"4"
"17131","1367",1367-10-06,"35",,"4"
"17132","1372",1372-10-21,"35",,"4"
"17133","1373",1373-02-05,"35",,"4"
"17134","1373",1373-07-05,"35",,"4"
"17135","1376",1376-06-16,"35",,"4"
"17136","1377",1377-07-11,"35",,"4"
"17137","1377",1377-08-04,"35",,"4"
"17138","1377",1377-11-27,"35",,"4"
"17139","1377",1377-12-04,"35",,"4"
"17140","1378",1378-01-15,"35",,"4"
"17141","1378",1378-04-05,"35",,"4"
"17142","1378",1378-04-17,"35",,"4"
"17143","1378",1378-05-18,"35",,"4"
"17144","1378",1378-05-28,"35",,"4"
"17145","1378",1378-06-01,"35",,"4"
"17146","1378",1378-06-10,"35",,"4"
"17147","1378",1378-07-20,"35",,"4"
"17148","1378",1378-07-28,"35",,"4"
"17149","1378",1378-11-30,"35",,"4"
"17150","1378",1378-12-16,"35",,"4"
"17151","1379",1379-03-08,"35",,"4"
"17152","1379",1379-08-02,"35",,"4"
"17153","1380",1380-01-16,"35",,"4"
"17154","1380",1380-03-08,"35",,"4"
"17155","1380",1380-04-14,"35",,"4"
"17156","1380",1380-09-11,"35",,"4"
"17157","1380",1380-12-28,"35",,"4"
"17158","1381",1381-01-31,"35",,"4"
"17159","1381",1381-04-30,"35",,"4"
"17160","1381",1381-06-08,"35",,"4"
"17161","1381",1381-06-09,"35",,"4"
"17162","1381",1381-08-27,"35",,"4"
"17163","1381",1381-02-06,"35",,"4"
"17164","1381",1381-02-11,"35",,"4"
"17165","1381",1381-03-28,"35",,"4"
"17166","1381",1381-04-08,"35",,"4"
"17167","1382",1382-03-13,"35",,"4"
"17168","1383",1383-03-24,"35",,"4"
"17169","1383",1383-06-29,"35",,"4"
"17170","1384",1384-08-29,"35",,"4"
"17171","1385",1385-10-09,"35",,"4"
"17172","1386",1386-02-07,"35",,"4"
"17173","1386",1386-12-27,"35",,"4"
"17174","1387",1387-03-28,"35",,"4"
"17175","1387",1387-10-04,"35",,"4"
"17176","1387",1387-10-10,"35",,"4"
"17177","1387",1387-12-10,"35",,"4"
"17178","1388",1388-02-27,"35",,"4"
"17179","1388",1388-03-17,"35",,"4"
"17180","1388",1388-04-20,"35",,"4"
"17181","1388",1388-10-10,"35",,"4"
"17182","1388",1388-12-04,"35",,"4"
"17183","1387",1387-09-10,"35",,"4"
"17184","1387",1387-06-18,"35",,"4"
"17185","1387",1387-07-27,"35",,"4"
"17186","1388",1388-08-22,"35",,"4"
"17187","1390",1390-06-10,"35",,"4"
"17188","1390",1390-09-06,"35",,"4"
"17189","1390",1390-10-19,"35",,"4"
"17190","1392",1392-02-02,"35",,"4"
"17191","1392",1392-05-16,"35",,"4"
"17192","1393",1393-03-11,"35",,"4"
"17193","1393",1393-04-30,"35",,"4"
"17194","1395",1395-04-01,"35",,"4"
"17195","1397",1397-06-08,"35",,"4"
"17196","1398",1398-08-13,"35",,"4"
"17197","1399",1399-02-11,"35",,"4"
"17198","1400",1400-06-26,"35",,"4"
"17199","1400",1400-11-15,"35",,"4"
"17200","1337",1337-12-04,"36",,"4"
"17201","1349",1349-04-01,"36",,"4"
"17202","1371",1371-04-21,"36",,"4"
"17203","1372",1372-01-06,"36",,"4"
"17204","1372",1372-11-01,"36",,"4"
"17205","1372",1372-12-23,"36",,"4"
"17206","1374",1374-08-20,"36",,"4"
"17207","1377",1377-04-04,"36",,"4"
"17208","1379",1379-07-05,"36",,"4"
"17209","1379",1379-08-09,"36",,"4"
"17210","1380",1380-05-04,"36",,"4"
"17211","1380",1380-09-01,"36",,"4"
"17212","1382",1382-10-11,"36",,"4"
"17213","1384",1384-02-06,"36",,"4"
"17214","1384",1384-05-01,"36",,"4"
"17215","1388",1388-06-12,"36",,"4"
"17216","1389",1389-05-07,"36",,"4"
"17217","1390",1390-12-10,"36",,"4"
"17218","1394",1394-04-27,"36",,"4"
"17219","1399",1399-01-26,"36",,"4"
"17220","1399",1399-04-22,"36",,"4"
"17221","1405",1405-06-29,"36",,"4"
"17222","1405",1405-09-28,"36",,"4"
"17223","1405",1405-10-17,"36",,"4"
"17224","1405",1405-10-25,"36",,"4"
"17225","1405",1405-11-07,"36",,"4"
"17226","1406",1406-01-18,"36",,"4"
"17227","1406",1406-04-05,"36",,"4"
"17228","1406",1406-05-21,"36",,"4"
"17229","1406",1406-06-15,"36",,"4"
"17230","1406",1406-07-10,"36",,"4"
"17231","1406",1406-08-20,"36",,"4"
"17232","1406",1406-09-06,"36",,"4"
"17233","1407",1407-01-01,"36",,"4"
"17234","1407",1407-04-19,"36",,"4"
"17235","1407",1407-09-20,"36",,"4"
"17236","1407",1407-11-02,"36",,"4"
"17237","1408",1408-05-27,"36",,"4"
"17238","1410",1410-01-01,"36",,"4"
"17239","1410",1410-04-26,"36",,"4"
"17240","1411",1411-07-07,"36",,"4"
"17241","1411",1411-10-09,"36",,"4"
"17242","1411",1411-11-28,"36",,"4"
"17243","1414",1414-12-03,"36",,"4"
"17244","1416",1416-06-21,"36",,"4"
"17245","1423",1423-07-19,"36",,"4"
"17246","1423",1423-10-01,"36",,"4"
"17247","1423",1423-12-01,"36",,"4"
"17248","1424",1424-03-15,"36",,"4"
"17249","1425",1425-05-01,"36",,"4"
"17250","1426",1426-11-01,"36",,"4"
"17251","1429",1429-10-07,"36",,"4"
"17252","1432",1432-03-01,"36",,"4"
"17253","1435",1435-03-12,"36",,"4"
"17254","1435",1435-07-01,"36",,"4"
"17255","1435",1435-12-21,"36",,"4"
"17256","1442",1442-01-13,"36",,"4"
"17257","1442",1442-02-08,"36",,"4"
"17258","1442",1442-02-24,"36",,"4"
"17259","1442",1442-03-24,"36",,"4"
"17260","1443",1443-01-01,"36",,"4"
"17261","1444",1444-01-01,"36",,"4"
"17262","1445",1445-01-01,"36",,"4"
"17263","1446",1446-01-01,"36",,"4"
"17264","1447",1447-03-19,"36",,"4"
"17265","1447",1447-09-12,"36",,"4"
"17266","1452",1452-07-17,"36",,"4"
"17267","1452",1452-10-01,"36",,"4"
"17268","1453",1453-01-22,"36",,"4"
"17269","1453",1453-01-25,"36",,"4"
"17270","1454",1454-09-14,"36",,"4"
"17271","1454",1454-10-31,"36",,"4"
"17272","1336",1336-10-01,"37",,"4"
"17273","1337",1337-03-01,"37",,"4"
"17274","1337",1337-04-26,"37",,"4"
"17275","1337",1337-05-16,"37",,"4"
"17276","1337",1337-05-19,"37",,"4"
"17277","1337",1337-07-28,"37",,"4"
"17278","1337",1337-08-04,"37",,"4"
"17279","1337",1337-09-01,"37",,"4"
"17280","1338",1338-01-01,"37",,"4"
"17281","1338",1338-02-01,"37",,"4"
"17282","1338",1338-02-24,"37",,"4"
"17283","1338",1338-02-25,"37",,"4"
"17284","1338",1338-05-26,"37",,"4"
"17285","1338",1338-09-01,"37",,"4"
"17286","1338",1338-11-15,"37",,"4"
"17287","1339",1339-10-15,"37",,"4"
"17288","1357",1357-10-23,"37",,"4"
"17289","1370",1370-01-01,"37",,"4"
"17290","1374",1374-06-03,"37",,"4"
"17291","1378",1378-12-24,"37",,"4"
"17292","1379",1379-05-31,"37",,"4"
"17293","1379",1379-06-15,"37",,"4"
"17294","1384",1384-08-13,"37",,"4"
"17295","1386",1386-03-21,"37",,"4"
"17296","1388",1388-10-25,"37",,"4"
"17297","1388",1388-11-20,"37",,"4"
"17298","1389",1389-01-01,"37",,"4"
"17299","1391",1391-01-01,"37",,"4"
"17300","1391",1391-03-15,"37",,"4"
"17301","1391",1391-04-10,"37",,"4"
"17302","1391",1391-04-19,"37",,"4"
"17303","1391",1391-04-22,"37",,"4"
"17304","1391",1391-04-27,"37",,"4"
"17305","1392",1392-06-08,"37",,"4"
"17306","1398",1398-07-01,"37",,"4"
"17307","1399",1399-08-31,"37",,"4"
"17308","1399",1399-09-21,"37",,"4"
"17309","1399",1399-10-14,"37",,"4"
"17310","1400",1400-03-08,"37",,"4"
"17311","1400",1400-05-10,"37",,"4"
"17312","1400",1400-05-11,"37",,"4"
"17313","1400",1400-07-06,"37",,"4"
"17314","1401",1401-01-01,"37",,"4"
"17315","1401",1401-01-01,"37",,"4"
"17316","1401",1401-09-09,"37",,"4"
"17317","1401",1401-12-15,"37",,"4"
"17318","1402",1402-01-01,"37",,"4"
"17319","1402",1402-04-28,"37",,"4"
"17320","1402",1402-10-01,"37",,"4"
"17321","1406",1406-01-01,"37",,"4"
"17322","1406",1406-10-29,"37",,"4"
"17323","1406",1406-11-13,"37",,"4"
"17324","1406",1406-11-29,"37",,"4"
"17325","1406",1406-12-10,"37",,"4"
"17326","1406",1406-12-20,"37",,"4"
"17327","1407",1407-09-12,"37",,"4"
"17328","1408",1408-02-09,"37",,"4"
"17329","1408",1408-05-07,"37",,"4"
"17330","1408",1408-08-30,"37",,"4"
"17331","1409",1409-03-13,"37",,"4"
"17332","1409",1409-03-30,"37",,"4"
"17333","1409",1409-09-21,"37",,"4"
"17334","1409",1409-11-26,"37",,"4"
"17335","1410",1410-01-01,"37",,"4"
"17336","1411",1411-03-29,"37",,"4"
"17337","1411",1411-05-09,"37",,"4"
"17338","1411",1411-10-26,"37",,"4"
"17339","1411",1411-12-30,"37",,"4"
"17340","1412",1412-01-01,"37",,"4"
"17341","1413",1413-01-01,"37",,"4"
"17342","1414",1414-01-01,"37",,"4"
"17343","1415",1415-01-01,"37",,"4"
"17344","1416",1416-01-01,"37",,"4"
"17345","1417",1417-01-01,"37",,"4"
"17346","1418",1418-01-01,"37",,"4"
"17347","1419",1419-01-01,"37",,"4"
"17348","1420",1420-01-01,"37",,"4"
"17349","1423",1423-01-01,"37",,"4"
"17350","1423",1423-11-24,"37",,"4"
"17351","1426",1426-01-01,"37",,"4"
"17352","1428",1428-01-05,"37",,"4"
"17353","1428",1428-02-16,"37",,"4"
"17354","1429",1429-03-10,"37",,"4"
"17355","1429",1429-07-01,"37",,"4"
"17356","1432",1432-09-08,"37",,"4"
"17357","1432",1432-12-01,"37",,"4"
"17559","1333",1333-01-01,"38",,"4"
"17560","1343",1343-01-01,"38",,"4"
"17561","1346",1346-01-01,"38",,"4"
"17562","1347",1347-11-14,"38",,"4"
"17563","1348",1348-01-01,"38",,"4"
"17564","1350",1350-01-08,"38",,"4"
"17565","1351",1351-11-22,"38",,"4"
"17566","1352",1352-02-17,"38",,"4"
"17567","1353",1353-06-24,"38",,"4"
"17568","1354",1354-06-18,"38",,"4"
"17569","1354",1354-10-20,"38",,"4"
"17570","1355",1355-05-02,"38",,"4"
"17571","1355",1355-09-21,"38",,"4"
"17572","1355",1355-10-18,"38",,"4"
"17573","1356",1356-07-24,"38",,"4"
"17574","1356",1356-09-30,"38",,"4"
"17575","1357",1357-04-11,"38",,"4"
"17576","1358",1358-09-20,"38",,"4"
"17577","1358",1358-12-28,"38",,"4"
"17578","1359",1359-08-27,"38",,"4"
"17579","1360",1360-02-25,"38",,"4"
"17580","1360",1360-03-08,"38",,"4"
"17581","1360",1360-03-23,"38",,"4"
"17582","1361",1361-09-20,"38",,"4"
"17583","1361",1361-11-02,"38",,"4"
"17584","1362",1362-03-10,"38",,"4"
"17585","1363",1363-09-21,"38",,"4"
"17586","1363",1363-09-28,"38",,"4"
"17587","1364",1364-10-15,"38",,"4"
"17588","1364",1364-11-21,"38",,"4"
"17589","1365",1365-04-19,"38",,"4"
"17590","1365",1365-05-13,"38",,"4"
"17591","1365",1365-08-21,"38",,"4"
"17592","1366",1366-06-13,"38",,"4"
"17593","1369",1369-05-12,"38",,"4"
"17594","1369",1369-05-26,"38",,"4"
"17595","1370",1370-03-02,"38",,"4"
"17596","1370",1370-04-06,"38",,"4"
"17597","1370",1370-07-15,"38",,"4"
"17598","1370",1370-09-28,"38",,"4"
"17599","1371",1371-05-01,"38",,"4"
"17600","1371",1371-10-15,"38",,"4"
"17601","1372",1372-04-26,"38",,"4"
"17602","1372",1372-06-26,"38",,"4"
"17603","1373",1373-02-09,"38",,"4"
"17604","1373",1373-06-11,"38",,"4"
"17605","1373",1373-06-26,"38",,"4"
"17606","1373",1373-09-19,"38",,"4"
"17607","1374",1374-01-09,"38",,"4"
"17608","1374",1374-09-10,"38",,"4"
"17609","1374",1374-09-20,"38",,"4"
"17610","1374",1374-11-06,"38",,"4"
"17611","1375",1375-03-19,"38",,"4"
"17612","1375",1375-05-03,"38",,"4"
"17613","1376",1376-01-22,"38",,"4"
"17614","1376",1376-04-24,"38",,"4"
"17615","1376",1376-09-01,"38",,"4"
"17616","1376",1376-11-08,"38",,"4"
"17617","1376",1376-12-03,"38",,"4"
"17618","1376",1376-12-04,"38",,"4"
"17619","1377",1377-08-14,"38",,"4"
"17620","1377",1377-11-12,"38",,"4"
"17621","1377",1377-11-26,"38",,"4"
"17622","1377",1377-06-29,"38",,"4"
"17623","1378",1378-06-28,"38",,"4"
"17624","1378",1378-12-12,"38",,"4"
"17625","1378",1378-12-21,"38",,"4"
"17626","1379",1379-06-18,"38",,"4"
"17627","1379",1379-08-28,"38",,"4"
"17628","1379",1379-09-13,"38",,"4"
"17629","1380",1380-05-01,"38",,"4"
"17630","1380",1380-06-05,"38",,"4"
"17631","1380",1380-06-17,"38",,"4"
"17632","1381",1381-05-19,"38",,"4"
"17633","1381",1381-06-20,"38",,"4"
"17634","1381",1381-07-25,"38",,"4"
"17635","1381",1381-08-15,"38",,"4"
"17636","1381",1381-08-23,"38",,"4"
"17637","1381",1381-10-18,"38",,"4"
"17638","1382",1382-01-28,"38",,"4"
"17639","1382",1382-04-06,"38",,"4"
"17640","1382",1382-10-18,"38",,"4"
"17641","1383",1383-03-06,"38",,"4"
"17642","1383",1383-10-20,"38",,"4"
"17643","1383",1383-11-02,"38",,"4"
"17644","1383",1383-11-20,"38",,"4"
"17645","1384",1384-01-26,"38",,"4"
"17646","1384",1384-03-21,"38",,"4"
"17647","1384",1384-04-23,"38",,"4"
"17648","1384",1384-06-15,"38",,"4"
"17649","1384",1384-10-12,"38",,"4"
"17650","1384",1384-11-01,"38",,"4"
"17651","1385",1385-01-02,"38",,"4"
"17652","1385",1385-03-27,"38",,"4"
"17653","1385",1385-04-02,"38",,"4"
"17654","1385",1385-09-05,"38",,"4"
"17655","1385",1385-12-07,"38",,"4"
"17656","1385",1385-12-15,"38",,"4"
"17657","1385",1385-12-16,"38",,"4"
"17658","1386",1386-01-17,"38",,"4"
"17659","1386",1386-01-20,"38",,"4"
"17660","1386",1386-03-02,"38",,"4"
"17661","1386",1386-04-21,"38",,"4"
"17662","1386",1386-05-05,"38",,"4"
"17663","1386",1386-06-10,"38",,"4"
"17664","1386",1386-10-08,"38",,"4"
"17665","1386",1386-10-11,"38",,"4"
"17666","1386",1386-10-12,"38",,"4"
"17667","1386",1386-10-19,"38",,"4"
"17668","1386",1386-11-19,"38",,"4"
"17669","1387",1387-01-12,"38",,"4"
"17670","1387",1387-09-13,"38",,"4"
"17671","1387",1387-09-24,"38",,"4"
"17672","1387",1387-11-04,"38",,"4"
"17673","1387",1387-11-28,"38",,"4"
"17674","1388",1388-09-04,"38",,"4"
"17675","1388",1388-09-06,"38",,"4"
"17676","1388",1388-10-08,"38",,"4"
"17677","1389",1389-02-22,"38",,"4"
"17678","1389",1389-08-16,"38",,"4"
"17679","1389",1389-09-14,"38",,"4"
"17680","1390",1390-07-13,"38",,"4"
"17681","1391",1391-03-03,"38",,"4"
"17682","1392",1392-01-01,"38",,"4"
"17683","1393",1393-05-03,"38",,"4"
"17684","1393",1393-07-14,"38",,"4"
"17685","1393",1393-10-07,"38",,"4"
"17686","1394",1394-01-10,"38",,"4"
"17687","1394",1394-03-10,"38",,"4"
"17688","1394",1394-05-03,"38",,"4"
"17689","1394",1394-12-17,"38",,"4"
"17690","1394",1394-12-31,"38",,"4"
"17691","1395",1395-02-05,"38",,"4"
"17692","1395",1395-04-20,"38",,"4"
"17693","1395",1395-09-01,"38",,"4"
"17694","1395",1395-10-09,"38",,"4"
"17695","1395",1395-12-09,"38",,"4"
"17696","1396",1396-09-01,"38",,"4"
"17697","1396",1396-09-08,"38",,"4"
"17698","1396",1396-09-11,"38",,"4"
"17699","1398",1398-01-26,"38",,"4"
"17700","1398",1398-10-09,"38",,"4"
"17701","1398",1398-10-29,"38",,"4"
"17702","1399",1399-02-23,"38",,"4"
"17703","1399",1399-05-09,"38",,"4"
"17704","1399",1399-12-29,"38",,"4"
"17705","1400",1400-11-15,"38",,"4"
"17706","1401",1401-01-26,"38",,"4"
"17707","1401",1401-02-22,"38",,"4"
"17708","1401",1401-03-01,"38",,"4"
"17709","1401",1401-03-07,"38",,"4"
"17710","1401",1401-03-24,"38",,"4"
"17711","1401",1401-04-11,"38",,"4"
"17712","1401",1401-05-26,"38",,"4"
"17713","1401",1401-07-20,"38",,"4"
"17714","1401",1401-09-28,"38",,"4"
"17715","1402",1402-03-21,"38",,"4"
"17716","1404",1404-02-06,"38",,"4"
"17717","1404",1404-03-12,"38",,"4"
"17718","1405",1405-11-11,"38",,"4"
"17719","1407",1407-09-01,"38",,"4"
"17720","1407",1407-10-11,"38",,"4"
"17721","1408",1408-06-03,"38",,"4"
"17722","1408",1408-10-09,"38",,"4"
"17723","1408",1408-10-30,"38",,"4"
"17724","1409",1409-01-01,"38",,"4"
"17725","1409",1409-10-20,"38",,"4"
"17726","1410",1410-02-28,"38",,"4"
"17727","1417",1417-05-09,"38",,"4"
"17728","1417",1417-07-11,"38",,"4"
"17729","1418",1418-02-27,"38",,"4"
"17730","1418",1418-07-19,"38",,"4"
"17731","1418",1418-10-31,"38",,"4"
"17732","1419",1419-05-14,"38",,"4"
"17733","1419",1419-05-25,"38",,"4"
"17734","1419",1419-07-16,"38",,"4"
"17735","1419",1419-08-09,"38",,"4"
"17736","1420",1420-01-01,"38",,"4"
"17737","1420",1420-06-01,"38",,"4"
"17738","1421",1421-01-01,"38",,"4"
"17739","1421",1421-06-30,"38",,"4"
"17740","1410",1410-03-01,"38",,"4"
"17741","1410",1410-07-03,"38",,"4"
"17742","1410",1410-10-06,"38",,"4"
"17743","1410",1410-10-09,"38",,"4"
"17744","1410",1410-10-16,"38",,"4"
"17745","1410",1410-11-07,"38",,"4"
"17746","1411",1411-10-02,"38",,"4"
"17747","1412",1412-10-02,"38",,"4"
"17748","1412",1412-10-07,"38",,"4"
"17749","1412",1412-10-12,"38",,"4"
"17750","1412",1412-10-20,"38",,"4"
"17751","1413",1413-03-09,"38",,"4"
"17752","1413",1413-10-07,"38",,"4"
"17753","1414",1414-06-15,"38",,"4"
"17754","1414",1414-06-16,"38",,"4"
"17755","1414",1414-12-27,"38",,"4"
"17756","1415",1415-08-08,"38",,"4"
"17757","1416",1416-06-08,"38",,"4"
"17758","1417",1417-03-11,"38",,"4"
"17759","1308",1308-01-01,"15",,"4"
"17760","1318",1318-12-28,"15",,"4"
"17761","1329",1329-09-09,"15",,"4"
"17762","1331",1331-09-17,"15",,"4"
"17763","1341",1341-09-06,"15",,"4"
"17764","1342",1342-01-01,"15",,"4"
"17765","1346",1346-02-12,"15",,"4"
"17766","1349",1349-01-01,"15",,"4"
"17767","1350",1350-07-01,"15",,"4"
"17768","1354",1354-01-01,"15",,"4"
"17769","1356",1356-01-30,"15",,"4"
"17770","1360",1360-01-01,"15",,"4"
"17771","1362",1362-08-27,"15",,"4"
"17772","1366",1366-01-01,"15",,"4"
"17773","1368",1368-01-01,"15",,"4"
"17774","1369",1369-01-01,"15",,"4"
"17775","1369",1369-11-11,"15",,"4"
"17776","1369",1369-12-30,"15",,"4"
"17777","1370",1370-11-15,"15",,"4"
"17778","1371",1371-04-12,"15",,"4"
"17779","1371",1371-11-21,"15",,"4"
"17780","1372",1372-01-30,"15",,"4"
"17781","1373",1373-02-24,"15",,"4"
"17782","1373",1373-05-14,"15",,"4"
"17783","1373",1373-10-16,"15",,"4"
"17784","1374",1374-03-21,"15",,"4"
"17785","1376",1376-07-06,"15",,"4"
"17786","1378",1378-07-24,"15",,"4"
"17787","1384",1384-08-13,"15",,"4"
"17788","1386",1386-01-30,"15",,"4"
"17789","1386",1386-03-21,"15",,"4"
"17790","1386",1386-07-03,"15",,"4"
"17791","1388",1388-04-21,"15",,"4"
"17792","1388",1388-05-13,"15",,"4"
"17793","1389",1389-02-20,"15",,"4"
"17794","1389",1389-03-13,"15",,"4"
"17795","1389",1389-05-13,"15",,"4"
"17796","1390",1390-01-01,"15",,"4"
"17797","1391",1391-03-11,"15",,"4"
"17798","1391",1391-06-23,"15",,"4"
"17799","1392",1392-01-01,"15",,"4"
"17800","1394",1394-01-01,"15",,"4"
"17801","1394",1394-01-25,"15",,"4"
"17802","1394",1394-12-01,"15",,"4"
"17803","1396",1396-01-01,"15",,"4"
"17804","1396",1396-11-07,"15",,"4"
"17805","1397",1397-04-25,"15",,"4"
"17806","1398",1398-02-09,"15",,"4"
"17807","1398",1398-04-30,"15",,"4"
"17808","1398",1398-06-25,"15",,"4"
"17809","1398",1398-08-09,"15",,"4"
"17810","1398",1398-08-21,"15",,"4"
"17811","1400",1400-02-01,"15",,"4"
"17812","1400",1400-06-27,"15",,"4"
"17813","1401",1401-02-05,"15",,"4"
"17814","1401",1401-08-28,"15",,"4"
"17815","1402",1402-02-20,"15",,"4"
"17816","1403",1403-10-01,"15",,"4"
"17817","1405",1405-01-01,"15",,"4"
"17818","1406",1406-04-17,"15",,"4"
"17819","1407",1407-07-24,"15",,"4"
"17820","1410",1410-01-25,"15",,"4"
"17821","1411",1411-11-25,"15",,"4"
"17822","1413",1413-08-15,"15",,"4"
"17823","1414",1414-01-01,"15",,"4"
"17824","1414",1414-04-28,"15",,"4"
"17825","1421",1421-01-01,"15",,"4"
"17826","1421",1421-01-17,"15",,"4"
"17827","1421",1421-08-19,"15",,"4"
"17828","1424",1424-01-01,"15",,"4"
"17829","1425",1425-02-12,"15",,"4"
"17830","1431",1431-05-18,"15",,"4"
"17831","1434",1434-01-01,"15",,"4"
"17832","1439",1439-01-01,"15",,"4"
"17833","1441",1441-01-01,"15",,"4"
"17834","1441",1441-11-05,"15",,"4"
"17835","1442",1442-03-05,"15",,"4"
"17836","1452",1452-01-01,"15",,"4"
"17837","1453",1453-01-01,"15",,"4"
"17838","1454",1454-01-01,"15",,"4"
"17839","1305",1305-01-01,"14",,"4"
"17840","1309",1309-01-01,"14",,"4"
"17841","1310",1310-01-01,"14",,"4"
"17842","1314",1314-10-30,"14",,"4"
"17843","1317",1317-01-01,"14",,"4"
"17844","1319",1319-01-01,"14",,"4"
"17845","1320",1320-01-01,"14",,"4"
"17846","1320",1320-01-01,"14",,"4"
"17847","1322",1322-01-01,"14",,"4"
"17848","1323",1323-01-01,"14",,"4"
"17849","1324",1324-07-28,"14",,"4"
"17850","1326",1326-01-01,"14",,"4"
"17851","1326",1326-02-18,"14",,"4"
"17852","1328",1328-09-12,"14",,"4"
"17853","1329",1329-01-01,"14",,"4"
"17854","1330",1330-01-01,"14",,"4"
"17855","1331",1331-01-01,"14",,"4"
"17856","1333",1333-01-01,"14",,"4"
"17857","1335",1335-01-01,"14",,"4"
"17858","1337",1337-09-11,"14",,"4"
"17859","1338",1338-06-26,"14",,"4"
"17860","1338",1338-11-28,"14",,"4"
"17861","1338",1338-12-07,"14",,"4"
"17862","1339",1339-01-01,"14",,"4"
"17863","1339",1339-01-09,"14",,"4"
"17864","1339",1339-03-20,"14",,"4"
"17865","1340",1340-01-01,"14",,"4"
"17866","1340",1340-11-01,"14",,"4"
"17867","1341",1341-01-01,"14",,"4"
"17868","1342",1342-07-24,"14",,"4"
"17869","1345",1345-01-01,"14",,"4"
"17870","1345",1345-01-29,"14",,"4"
"17871","1349",1349-01-01,"14",,"4"
"17872","1349",1349-05-04,"14",,"4"
"17873","1351",1351-01-01,"14",,"4"
"17874","1352",1352-01-01,"14",,"4"
"17875","1353",1353-01-01,"14",,"4"
"17876","1353",1353-02-18,"14",,"4"
"17877","1354",1354-01-01,"14",,"4"
"17878","1356",1356-01-01,"14",,"4"
"17879","1357",1357-01-01,"14",,"4"
"17880","1357",1357-01-27,"14",,"4"
"17881","1357",1357-09-01,"14",,"4"
"17882","1358",1358-01-01,"14",,"4"
"17883","1358",1358-08-17,"14",,"4"
"17884","1359",1359-01-01,"14",,"4"
"17885","1359",1359-05-05,"14",,"4"
"17886","1359",1359-08-17,"14",,"4"
"17887","1360",1360-01-01,"14",,"4"
"17888","1360",1360-06-27,"14",,"4"
"17889","1361",1361-01-01,"14",,"4"
"17890","1361",1361-06-17,"14",,"4"
"17891","1361",1361-10-05,"14",,"4"
"17892","1362",1362-01-01,"14",,"4"
"17893","1362",1362-04-29,"14",,"4"
"17894","1362",1362-04-30,"14",,"4"
"17895","1362",1362-05-01,"14",,"4"
"17896","1362",1362-06-10,"14",,"4"
"17897","1362",1362-07-28,"14",,"4"
"17898","1362",1362-12-01,"14",,"4"
"17899","1363",1363-05-06,"14",,"4"
"17900","1363",1363-10-10,"14",,"4"
"17901","1364",1364-06-22,"14",,"4"
"17902","1364",1364-10-05,"14",,"4"
"17903","1365",1365-01-01,"14",,"4"
"17904","1365",1365-08-23,"14",,"4"
"17905","1366",1366-01-01,"14",,"4"
"17906","1366",1366-06-20,"14",,"4"
"17907","1367",1367-04-12,"14",,"4"
"17908","1368",1368-07-01,"14",,"4"
"17909","1369",1369-01-01,"14",,"4"
"17910","1369",1369-02-10,"14",,"4"
"17911","1369",1369-06-02,"14",,"4"
"17912","1370",1370-01-01,"14",,"4"
"17913","1370",1370-02-12,"14",,"4"
"17914","1370",1370-05-31,"14",,"4"
"17915","1371",1371-02-24,"14",,"4"
"17916","1371",1371-11-14,"14",,"4"
"17917","1373",1373-02-04,"14",,"4"
"17918","1373",1373-02-11,"14",,"4"
"17919","1373",1373-02-19,"14",,"4"
"17920","1373",1373-03-05,"14",,"4"
"17921","1373",1373-04-27,"14",,"4"
"17922","1373",1373-08-09,"14",,"4"
"17923","1374",1374-02-17,"14",,"4"
"17924","1374",1374-03-01,"14",,"4"
"17925","1374",1374-05-30,"14",,"4"
"17926","1374",1374-08-08,"14",,"4"
"17927","1374",1374-08-25,"14",,"4"
"17928","1374",1374-09-13,"14",,"4"
"17929","1374",1374-11-22,"14",,"4"
"17930","1375",1375-01-01,"14",,"4"
"17931","1375",1375-02-16,"14",,"4"
"17932","1375",1375-06-16,"14",,"4"
"17933","1375",1375-07-12,"14",,"4"
"17934","1375",1375-10-26,"14",,"4"
"17935","1376",1376-03-15,"14",,"4"
"17936","1376",1376-06-11,"14",,"4"
"17937","1376",1376-08-13,"14",,"4"
"17938","1377",1377-01-01,"14",,"4"
"17939","1377",1377-04-02,"14",,"4"
"17940","1377",1377-05-02,"14",,"4"
"17941","1378",1378-01-01,"14",,"4"
"17942","1378",1378-05-07,"14",,"4"
"17943","1378",1378-10-27,"14",,"4"
"17944","1379",1379-01-01,"14",,"4"
"17945","1379",1379-02-18,"14",,"4"
"17946","1379",1379-07-09,"14",,"4"
"17947","1380",1380-01-01,"14",,"4"
"17948","1380",1380-02-18,"14",,"4"
"17949","1380",1380-03-03,"14",,"4"
"17950","1380",1380-03-10,"14",,"4"
"17951","1380",1380-03-14,"14",,"4"
"17952","1380",1380-03-17,"14",,"4"
"17953","1380",1380-03-22,"14",,"4"
"17954","1380",1380-04-04,"14",,"4"
"17955","1380",1380-04-14,"14",,"4"
"17956","1380",1380-04-19,"14",,"4"
"17957","1380",1380-05-18,"14",,"4"
"17958","1380",1380-05-28,"14",,"4"
"17959","1380",1380-06-06,"14",,"4"
"17960","1380",1380-06-26,"14",,"4"
"17961","1380",1380-07-03,"14",,"4"
"17962","1380",1380-07-17,"14",,"4"
"17963","1380",1380-07-29,"14",,"4"
"17964","1380",1380-08-11,"14",,"4"
"17965","1380",1380-08-13,"14",,"4"
"17966","1380",1380-08-22,"14",,"4"
"17967","1380",1380-09-01,"14",,"4"
"17968","1380",1380-09-04,"14",,"4"
"17969","1380",1380-09-10,"14",,"4"
"17970","1380",1380-09-17,"14",,"4"
"17971","1380",1380-09-28,"14",,"4"
"17972","1380",1380-10-01,"14",,"4"
"17973","1380",1380-10-04,"14",,"4"
"17974","1380",1380-10-25,"14",,"4"
"17975","1381",1381-05-09,"14",,"4"
"17976","1381",1381-07-03,"14",,"4"
"17977","1381",1381-07-06,"14",,"4"
"17978","1381",1381-07-11,"14",,"4"
"17979","1381",1381-07-23,"14",,"4"
"17980","1382",1382-01-01,"14",,"4"
"17981","1382",1382-06-21,"14",,"4"
"17982","1382",1382-06-27,"14",,"4"
"17983","1382",1382-07-08,"14",,"4"
"17984","1382",1382-07-23,"14",,"4"
"17985","1382",1382-07-25,"14",,"4"
"17986","1382",1382-09-05,"14",,"4"
"17987","1382",1382-10-01,"14",,"4"
"17988","1383",1383-02-21,"14",,"4"
"17989","1383",1383-03-14,"14",,"4"
"17990","1383",1383-05-16,"14",,"4"
"17991","1383",1383-06-17,"14",,"4"
"17992","1383",1383-09-05,"14",,"4"
"17993","1384",1384-01-01,"14",,"4"
"17994","1384",1384-04-13,"14",,"4"
"17995","1384",1384-10-12,"14",,"4"
"17996","1385",1385-02-18,"14",,"4"
"17997","1385",1385-03-04,"14",,"4"
"17998","1385",1385-03-25,"14",,"4"
"17999","1385",1385-04-12,"14",,"4"
"18000","1385",1385-06-16,"14",,"4"
"18001","1386",1386-10-05,"14",,"4"
"18002","1386",1386-11-05,"14",,"4"
"18003","1387",1387-01-15,"14",,"4"
"18004","1388",1388-09-24,"14",,"4"
"18005","1388",1388-11-10,"14",,"4"
"18006","1389",1389-06-19,"14",,"4"
"18007","1390",1390-06-14,"14",,"4"
"18008","1390",1390-08-12,"14",,"4"
"18009","1390",1390-09-23,"14",,"4"
"18010","1390",1390-10-04,"14",,"4"
"18011","1390",1390-11-24,"14",,"4"
"18012","1390",1390-12-30,"14",,"4"
"18013","1391",1391-01-14,"14",,"4"
"18014","1391",1391-03-02,"14",,"4"
"18015","1391",1391-05-05,"14",,"4"
"18016","1391",1391-08-11,"14",,"4"
"18017","1391",1391-09-12,"14",,"4"
"18018","1392",1392-02-23,"14",,"4"
"18019","1392",1392-06-01,"14",,"4"
"18020","1392",1392-06-08,"14",,"4"
"18021","1392",1392-07-26,"14",,"4"
"18022","1392",1392-08-01,"14",,"4"
"18023","1392",1392-08-20,"14",,"4"
"18024","1392",1392-10-16,"14",,"4"
"18025","1392",1392-10-31,"14",,"4"
"18026","1393",1393-05-08,"14",,"4"
"18027","1393",1393-10-21,"14",,"4"
"18028","1394",1394-01-01,"14",,"4"
"18029","1394",1394-04-04,"14",,"4"
"18030","1394",1394-04-09,"14",,"4"
"18031","1394",1394-06-22,"14",,"4"
"18032","1394",1394-10-30,"14",,"4"
"18033","1395",1395-02-25,"14",,"4"
"18034","1395",1395-10-19,"14",,"4"
"18035","1396",1396-03-07,"14",,"4"
"18036","1396",1396-05-17,"14",,"4"
"18037","1397",1397-07-26,"14",,"4"
"18038","1397",1397-09-01,"14",,"4"
"18039","1397",1397-09-27,"14",,"4"
"18040","1398",1398-02-14,"14",,"4"
"18041","1398",1398-03-04,"14",,"4"
"18042","1398",1398-04-20,"14",,"4"
"18043","1398",1398-05-11,"14",,"4"
"18044","1398",1398-07-26,"14",,"4"
"18045","1398",1398-08-28,"14",,"4"
"18046","1398",1398-10-01,"14",,"4"
"18047","1398",1398-12-17,"14",,"4"
"18048","1399",1399-01-01,"14",,"4"
"18049","1399",1399-04-04,"14",,"4"
"18050","1399",1399-04-24,"14",,"4"
"18051","1399",1399-05-13,"14",,"4"
"18052","1399",1399-08-07,"14",,"4"
"18053","1399",1399-09-01,"14",,"4"
"18054","1399",1399-09-30,"14",,"4"
"18055","1399",1399-12-15,"14",,"4"
"18056","1400",1400-01-01,"14",,"4"
"18057","1400",1400-01-01,"14",,"4"
"18058","1400",1400-02-12,"14",,"4"
"18059","1400",1400-03-19,"14",,"4"
"18060","1400",1400-05-01,"14",,"4"
"18061","1400",1400-05-29,"14",,"4"
"18062","1400",1400-07-10,"14",,"4"
"18063","1400",1400-07-13,"14",,"4"
"18064","1400",1400-08-26,"14",,"4"
"18065","1400",1400-09-01,"14",,"4"
"18066","1400",1400-10-12,"14",,"4"
"18067","1401",1401-01-01,"14",,"4"
"18068","1401",1401-01-29,"14",,"4"
"18069","1401",1401-04-18,"14",,"4"
"18070","1401",1401-05-05,"14",,"4"
"18071","1401",1401-06-21,"14",,"4"
"18072","1401",1401-07-09,"14",,"4"
"18073","1401",1401-10-31,"14",,"4"
"18074","1401",1401-11-19,"14",,"4"
"18075","1402",1402-01-01,"14",,"4"
"18076","1402",1402-02-08,"14",,"4"
"18077","1402",1402-05-06,"14",,"4"
"18078","1402",1402-05-20,"14",,"4"
"18079","1402",1402-05-27,"14",,"4"
"18080","1402",1402-06-02,"14",,"4"
"18081","1402",1402-09-15,"14",,"4"
"18082","1402",1402-10-01,"14",,"4"
"18083","1402",1402-11-06,"14",,"4"
"18084","1403",1403-01-01,"14",,"4"
"18085","1403",1403-03-20,"14",,"4"
"18086","1403",1403-04-11,"14",,"4"
"18087","1403",1403-06-02,"14",,"4"
"18088","1403",1403-07-28,"14",,"4"
"18089","1403",1403-08-31,"14",,"4"
"18090","1404",1404-01-01,"14",,"4"
"18091","1404",1404-05-24,"14",,"4"
"18092","1405",1405-01-01,"14",,"4"
"18093","1405",1405-01-02,"14",,"4"
"18094","1406",1406-01-01,"14",,"4"
"18095","1407",1407-01-01,"14",,"4"
"18096","1407",1407-05-10,"14",,"4"
"18097","1407",1407-06-13,"14",,"4"
"18098","1407",1407-08-04,"14",,"4"
"18099","1407",1407-10-31,"14",,"4"
"18100","1408",1408-01-01,"14",,"4"
"18101","1408",1408-06-01,"14",,"4"
"18102","1409",1409-05-01,"14",,"4"
"18103","1410",1410-06-10,"14",,"4"
"18104","1411",1411-10-29,"14",,"4"
"18105","1412",1412-01-01,"14",,"4"
"18106","1413",1413-01-01,"14",,"4"
"18107","1414",1414-01-01,"14",,"4"
"18108","1414",1414-11-10,"14",,"4"
"18109","1415",1415-01-29,"14",,"4"
"18110","1415",1415-10-30,"14",,"4"
"18111","1417",1417-01-01,"14",,"4"
"18112","1417",1417-06-11,"14",,"4"
"18113","1417",1417-11-11,"14",,"4"
"18114","1418",1418-01-01,"14",,"4"
"18115","1418",1418-02-22,"14",,"4"
"18116","1418",1418-03-09,"14",,"4"
"18117","1419",1419-12-27,"14",,"4"
"18118","1421",1421-01-01,"14",,"4"
"18119","1421",1421-04-30,"14",,"4"
"18120","1421",1421-06-17,"14",,"4"
"18121","1421",1421-08-22,"14",,"4"
"18122","1421",1421-09-30,"14",,"4"
"18123","1421",1421-10-22,"14",,"4"
"18124","1422",1422-01-01,"14",,"4"
"18125","1422",1422-03-07,"14",,"4"
"18126","1422",1422-03-26,"14",,"4"
"18127","1422",1422-08-31,"14",,"4"
"18128","1423",1423-01-01,"14",,"4"
"18129","1423",1423-01-14,"14",,"4"
"18130","1423",1423-03-13,"14",,"4"
"18131","1423",1423-07-16,"14",,"4"
"18132","1423",1423-09-15,"14",,"4"
"18133","1423",1423-10-12,"14",,"4"
"18134","1424",1424-01-01,"14",,"4"
"18135","1424",1424-02-15,"14",,"4"
"18136","1424",1424-07-21,"14",,"4"
"18137","1424",1424-09-27,"14",,"4"
"18138","1425",1425-01-01,"14",,"4"
"18139","1425",1425-07-03,"14",,"4"
"18140","1425",1425-08-02,"14",,"4"
"18141","1425",1425-08-31,"14",,"4"
"18142","1426",1426-06-28,"14",,"4"
"18143","1427",1427-02-08,"14",,"4"
"18144","1427",1427-07-13,"14",,"4"
"18145","1428",1428-01-01,"14",,"4"
"18146","1428",1428-01-20,"14",,"4"
"18147","1428",1428-03-11,"14",,"4"
"18148","1428",1428-08-08,"14",,"4"
"18149","1428",1428-08-18,"14",,"4"
"18150","1428",1428-10-29,"14",,"4"
"18151","1429",1429-04-11,"14",,"4"
"18152","1429",1429-04-13,"14",,"4"
"18153","1429",1429-07-09,"14",,"4"
"18154","1429",1429-07-30,"14",,"4"
"18155","1429",1429-08-01,"14",,"4"
"18156","1429",1429-08-23,"14",,"4"
"18157","1429",1429-12-07,"14",,"4"
"18158","1429",1429-12-21,"14",,"4"
"18159","1430",1430-09-22,"14",,"4"
"18160","1431",1431-02-13,"14",,"4"
"18161","1431",1431-08-14,"14",,"4"
"18162","1431",1431-11-06,"14",,"4"
"18163","1431",1431-11-21,"14",,"4"
"18164","1432",1432-03-10,"14",,"4"
"18165","1432",1432-08-16,"14",,"4"
"18166","1432",1432-09-03,"14",,"4"
"18167","1432",1432-10-25,"14",,"4"
"18168","1432",1432-12-29,"14",,"4"
"18169","1433",1433-01-01,"14",,"4"
"18170","1433",1433-02-12,"14",,"4"
"18171","1433",1433-04-03,"14",,"4"
"18172","1433",1433-05-17,"14",,"4"
"18173","1434",1434-08-12,"14",,"4"
"18174","1434",1434-09-01,"14",,"4"
"18175","1434",1434-09-27,"14",,"4"
"18176","1435",1435-07-20,"14",,"4"
"18177","1436",1436-03-15,"14",,"4"
"18178","1436",1436-12-13,"14",,"4"
"18179","1437",1437-09-15,"14",,"4"
"18180","1437",1437-10-08,"14",,"4"
"18181","1437",1437-10-17,"14",,"4"
"18182","1437",1437-10-30,"14",,"4"
"18183","1437",1437-11-04,"14",,"4"
"18184","1438",1438-01-01,"14",,"4"
"18185","1438",1438-11-19,"14",,"4"
"18186","1439",1439-05-01,"14",,"4"
"18187","1439",1439-07-16,"14",,"4"
"18188","1439",1439-07-21,"14",,"4"
"18189","1439",1439-12-15,"14",,"4"
"18190","1440",1440-01-01,"14",,"4"
"18191","1440",1440-04-22,"14",,"4"
"18192","1440",1440-12-05,"14",,"4"
"18193","1441",1441-01-01,"14",,"4"
"18194","1441",1441-07-01,"14",,"4"
"18195","1442",1442-01-01,"14",,"4"
"18196","1442",1442-02-07,"14",,"4"
"18197","1442",1442-02-15,"14",,"4"
"18198","1442",1442-08-03,"14",,"4"
"18199","1442",1442-11-21,"14",,"4"
"18200","1443",1443-01-01,"14",,"4"
"18201","1443",1443-03-22,"14",,"4"
"18202","1443",1443-05-09,"14",,"4"
"18203","1443",1443-06-07,"14",,"4"
"18204","1443",1443-12-24,"14",,"4"
"18205","1444",1444-01-23,"14",,"4"
"18206","1444",1444-04-30,"14",,"4"
"18207","1444",1444-10-06,"14",,"4"
"18208","1445",1445-08-23,"14",,"4"
"18209","1445",1445-08-23,"14",,"4"
"18210","1445",1445-12-05,"14",,"4"
"18211","1445",1445-12-07,"14",,"4"
"18212","1446",1446-03-04,"14",,"4"
"18213","1446",1446-08-23,"14",,"4"
"18214","1447",1447-01-17,"14",,"4"
"18215","1447",1447-02-03,"14",,"4"
"18216","1447",1447-03-29,"14",,"4"
"18217","1447",1447-04-04,"14",,"4"
"18218","1447",1447-05-20,"14",,"4"
"18219","1448",1448-01-18,"14",,"4"
"18220","1448",1448-03-16,"14",,"4"
"18221","1448",1448-06-02,"14",,"4"
"18222","1448",1448-07-25,"14",,"4"
"18223","1448",1448-08-03,"14",,"4"
"18224","1448",1448-09-11,"14",,"4"
"18225","1448",1448-10-11,"14",,"4"
"18226","1448",1448-11-03,"14",,"4"
"18227","1449",1449-02-14,"14",,"4"
"18228","1449",1449-04-18,"14",,"4"
"18229","1449",1449-05-02,"14",,"4"
"18230","1449",1449-06-07,"14",,"4"
"18231","1449",1449-11-12,"14",,"4"
"18232","1449",1449-12-24,"14",,"4"
"18233","1450",1450-02-09,"14",,"4"
"18234","1450",1450-03-04,"14",,"4"
"18235","1450",1450-06-10,"14",,"4"
"18236","1450",1450-07-06,"14",,"4"
"18237","1450",1450-08-01,"14",,"4"
"18238","1450",1450-09-07,"14",,"4"
"18239","1451",1451-01-18,"14",,"4"
"18240","1451",1451-06-28,"14",,"4"
"18241","1451",1451-08-06,"14",,"4"
"18242","1451",1451-09-28,"14",,"4"
"18243","1451",1451-10-05,"14",,"4"
"18244","1451",1451-12-03,"14",,"4"
"18245","1452",1452-01-01,"14",,"4"
"18246","1452",1452-01-07,"14",,"4"
"18247","1452",1452-02-07,"14",,"4"
"18248","1452",1452-03-05,"14",,"4"
"18249","1452",1452-06-16,"14",,"4"
"18250","1452",1452-07-12,"14",,"4"
"18251","1452",1452-07-17,"14",,"4"
"18252","1452",1452-08-05,"14",,"4"
"18253","1452",1452-09-05,"14",,"4"
"18254","1452",1452-11-21,"14",,"4"
"18255","1452",1452-12-15,"14",,"4"
"18256","1453",1453-01-22,"14",,"4"
"18257","1453",1453-01-25,"14",,"4"
"18258","1453",1453-04-12,"14",,"4"
"18259","1453",1453-07-10,"14",,"4"
"18260","1453",1453-08-04,"14",,"4"
"18261","1453",1453-08-23,"14",,"4"
"18262","1453",1453-09-30,"14",,"4"
"18263","1453",1453-10-09,"14",,"4"
"18264","1453",1453-11-05,"14",,"4"
"18265","1453",1453-11-15,"14",,"4"
"18266","1453",1453-12-10,"14",,"4"
"18267","1454",1454-01-02,"14",,"4"
"18268","1454",1454-01-22,"14",,"4"
"18269","1454",1454-05-23,"14",,"4"
"18270","1454",1454-08-23,"14",,"4"
"18271","1454",1454-10-08,"14",,"4"
"18272","1454",1454-11-30,"14",,"4"
"18273","1454",1454-12-03,"14",,"4"
"18274","1454",1454-12-04,"14",,"4"
"18275","1455",1455-01-15,"14",,"4"
"18276","1455",1455-01-25,"14",,"4"
"18277","1455",1455-02-20,"14",,"4"
"18278","1455",1455-03-01,"14",,"4"
"18279","1455",1455-03-03,"14",,"4"
"18280","1455",1455-03-08,"14",,"4"
"18281","1455",1455-03-10,"14",,"4"
"18282","1455",1455-03-12,"14",,"4"
"18283","1455",1455-03-17,"14",,"4"
"18284","1455",1455-03-20,"14",,"4"
"18285","1455",1455-03-26,"14",,"4"
"18286","1455",1455-04-14,"14",,"4"
"18287","1455",1455-05-16,"14",,"4"
"18288","1455",1455-05-18,"14",,"4"
"18289","1455",1455-06-13,"14",,"4"
"18290","1455",1455-08-02,"14",,"4"
"18291","1455",1455-08-20,"14",,"4"
"18292","1455",1455-09-23,"14",,"4"
"18293","1455",1455-12-07,"14",,"4"
"18294","1456",1456-01-01,"14",,"4"
"18295","1457",1457-01-01,"14",,"4"
"18296","1458",1458-01-01,"14",,"4"
"18297","1459",1459-01-01,"14",,"4"
"18298","1460",1460-01-01,"14",,"4"
"18299","1461",1461-01-01,"14",,"4"
"18300","1472",1472-06-06,"14",,"4"
"18301","1472",1472-01-01,"14",,"4"
"18302","1473",1473-01-01,"14",,"4"
"18303","1474",1474-01-01,"14",,"4"
"18304","1475",1475-01-01,"14",,"4"
"18305","1476",1476-01-01,"14",,"4"
"18306","1477",1477-01-01,"14",,"4"
"18307","1478",1478-01-01,"14",,"4"
"18308","1479",1479-01-01,"14",,"4"
"18309","1480",1480-01-01,"14",,"4"
"18310","1481",1481-01-01,"14",,"4"
"18311","1482",1482-01-01,"14",,"4"
"18312","1483",1483-01-01,"14",,"4"
"18313","1484",1484-01-01,"14",,"4"
"18314","1485",1485-01-01,"14",,"4"
"18315","1486",1486-01-01,"14",,"4"
"18316","1487",1487-01-01,"14",,"4"
"18317","1488",1488-01-01,"14",,"4"
"18318","1489",1489-01-01,"14",,"4"
"18319","1490",1490-01-01,"14",,"4"
"18320","1491",1491-01-01,"14",,"4"
"18321","1492",1492-01-01,"14",,"4"
"18322","1493",1493-01-01,"14",,"4"
"18323","1494",1494-01-01,"14",,"4"
"18324","1495",1495-01-01,"14",,"4"
"18325","1496",1496-01-01,"14",,"4"
"18326","1497",1497-01-01,"14",,"4"
"18327","1498",1498-01-01,"14",,"4"
"18328","1499",1499-01-01,"14",,"4"
"18329","1500",1500-01-01,"14",,"4"
"18330","1501",1501-01-01,"14",,"4"
"18331","1502",1502-01-01,"14",,"4"
"18332","1503",1503-01-01,"14",,"4"
"18333","1504",1504-01-01,"14",,"4"
"18334","1505",1505-01-01,"14",,"4"
"18335","1506",1506-01-01,"14",,"4"
"18336","1507",1507-01-01,"14",,"4"
"18337","1508",1508-01-01,"14",,"4"
"18338","1346",1346-01-01,"9",,"1"
"18339","1347",1347-01-01,"9",,"1"
"18340","1348",1348-01-01,"9",,"1"
"18341","1351",1351-01-01,"9",,"1"
"18342","1352",1352-01-01,"9",,"1"
"18343","1353",1353-01-01,"9",,"1"
"18344","1354",1354-01-01,"9",,"1"
"18345","1355",1355-01-01,"9",,"1"
"18346","1358",1358-01-01,"9",,"1"
"18347","1361",1361-01-01,"9",,"1"
"18348","1370",1370-01-01,"9",,"1"
"18349","1378",1378-01-01,"9",,"1"
"18350","1379",1379-01-01,"9",,"1"
"18351","1380",1380-01-01,"9",,"1"
"18352","1381",1381-01-01,"9",,"1"
"18353","1386",1386-01-01,"9",,"1"
"18354","1445",1445-01-01,"9",,"1"
"18355","1446",1446-01-01,"9",,"1"
"18356","1448",1448-01-01,"9",,"1"
"18357","1449",1449-01-01,"9",,"1"
"18358","1451",1451-01-01,"9",,"1"
"18359","1452",1452-01-01,"9",,"1"
"18360","1453",1453-01-01,"9",,"1"
"18361","1454",1454-01-01,"9",,"1"
"18362","1457",1457-01-01,"9",,"1"
"18363","1458",1458-01-01,"9",,"1"
"18364","1459",1459-01-01,"9",,"1"
"18365","1460",1460-01-01,"9",,"1"
"18366","1462",1462-01-01,"9",,"1"
"18367","1463",1463-01-01,"9",,"1"
"18368","1464",1464-01-01,"9",,"1"
"18369","1465",1465-01-01,"9",,"1"
"18370","1466",1466-01-01,"9",,"1"
"18371","1467",1467-01-01,"9",,"1"
"18372","1468",1468-01-01,"9",,"1"
"18373","1469",1469-01-01,"9",,"1"
"18374","1470",1470-01-01,"9",,"1"
"18375","1471",1471-01-01,"9",,"1"
"18376","1472",1472-01-01,"9",,"1"
"18377","1473",1473-01-01,"9",,"1"
"18378","1474",1474-01-01,"9",,"1"
"18379","1475",1475-01-01,"9",,"1"
"18380","1476",1476-01-01,"9",,"1"
"18381","1477",1477-01-01,"9",,"1"
"18382","1478",1478-01-01,"9",,"1"
"18383","1479",1479-01-01,"9",,"1"
"18384","1480",1480-01-01,"9",,"1"
"18385","1481",1481-01-01,"9",,"1"
"18386","1482",1482-01-01,"9",,"1"
"18387","1483",1483-01-01,"9",,"1"
"18388","1484",1484-01-01,"9",,"1"
"18389","1485",1485-01-01,"9",,"1"
"18390","1486",1486-01-01,"9",,"1"
"18391","1487",1487-01-01,"9",,"1"
"18392","1488",1488-01-01,"9",,"1"
"18393","1489",1489-01-01,"9",,"1"
"23658","1325",1325-06-01,"9",,"5"
"23659","1325",1325-07-01,"9",,"5"
"23660","1325",1325-05-01,"9",,"5"
"23661","1326",1326-03-01,"9",,"5"
"23662","1326",1326-04-01,"9",,"5"
"23663","1326",1326-05-01,"9",,"5"
"23664","1326",1326-09-01,"9",,"5"
"23665","1326",1326-10-01,"9",,"5"
"23666","1326",1326-11-01,"9",,"5"
"23667","1327",1327-01-01,"9",,"5"
"23668","1327",1327-05-01,"9",,"5"
"23669","1327",1327-09-01,"9",,"5"
"23670","1327",1327-11-01,"9",,"5"
"23671","1328",1328-09-01,"9",,"5"
"23672","1329",1329-04-01,"9",,"5"
"23673","1329",1329-06-01,"9",,"5"
"23674","1329",1329-08-01,"9",,"5"
"23675","1330",1330-07-01,"9",,"5"
"23676","1330",1330-08-01,"9",,"5"
"23677","1330",1330-09-01,"9",,"5"
"23678","1330",1330-10-01,"9",,"5"
"23679","1330",1330-12-01,"9",,"5"
"23680","1331",1331-03-01,"9",,"5"
"23681","1331",1331-03-01,"9",,"5"
"23682","1331",1331-04-01,"9",,"5"
"23683","1331",1331-05-01,"9",,"5"
"23684","1331",1331-12-01,"9",,"5"
"23685","1332",1332-02-01,"9",,"5"
"23686","1332",1332-02-01,"9",,"5"
"23687","1332",1332-05-01,"9",,"5"
"23688","1332",1332-07-01,"9",,"5"
"23689","1332",1332-07-01,"9",,"5"
"23690","1332",1332-08-01,"9",,"5"
"23691","1332",1332-09-01,"9",,"5"
"23692","1332",1332-09-01,"9",,"5"
"23693","1332",1332-10-01,"9",,"5"
"23694","1332",1332-10-01,"9",,"5"
"23695","1332",1332-11-01,"9",,"5"
"23696","1332",1332-11-01,"9",,"5"
"23697","1332",1332-11-01,"9",,"5"
"23698","1332",1332-12-01,"9",,"5"
"23699","1333",1333-04-01,"9",,"5"
"23700","1333",1333-06-01,"9",,"5"
"23701","1333",1333-08-01,"9",,"5"
"23702","1333",1333-09-01,"9",,"5"
"23703","1333",1333-10-01,"9",,"5"
"23704","1333",1333-10-01,"9",,"5"
"23705","1333",1333-10-01,"9",,"5"
"23706","1333",1333-11-01,"9",,"5"
"23707","1333",1333-11-01,"9",,"5"
"23708","1333",1333-11-01,"9",,"5"
"23709","1333",1333-12-01,"9",,"5"
"23710","1333",1333-12-01,"9",,"5"
"23711","1334",1334-01-01,"9",,"5"
"23712","1334",1334-05-01,"9",,"5"
"23713","1334",1334-06-01,"9",,"5"
"23714","1334",1334-07-01,"9",,"5"
"23715","1334",1334-08-01,"9",,"5"
"23716","1334",1334-08-01,"9",,"5"
"23717","1334",1334-11-01,"9",,"5"
"23718","1334",1334-11-01,"9",,"5"
"23719","1334",1334-12-01,"9",,"5"
"23720","1335",1335-05-01,"9",,"5"
"23721","1335",1335-06-01,"9",,"5"
"23722","1335",1335-07-01,"9",,"5"
"23723","1335",1335-09-01,"9",,"5"
"23724","1335",1335-10-01,"9",,"5"
"23725","1335",1335-11-01,"9",,"5"
"23726","1335",1335-11-01,"9",,"5"
"23727","1335",1335-12-01,"9",,"5"
"23728","1336",1336-01-01,"9",,"5"
"23729","1336",1336-04-01,"9",,"5"
"23730","1336",1336-08-01,"9",,"5"
"23731","1336",1336-11-01,"9",,"5"
"23732","1336",1336-12-01,"9",,"5"
"23733","1337",1337-01-01,"9",,"5"
"23734","1337",1337-07-01,"9",,"5"
"23735","1337",1337-11-01,"9",,"5"
"23736","1337",1337-11-01,"9",,"5"
"23737","1338",1338-02-01,"9",,"5"
"23738","1338",1338-03-01,"9",,"5"
"23739","1338",1338-04-01,"9",,"5"
"23740","1338",1338-05-01,"9",,"5"
"23741","1338",1338-06-01,"9",,"5"
"23742","1338",1338-06-01,"9",,"5"
"23743","1338",1338-07-01,"9",,"5"
"23744","1338",1338-08-01,"9",,"5"
"23745","1338",1338-09-01,"9",,"5"
"23746","1338",1338-10-01,"9",,"5"
"23747","1338",1338-11-01,"9",,"5"
"23748","1339",1339-01-01,"9",,"5"
"23749","1339",1339-05-01,"9",,"5"
"23750","1339",1339-09-01,"9",,"5"
"23751","1340",1340-03-01,"9",,"5"
"23752","1340",1340-04-01,"9",,"5"
"23753","1340",1340-05-01,"9",,"5"
"23754","1340",1340-08-01,"9",,"5"
"23755","1340",1340-09-01,"9",,"5"
"23756","1340",1340-10-01,"9",,"5"
"23757","1340",1340-11-01,"9",,"5"
"23758","1340",1340-12-01,"9",,"5"
"23759","1341",1341-04-01,"9",,"5"
"23760","1341",1341-05-01,"9",,"5"
"23761","1341",1341-12-01,"9",,"5"
"23762","1342",1342-01-01,"9",,"5"
"23763","1342",1342-01-01,"9",,"5"
"23764","1342",1342-04-01,"9",,"5"
"23765","1342",1342-04-01,"9",,"5"
"23766","1342",1342-04-01,"9",,"5"
"23767","1342",1342-06-01,"9",,"5"
"23768","1342",1342-06-01,"9",,"5"
"23769","1342",1342-07-01,"9",,"5"
"23770","1342",1342-08-01,"9",,"5"
"23771","1342",1342-09-01,"9",,"5"
"23772","1342",1342-10-01,"9",,"5"
"23773","1342",1342-10-01,"9",,"5"
"23774","1342",1342-11-01,"9",,"5"
"23775","1342",1342-11-01,"9",,"5"
"23776","1342",1342-12-01,"9",,"5"
"23777","1343",1343-01-01,"9",,"5"
"23778","1343",1343-02-01,"9",,"5"
"23779","1343",1343-03-01,"9",,"5"
"23780","1343",1343-04-01,"9",,"5"
"23781","1343",1343-08-01,"9",,"5"
"23782","1343",1343-08-01,"9",,"5"
"23783","1343",1343-09-01,"9",,"5"
"23784","1343",1343-09-01,"9",,"5"
"23785","1343",1343-10-01,"9",,"5"
"23786","1343",1343-10-01,"9",,"5"
"23787","1343",1343-11-01,"9",,"5"
"23788","1343",1343-12-01,"9",,"5"
"23789","1343",1343-12-01,"9",,"5"
"23790","1344",1344-01-01,"9",,"5"
"23791","1344",1344-02-01,"9",,"5"
"23792","1344",1344-02-01,"9",,"5"
"23793","1344",1344-03-01,"9",,"5"
"23794","1344",1344-03-01,"9",,"5"
"23795","1344",1344-04-01,"9",,"5"
"23796","1344",1344-04-01,"9",,"5"
"23797","1344",1344-05-01,"9",,"5"
"23798","1344",1344-05-01,"9",,"5"
"23799","1344",1344-06-01,"9",,"5"
"23800","1344",1344-07-01,"9",,"5"
"23801","1344",1344-08-01,"9",,"5"
"23802","1344",1344-09-01,"9",,"5"
"23803","1344",1344-09-01,"9",,"5"
"23804","1344",1344-10-01,"9",,"5"
"23805","1344",1344-10-01,"9",,"5"
"23806","1344",1344-11-01,"9",,"5"
"23807","1344",1344-11-01,"9",,"5"
"23808","1344",1344-12-01,"9",,"5"
"23809","1344",1344-12-01,"9",,"5"
"23810","1345",1345-01-01,"9",,"5"
"23811","1345",1345-02-01,"9",,"5"
"23812","1345",1345-02-01,"9",,"5"
"23813","1345",1345-05-01,"9",,"5"
"23814","1345",1345-09-01,"9",,"5"
"23815","1345",1345-10-01,"9",,"5"
"23816","1345",1345-11-01,"9",,"5"
"23817","1345",1345-12-01,"9",,"5"
"23818","1346",1346-01-01,"9",,"5"
"23819","1346",1346-02-01,"9",,"5"
"23820","1346",1346-03-01,"9",,"5"
"23821","1346",1346-04-01,"9",,"5"
"23822","1346",1346-05-01,"9",,"5"
"23823","1346",1346-06-01,"9",,"5"
"23824","1347",1347-01-01,"9",,"5"
"23825","1347",1347-02-01,"9",,"5"
"23826","1347",1347-02-01,"9",,"5"
"23827","1347",1347-02-01,"9",,"5"
"23828","1347",1347-03-01,"9",,"5"
"23829","1347",1347-03-01,"9",,"5"
"23830","1347",1347-04-01,"9",,"5"
"23831","1347",1347-04-01,"9",,"5"
"23832","1347",1347-05-01,"9",,"5"
"23833","1347",1347-05-01,"9",,"5"
"23834","1347",1347-05-01,"9",,"5"
"23835","1347",1347-05-01,"9",,"5"
"23836","1347",1347-06-01,"9",,"5"
"23837","1347",1347-07-01,"9",,"5"
"23838","1347",1347-07-01,"9",,"5"
"23839","1347",1347-07-01,"9",,"5"
"23840","1347",1347-08-01,"9",,"5"
"23841","1347",1347-08-01,"9",,"5"
"23842","1347",1347-08-01,"9",,"5"
"23843","1347",1347-09-01,"9",,"5"
"23844","1347",1347-09-01,"9",,"5"
"23845","1347",1347-10-01,"9",,"5"
"23846","1347",1347-10-01,"9",,"5"
"23847","1347",1347-10-01,"9",,"5"
"23848","1347",1347-11-01,"9",,"5"
"23849","1347",1347-11-01,"9",,"5"
"23850","1347",1347-12-01,"9",,"5"
"23851","1347",1347-12-01,"9",,"5"
"23852","1348",1348-01-01,"9",,"5"
"23853","1348",1348-01-01,"9",,"5"
"23854","1348",1348-01-01,"9",,"5"
"23855","1348",1348-01-01,"9",,"5"
"23856","1348",1348-02-01,"9",,"5"
"23857","1348",1348-04-01,"9",,"5"
"23858","1348",1348-04-01,"9",,"5"
"23859","1348",1348-05-01,"9",,"5"
"23860","1348",1348-05-01,"9",,"5"
"23861","1348",1348-05-01,"9",,"5"
"23862","1348",1348-05-01,"9",,"5"
"23863","1348",1348-05-01,"9",,"5"
"23864","1348",1348-06-01,"9",,"5"
"23865","1348",1348-06-01,"9",,"5"
"23866","1348",1348-07-01,"9",,"5"
"23867","1348",1348-07-01,"9",,"5"
"23868","1348",1348-07-01,"9",,"5"
"23869","1348",1348-08-01,"9",,"5"
"23870","1348",1348-08-01,"9",,"5"
"23871","1348",1348-09-01,"9",,"5"
"23872","1348",1348-09-01,"9",,"5"
"23873","1348",1348-09-01,"9",,"5"
"23874","1348",1348-11-01,"9",,"5"
"23875","1348",1348-12-01,"9",,"5"
"23876","1349",1349-08-01,"9",,"5"
"23877","1349",1349-11-01,"9",,"5"
"23878","1350",1350-02-01,"9",,"5"
"23879","1350",1350-08-01,"9",,"5"
"23880","1350",1350-09-01,"9",,"5"
"23881","1350",1350-10-01,"9",,"5"
"23882","1350",1350-10-01,"9",,"5"
"23883","1351",1351-06-01,"9",,"5"
"23884","1351",1351-08-01,"9",,"5"
"23885","1351",1351-08-01,"9",,"5"
"23886","1351",1351-10-01,"9",,"5"
"23887","1351",1351-11-01,"9",,"5"
"23888","1352",1352-01-01,"9",,"5"
"23889","1352",1352-01-01,"9",,"5"
"23890","1352",1352-01-01,"9",,"5"
"23891","1352",1352-02-01,"9",,"5"
"23892","1352",1352-12-01,"9",,"5"
"23893","1353",1353-02-01,"9",,"5"
"23894","1353",1353-02-01,"9",,"5"
"23895","1353",1353-05-01,"9",,"5"
"23896","1353",1353-06-01,"9",,"5"
"23897","1353",1353-06-01,"9",,"5"
"23898","1353",1353-07-01,"9",,"5"
"23899","1353",1353-07-01,"9",,"5"
"23900","1353",1353-10-01,"9",,"5"
"23901","1353",1353-11-01,"9",,"5"
"23902","1353",1353-11-01,"9",,"5"
"23903","1354",1354-05-01,"9",,"5"
"23904","1354",1354-06-01,"9",,"5"
"23905","1354",1354-08-01,"9",,"5"
"23906","1354",1354-09-01,"9",,"5"
"23907","1354",1354-10-01,"9",,"5"
"23908","1354",1354-11-01,"9",,"5"
"23909","1355",1355-07-01,"9",,"5"
"23910","1355",1355-08-01,"9",,"5"
"23911","1355",1355-10-01,"9",,"5"
"23912","1355",1355-11-01,"9",,"5"
"23913","1356",1356-01-01,"9",,"5"
"23914","1356",1356-03-01,"9",,"5"
"23915","1356",1356-04-01,"9",,"5"
"23916","1356",1356-05-01,"9",,"5"
"23917","1356",1356-06-01,"9",,"5"
"23918","1356",1356-11-01,"9",,"5"
"23919","1356",1356-12-01,"9",,"5"
"23920","1357",1357-01-01,"9",,"5"
"23921","1358",1358-01-01,"9",,"5"
"23922","1358",1358-04-01,"9",,"5"
"23923","1358",1358-06-01,"9",,"5"
"23924","1358",1358-09-01,"9",,"5"
"23925","1358",1358-11-01,"9",,"5"
"23926","1359",1359-02-01,"9",,"5"
"23927","1359",1359-06-01,"9",,"5"
"23928","1359",1359-08-01,"9",,"5"
"23929","1359",1359-09-01,"9",,"5"
"23930","1359",1359-11-01,"9",,"5"
"23931","1359",1359-12-01,"9",,"5"
"23932","1359",1359-12-01,"9",,"5"
"23933","1359",1359-12-01,"9",,"5"
"23934","1360",1360-01-01,"9",,"5"
"23935","1360",1360-01-01,"9",,"5"
"23936","1360",1360-02-01,"9",,"5"
"23937","1360",1360-02-01,"9",,"5"
"23938","1360",1360-07-01,"9",,"5"
"23939","1360",1360-08-01,"9",,"5"
"23940","1360",1360-09-01,"9",,"5"
"23941","1360",1360-12-01,"9",,"5"
"23942","1360",1360-12-01,"9",,"5"
"23943","1361",1361-02-01,"9",,"5"
"23944","1361",1361-02-01,"9",,"5"
"23945","1361",1361-03-01,"9",,"5"
"23946","1361",1361-07-01,"9",,"5"
"23947","1361",1361-08-01,"9",,"5"
"23948","1361",1361-10-01,"9",,"5"
"23949","1362",1362-08-01,"9",,"5"
"23950","1362",1362-08-01,"9",,"5"
"23951","1362",1362-11-01,"9",,"5"
"23952","1362",1362-11-01,"9",,"5"
"23953","1362",1362-12-01,"9",,"5"
"23954","1363",1363-01-01,"9",,"5"
"23955","1363",1363-02-01,"9",,"5"
"23956","1363",1363-05-01,"9",,"5"
"23957","1363",1363-07-01,"9",,"5"
"23958","1363",1363-07-01,"9",,"5"
"23959","1363",1363-08-01,"9",,"5"
"23960","1363",1363-09-01,"9",,"5"
"23961","1363",1363-10-01,"9",,"5"
"23962","1363",1363-11-01,"9",,"5"
"23963","1363",1363-11-01,"9",,"5"
"23964","1363",1363-12-01,"9",,"5"
"23965","1364",1364-02-01,"9",,"5"
"23966","1364",1364-03-01,"9",,"5"
"23967","1364",1364-03-01,"9",,"5"
"23968","1364",1364-04-01,"9",,"5"
"23969","1364",1364-04-01,"9",,"5"
"23970","1364",1364-04-01,"9",,"5"
"23971","1364",1364-04-01,"9",,"5"
"23972","1364",1364-05-01,"9",,"5"
"23973","1364",1364-05-01,"9",,"5"
"23974","1364",1364-05-01,"9",,"5"
"23975","1364",1364-05-01,"9",,"5"
"23976","1364",1364-06-01,"9",,"5"
"23977","1364",1364-06-01,"9",,"5"
"23978","1364",1364-06-01,"9",,"5"
"23979","1364",1364-06-01,"9",,"5"
"23980","1364",1364-06-01,"9",,"5"
"23981","1364",1364-07-01,"9",,"5"
"23982","1364",1364-07-01,"9",,"5"
"23983","1364",1364-07-01,"9",,"5"
"23984","1364",1364-08-01,"9",,"5"
"23985","1364",1364-08-01,"9",,"5"
"23986","1364",1364-08-01,"9",,"5"
"23987","1364",1364-08-01,"9",,"5"
"23988","1364",1364-09-01,"9",,"5"
"23989","1364",1364-09-01,"9",,"5"
"23990","1364",1364-09-01,"9",,"5"
"23991","1364",1364-10-01,"9",,"5"
"23992","1364",1364-10-01,"9",,"5"
"23993","1364",1364-10-01,"9",,"5"
"23994","1364",1364-11-01,"9",,"5"
"23995","1364",1364-11-01,"9",,"5"
"23996","1364",1364-11-01,"9",,"5"
"23997","1364",1364-11-01,"9",,"5"
"23998","1364",1364-11-01,"9",,"5"
"23999","1364",1364-11-01,"9",,"5"
"24000","1364",1364-11-01,"9",,"5"
"24001","1364",1364-12-01,"9",,"5"
"24002","1364",1364-12-01,"9",,"5"
"24003","1365",1365-01-01,"9",,"5"
"24004","1365",1365-01-01,"9",,"5"
"24005","1365",1365-01-01,"9",,"5"
"24006","1365",1365-01-01,"9",,"5"
"24007","1365",1365-02-01,"9",,"5"
"24008","1365",1365-02-01,"9",,"5"
"24009","1365",1365-02-01,"9",,"5"
"24010","1365",1365-02-01,"9",,"5"
"24011","1365",1365-02-01,"9",,"5"
"24012","1365",1365-03-01,"9",,"5"
"24013","1365",1365-03-01,"9",,"5"
"24014","1365",1365-04-01,"9",,"5"
"24015","1365",1365-04-01,"9",,"5"
"24016","1365",1365-05-01,"9",,"5"
"24017","1365",1365-05-01,"9",,"5"
"24018","1365",1365-05-01,"9",,"5"
"24019","1365",1365-06-01,"9",,"5"
"24020","1365",1365-06-01,"9",,"5"
"24021","1365",1365-06-01,"9",,"5"
"24022","1365",1365-06-01,"9",,"5"
"24023","1365",1365-06-01,"9",,"5"
"24024","1365",1365-06-01,"9",,"5"
"24025","1365",1365-07-01,"9",,"5"
"24026","1365",1365-07-01,"9",,"5"
"24027","1365",1365-07-01,"9",,"5"
"24028","1365",1365-07-01,"9",,"5"
"24029","1365",1365-07-01,"9",,"5"
"24030","1365",1365-08-01,"9",,"5"
"24031","1365",1365-08-01,"9",,"5"
"24032","1365",1365-08-01,"9",,"5"
"24033","1365",1365-08-01,"9",,"5"
"24034","1365",1365-08-01,"9",,"5"
"24035","1365",1365-08-01,"9",,"5"
"24036","1365",1365-08-01,"9",,"5"
"24037","1365",1365-09-01,"9",,"5"
"24038","1365",1365-09-01,"9",,"5"
"24039","1365",1365-09-01,"9",,"5"
"24040","1365",1365-09-01,"9",,"5"
"24041","1365",1365-09-01,"9",,"5"
"24042","1365",1365-10-01,"9",,"5"
"24043","1365",1365-10-01,"9",,"5"
"24044","1365",1365-10-01,"9",,"5"
"24045","1365",1365-10-01,"9",,"5"
"24046","1365",1365-10-01,"9",,"5"
"24047","1365",1365-10-01,"9",,"5"
"24048","1365",1365-10-01,"9",,"5"
"24049","1365",1365-10-01,"9",,"5"
"24050","1365",1365-11-01,"9",,"5"
"24051","1365",1365-11-01,"9",,"5"
"24052","1365",1365-11-01,"9",,"5"
"24053","1365",1365-11-01,"9",,"5"
"24054","1365",1365-12-01,"9",,"5"
"24055","1365",1365-12-01,"9",,"5"
"24056","1365",1365-12-01,"9",,"5"
"24057","1365",1365-12-01,"9",,"5"
"24058","1366",1366-01-01,"9",,"5"
"24059","1366",1366-01-01,"9",,"5"
"24060","1366",1366-02-01,"9",,"5"
"24061","1366",1366-02-01,"9",,"5"
"24062","1366",1366-02-01,"9",,"5"
"24063","1366",1366-03-01,"9",,"5"
"24064","1366",1366-04-01,"9",,"5"
"24065","1366",1366-04-01,"9",,"5"
"24066","1366",1366-04-01,"9",,"5"
"24067","1366",1366-05-01,"9",,"5"
"24068","1366",1366-05-01,"9",,"5"
"24069","1366",1366-05-01,"9",,"5"
"24070","1366",1366-05-01,"9",,"5"
"24071","1366",1366-06-01,"9",,"5"
"24072","1366",1366-06-01,"9",,"5"
"24073","1366",1366-07-01,"9",,"5"
"24074","1366",1366-07-01,"9",,"5"
"24075","1366",1366-07-01,"9",,"5"
"24076","1366",1366-07-01,"9",,"5"
"24077","1366",1366-08-01,"9",,"5"
"24078","1366",1366-08-01,"9",,"5"
"24079","1366",1366-08-01,"9",,"5"
"24080","1366",1366-08-01,"9",,"5"
"24081","1366",1366-08-01,"9",,"5"
"24082","1366",1366-09-01,"9",,"5"
"24083","1366",1366-09-01,"9",,"5"
"24084","1366",1366-09-01,"9",,"5"
"24085","1366",1366-09-01,"9",,"5"
"24086","1366",1366-10-01,"9",,"5"
"24087","1366",1366-10-01,"9",,"5"
"24088","1366",1366-10-01,"9",,"5"
"24089","1366",1366-11-01,"9",,"5"
"24090","1366",1366-11-01,"9",,"5"
"24091","1366",1366-11-01,"9",,"5"
"24092","1366",1366-11-01,"9",,"5"
"24093","1366",1366-12-01,"9",,"5"
"24094","1366",1366-12-01,"9",,"5"
"24095","1366",1366-12-01,"9",,"5"
"24096","1366",1366-12-01,"9",,"5"
"24097","1366",1366-12-01,"9",,"5"
"24098","1367",1367-01-01,"9",,"5"
"24099","1367",1367-01-01,"9",,"5"
"24100","1367",1367-01-01,"9",,"5"
"24101","1367",1367-01-01,"9",,"5"
"24102","1367",1367-01-01,"9",,"5"
"24103","1367",1367-01-01,"9",,"5"
"24104","1367",1367-01-01,"9",,"5"
"24105","1367",1367-02-01,"9",,"5"
"24106","1367",1367-02-01,"9",,"5"
"24107","1367",1367-02-01,"9",,"5"
"24108","1367",1367-03-01,"9",,"5"
"24109","1367",1367-03-01,"9",,"5"
"24110","1367",1367-03-01,"9",,"5"
"24111","1367",1367-03-01,"9",,"5"
"24112","1367",1367-03-01,"9",,"5"
"24113","1367",1367-04-01,"9",,"5"
"24114","1367",1367-05-01,"9",,"5"
"24115","1367",1367-07-01,"9",,"5"
"24116","1367",1367-09-01,"9",,"5"
"24117","1367",1367-09-01,"9",,"5"
"24118","1367",1367-09-01,"9",,"5"
"24119","1367",1367-09-01,"9",,"5"
"24120","1367",1367-09-01,"9",,"5"
"24121","1367",1367-09-01,"9",,"5"
"24122","1367",1367-10-01,"9",,"5"
"24123","1367",1367-10-01,"9",,"5"
"24124","1367",1367-10-01,"9",,"5"
"24125","1367",1367-10-01,"9",,"5"
"24126","1367",1367-11-01,"9",,"5"
"24127","1367",1367-11-01,"9",,"5"
"24128","1367",1367-11-01,"9",,"5"
"24129","1367",1367-12-01,"9",,"5"
"24130","1367",1367-12-01,"9",,"5"
"24131","1367",1367-12-01,"9",,"5"
"24132","1367",1367-12-01,"9",,"5"
"24133","1367",1367-12-01,"9",,"5"
"24134","1367",1367-12-01,"9",,"5"
"24135","1368",1368-01-01,"9",,"5"
"24136","1368",1368-01-01,"9",,"5"
"24137","1368",1368-01-01,"9",,"5"
"24138","1368",1368-01-01,"9",,"5"
"24139","1368",1368-01-01,"9",,"5"
"24140","1368",1368-02-01,"9",,"5"
"24141","1368",1368-02-01,"9",,"5"
"24142","1368",1368-03-01,"9",,"5"
"24143","1368",1368-03-01,"9",,"5"
"24144","1368",1368-03-01,"9",,"5"
"24145","1368",1368-04-01,"9",,"5"
"24146","1368",1368-04-01,"9",,"5"
"24147","1368",1368-04-01,"9",,"5"
"24148","1368",1368-04-01,"9",,"5"
"24149","1368",1368-04-01,"9",,"5"
"24150","1368",1368-05-01,"9",,"5"
"24151","1368",1368-05-01,"9",,"5"
"24152","1368",1368-06-01,"9",,"5"
"24153","1368",1368-06-01,"9",,"5"
"24154","1368",1368-06-01,"9",,"5"
"24155","1368",1368-06-01,"9",,"5"
"24156","1368",1368-06-01,"9",,"5"
"24157","1368",1368-06-01,"9",,"5"
"24158","1368",1368-06-01,"9",,"5"
"24159","1368",1368-06-01,"9",,"5"
"24160","1368",1368-07-01,"9",,"5"
"24161","1368",1368-07-01,"9",,"5"
"24162","1368",1368-07-01,"9",,"5"
"24163","1368",1368-08-01,"9",,"5"
"24164","1368",1368-08-01,"9",,"5"
"24165","1368",1368-08-01,"9",,"5"
"24166","1368",1368-09-01,"9",,"5"
"24167","1368",1368-09-01,"9",,"5"
"24168","1368",1368-09-01,"9",,"5"
"24169","1368",1368-09-01,"9",,"5"
"24170","1368",1368-10-01,"9",,"5"
"24171","1368",1368-10-01,"9",,"5"
"24172","1368",1368-10-01,"9",,"5"
"24173","1368",1368-10-01,"9",,"5"
"24174","1368",1368-10-01,"9",,"5"
"24175","1368",1368-10-01,"9",,"5"
"24176","1368",1368-11-01,"9",,"5"
"24177","1368",1368-11-01,"9",,"5"
"24178","1368",1368-11-01,"9",,"5"
"24179","1368",1368-11-01,"9",,"5"
"24180","1368",1368-12-01,"9",,"5"
"24181","1368",1368-12-01,"9",,"5"
"24182","1368",1368-12-01,"9",,"5"
"24183","1368",1368-12-01,"9",,"5"
"24184","1368",1368-12-01,"9",,"5"
"24185","1369",1369-01-01,"9",,"5"
"24186","1369",1369-01-01,"9",,"5"
"24187","1369",1369-01-01,"9",,"5"
"24188","1369",1369-01-01,"9",,"5"
"24189","1369",1369-02-01,"9",,"5"
"24190","1369",1369-02-01,"9",,"5"
"24191","1369",1369-03-01,"9",,"5"
"24192","1369",1369-03-01,"9",,"5"
"24193","1369",1369-03-01,"9",,"5"
"24194","1369",1369-04-01,"9",,"5"
"24195","1369",1369-04-01,"9",,"5"
"24196","1369",1369-05-01,"9",,"5"
"24197","1369",1369-05-01,"9",,"5"
"24198","1369",1369-05-01,"9",,"5"
"24199","1369",1369-05-01,"9",,"5"
"24200","1369",1369-05-01,"9",,"5"
"24201","1369",1369-06-01,"9",,"5"
"24202","1369",1369-06-01,"9",,"5"
"24203","1369",1369-06-01,"9",,"5"
"24204","1370",1370-11-01,"9",,"5"
"24205","1370",1370-11-01,"9",,"5"
"24206","1370",1370-11-01,"9",,"5"
"24207","1370",1370-11-01,"9",,"5"
"24208","1370",1370-11-01,"9",,"5"
"24209","1370",1370-11-01,"9",,"5"
"24210","1370",1370-11-01,"9",,"5"
"24211","1370",1370-12-01,"9",,"5"
"24212","1371",1371-01-01,"9",,"5"
"24213","1371",1371-01-01,"9",,"5"
"24214","1371",1371-02-01,"9",,"5"
"24215","1371",1371-02-01,"9",,"5"
"24216","1371",1371-02-01,"9",,"5"
"24217","1371",1371-02-01,"9",,"5"
"24218","1371",1371-03-01,"9",,"5"
"24219","1371",1371-03-01,"9",,"5"
"24220","1371",1371-03-01,"9",,"5"
"24221","1371",1371-04-01,"9",,"5"
"24222","1371",1371-05-01,"9",,"5"
"24223","1371",1371-05-01,"9",,"5"
"24224","1371",1371-05-01,"9",,"5"
"24225","1371",1371-05-01,"9",,"5"
"24226","1371",1371-05-01,"9",,"5"
"24227","1371",1371-06-01,"9",,"5"
"24228","1371",1371-06-01,"9",,"5"
"24229","1371",1371-06-01,"9",,"5"
"24230","1371",1371-06-01,"9",,"5"
"24231","1371",1371-06-01,"9",,"5"
"24232","1371",1371-07-01,"9",,"5"
"24233","1371",1371-07-01,"9",,"5"
"24234","1371",1371-07-01,"9",,"5"
"24235","1371",1371-07-01,"9",,"5"
"24236","1371",1371-07-01,"9",,"5"
"24237","1371",1371-08-01,"9",,"5"
"24238","1371",1371-08-01,"9",,"5"
"24239","1371",1371-08-01,"9",,"5"
"24240","1371",1371-08-01,"9",,"5"
"24241","1371",1371-08-01,"9",,"5"
"24242","1371",1371-08-01,"9",,"5"
"24243","1371",1371-09-01,"9",,"5"
"24244","1371",1371-09-01,"9",,"5"
"24245","1371",1371-10-01,"9",,"5"
"24246","1371",1371-10-01,"9",,"5"
"24247","1371",1371-10-01,"9",,"5"
"24248","1371",1371-10-01,"9",,"5"
"24249","1371",1371-10-01,"9",,"5"
"24250","1371",1371-10-01,"9",,"5"
"24251","1371",1371-11-01,"9",,"5"
"24252","1371",1371-11-01,"9",,"5"
"24253","1371",1371-11-01,"9",,"5"
"24254","1371",1371-11-01,"9",,"5"
"24255","1371",1371-12-01,"9",,"5"
"24256","1371",1371-12-01,"9",,"5"
"24257","1372",1372-01-01,"9",,"5"
"24258","1372",1372-01-01,"9",,"5"
"24259","1372",1372-01-01,"9",,"5"
"24260","1372",1372-01-01,"9",,"5"
"24261","1372",1372-02-01,"9",,"5"
"24262","1372",1372-02-01,"9",,"5"
"24263","1372",1372-02-01,"9",,"5"
"24264","1372",1372-03-01,"9",,"5"
"24265","1372",1372-04-01,"9",,"5"
"24266","1372",1372-05-01,"9",,"5"
"24267","1372",1372-06-01,"9",,"5"
"24268","1372",1372-07-01,"9",,"5"
"24269","1372",1372-07-01,"9",,"5"
"24270","1372",1372-08-01,"9",,"5"
"24271","1372",1372-08-01,"9",,"5"
"24272","1372",1372-08-01,"9",,"5"
"24273","1372",1372-08-01,"9",,"5"
"24274","1372",1372-09-01,"9",,"5"
"24275","1372",1372-09-01,"9",,"5"
"24276","1372",1372-10-01,"9",,"5"
"24277","1372",1372-10-01,"9",,"5"
"24278","1372",1372-10-01,"9",,"5"
"24279","1372",1372-10-01,"9",,"5"
"24280","1372",1372-10-01,"9",,"5"
"24281","1372",1372-12-01,"9",,"5"
"24282","1372",1372-12-01,"9",,"5"
"24283","1372",1372-12-01,"9",,"5"
"24284","1372",1372-12-01,"9",,"5"
"24285","1372",1372-12-01,"9",,"5"
"24286","1373",1373-01-01,"9",,"5"
"24287","1373",1373-01-01,"9",,"5"
"24288","1373",1373-02-01,"9",,"5"
"24289","1373",1373-02-01,"9",,"5"
"24290","1373",1373-02-01,"9",,"5"
"24291","1373",1373-03-01,"9",,"5"
"24292","1373",1373-03-01,"9",,"5"
"24293","1373",1373-04-01,"9",,"5"
"24294","1373",1373-04-01,"9",,"5"
"24295","1373",1373-05-01,"9",,"5"
"24296","1373",1373-06-01,"9",,"5"
"24297","1373",1373-06-01,"9",,"5"
"24298","1373",1373-07-01,"9",,"5"
"24299","1373",1373-07-01,"9",,"5"
"24300","1373",1373-09-01,"9",,"5"
"24301","1373",1373-10-01,"9",,"5"
"24302","1373",1373-10-01,"9",,"5"
"24303","1373",1373-10-01,"9",,"5"
"24304","1373",1373-10-01,"9",,"5"
"24305","1373",1373-12-01,"9",,"5"
"24306","1374",1374-01-01,"9",,"5"
"24307","1374",1374-02-01,"9",,"5"
"24308","1374",1374-02-01,"9",,"5"
"24309","1374",1374-02-01,"9",,"5"
"24310","1374",1374-02-01,"9",,"5"
"24311","1374",1374-03-01,"9",,"5"
"24312","1374",1374-03-01,"9",,"5"
"24313","1374",1374-04-01,"9",,"5"
"24314","1374",1374-05-01,"9",,"5"
"24315","1374",1374-05-01,"9",,"5"
"24316","1374",1374-06-01,"9",,"5"
"24317","1374",1374-06-01,"9",,"5"
"24318","1374",1374-08-01,"9",,"5"
"24319","1374",1374-08-01,"9",,"5"
"24320","1374",1374-10-01,"9",,"5"
"24321","1374",1374-10-01,"9",,"5"
"24322","1374",1374-10-01,"9",,"5"
"24323","1374",1374-10-01,"9",,"5"
"24324","1374",1374-10-01,"9",,"5"
"24325","1374",1374-11-01,"9",,"5"
"24326","1375",1375-01-01,"9",,"5"
"24327","1375",1375-01-01,"9",,"5"
"24328","1375",1375-01-01,"9",,"5"
"24329","1375",1375-03-01,"9",,"5"
"24330","1375",1375-04-01,"9",,"5"
"24331","1375",1375-05-01,"9",,"5"
"24332","1375",1375-05-01,"9",,"5"
"24333","1375",1375-06-01,"9",,"5"
"24334","1375",1375-08-01,"9",,"5"
"24335","1375",1375-08-01,"9",,"5"
"24336","1375",1375-09-01,"9",,"5"
"24337","1375",1375-09-01,"9",,"5"
"24338","1375",1375-09-01,"9",,"5"
"24339","1375",1375-09-01,"9",,"5"
"24340","1375",1375-10-01,"9",,"5"
"24341","1375",1375-10-01,"9",,"5"
"24342","1375",1375-10-01,"9",,"5"
"24343","1375",1375-10-01,"9",,"5"
"24344","1375",1375-10-01,"9",,"5"
"24345","1376",1376-01-01,"9",,"5"
"24346","1376",1376-03-01,"9",,"5"
"24347","1376",1376-04-01,"9",,"5"
"24348","1376",1376-04-01,"9",,"5"
"24349","1376",1376-05-01,"9",,"5"
"24350","1376",1376-06-01,"9",,"5"
"24351","1376",1376-08-01,"9",,"5"
"24352","1376",1376-09-01,"9",,"5"
"24353","1376",1376-09-01,"9",,"5"
"24354","1376",1376-10-01,"9",,"5"
"24355","1377",1377-01-01,"9",,"5"
"24356","1377",1377-03-01,"9",,"5"
"24357","1377",1377-03-01,"9",,"5"
"24358","1377",1377-03-01,"9",,"5"
"24359","1377",1377-04-01,"9",,"5"
"24360","1377",1377-04-01,"9",,"5"
"24361","1377",1377-05-01,"9",,"5"
"24362","1377",1377-08-01,"9",,"5"
"24363","1377",1377-08-01,"9",,"5"
"24364","1377",1377-10-01,"9",,"5"
"24365","1377",1377-11-01,"9",,"5"
"24366","1377",1377-11-01,"9",,"5"
"24367","1378",1378-01-01,"9",,"5"
"24368","1378",1378-01-01,"9",,"5"
"24369","1378",1378-02-01,"9",,"5"
"24370","1378",1378-03-01,"9",,"5"
"24371","1378",1378-04-01,"9",,"5"
"24372","1378",1378-04-01,"9",,"5"
"24373","1378",1378-09-01,"9",,"5"
"24374","1378",1378-10-01,"9",,"5"
"24375","1378",1378-11-01,"9",,"5"
"24376","1378",1378-11-01,"9",,"5"
"24377","1379",1379-01-01,"9",,"5"
"24378","1379",1379-02-01,"9",,"5"
"24379","1379",1379-03-01,"9",,"5"
"24380","1379",1379-05-01,"9",,"5"
"24381","1379",1379-05-01,"9",,"5"
"24382","1379",1379-05-01,"9",,"5"
"24383","1379",1379-05-01,"9",,"5"
"24384","1379",1379-07-01,"9",,"5"
"24385","1379",1379-10-01,"9",,"5"
"24386","1379",1379-10-01,"9",,"5"
"24387","1379",1379-10-01,"9",,"5"
"24388","1379",1379-11-01,"9",,"5"
"24389","1379",1379-12-01,"9",,"5"
"24390","1379",1379-12-01,"9",,"5"
"24391","1380",1380-01-01,"9",,"5"
"24392","1380",1380-02-01,"9",,"5"
"24393","1380",1380-03-01,"9",,"5"
"24394","1380",1380-05-01,"9",,"5"
"24395","1380",1380-05-01,"9",,"5"
"24396","1380",1380-11-01,"9",,"5"
"24397","1305",1305-01-01,"9",,"5"
"24398","1306",1306-01-01,"9",,"5"
"24399","1311",1311-01-01,"9",,"5"
"24400","1311",1311-01-01,"9",,"5"
"24401","1311",1311-01-01,"9",,"5"
"24402","1313",1313-01-01,"9",,"5"
"24403","1314",1314-01-01,"9",,"5"
"24404","1314",1314-01-01,"9",,"5"
"24405","1314",1314-01-01,"9",,"5"
"24406","1314",1314-01-01,"9",,"5"
"24407","1315",1315-01-01,"9",,"5"
"24408","1315",1315-01-01,"9",,"5"
"24409","1315",1315-01-01,"9",,"5"
"24410","1316",1316-01-01,"9",,"5"
"24411","1316",1316-01-01,"9",,"5"
"24412","1316",1316-01-01,"9",,"5"
"24413","1316",1316-01-01,"9",,"5"
"24414","1316",1316-01-01,"9",,"5"
"24415","1316",1316-01-01,"9",,"5"
"24416","1316",1316-01-01,"9",,"5"
"24417","1316",1316-01-01,"9",,"5"
"24418","1316",1316-01-01,"9",,"5"
"24419","1316",1316-01-01,"9",,"5"
"24420","1316",1316-01-01,"9",,"5"
"24421","1316",1316-01-01,"9",,"5"
"24422","1316",1316-01-01,"9",,"5"
"24423","1316",1316-01-01,"9",,"5"
"24424","1316",1316-01-01,"9",,"5"
"24425","1316",1316-01-01,"9",,"5"
"24426","1316",1316-01-01,"9",,"5"
"24427","1317",1317-01-01,"9",,"5"
"24428","1317",1317-01-01,"9",,"5"
"24429","1317",1317-01-01,"9",,"5"
"24430","1317",1317-01-01,"9",,"5"
"24431","1317",1317-01-01,"9",,"5"
"24432","1317",1317-01-01,"9",,"5"
"24433","1317",1317-01-01,"9",,"5"
"24434","1317",1317-01-01,"9",,"5"
"24435","1317",1317-01-01,"9",,"5"
"24436","1317",1317-01-01,"9",,"5"
"24437","1318",1318-01-01,"9",,"5"
"24438","1318",1318-01-01,"9",,"5"
"24439","1318",1318-01-01,"9",,"5"
"24440","1318",1318-01-01,"9",,"5"
"24441","1318",1318-01-01,"9",,"5"
"24442","1318",1318-01-01,"9",,"5"
"24443","1319",1319-01-01,"9",,"5"
"24444","1319",1319-01-01,"9",,"5"
"24445","1319",1319-01-01,"9",,"5"
"24446","1319",1319-01-01,"9",,"5"
"24447","1319",1319-01-01,"9",,"5"
"24448","1319",1319-01-01,"9",,"5"
"24449","1319",1319-01-01,"9",,"5"
"24450","1320",1320-01-01,"9",,"5"
"24451","1320",1320-01-01,"9",,"5"
"24452","1320",1320-01-01,"9",,"5"
"24453","1320",1320-01-01,"9",,"5"
"24454","1320",1320-01-01,"9",,"5"
"24455","1321",1321-01-01,"9",,"5"
"24456","1321",1321-01-01,"9",,"5"
"24457","1321",1321-01-01,"9",,"5"
"24458","1321",1321-01-01,"9",,"5"
"24459","1322",1322-01-01,"9",,"5"
"24460","1322",1322-01-01,"9",,"5"
"24461","1322",1322-01-01,"9",,"5"
"24462","1322",1322-01-01,"9",,"5"
"24463","1322",1322-01-01,"9",,"5"
"24464","1322",1322-01-01,"9",,"5"
"24465","1322",1322-01-01,"9",,"5"
"24466","1322",1322-01-01,"9",,"5"
"24467","1322",1322-01-01,"9",,"5"
"24468","1322",1322-01-01,"9",,"5"
"24469","1323",1323-01-01,"9",,"5"
"24470","1323",1323-01-01,"9",,"5"
"24471","1323",1323-01-01,"9",,"5"
"24472","1323",1323-01-01,"9",,"5"
"24473","1323",1323-01-01,"9",,"5"
"24474","1323",1323-01-01,"9",,"5"
"24475","1323",1323-01-01,"9",,"5"
"24476","1323",1323-01-01,"9",,"5"
"24477","1324",1324-01-01,"9",,"5"
"24478","1324",1324-01-01,"9",,"5"
"24479","1324",1324-01-01,"9",,"5"
"24480","1324",1324-01-01,"9",,"5"
"24481","1311",1311-01-29,"9",,"6"
"24482","1311",1311-05-25,"9",,"6"
"24483","1311",1311-08-08,"9",,"6"
"24484","1313",1313-11-05,"9",,"6"
"24485","1314",1314-04-25,"9",,"6"
"24486","1314",1314-06-06,"9",,"6"
"24487","1314",1314-10-24,"9",,"6"
"24488","1314",1314-12-10,"9",,"6"
"24489","1314",1314-12-19,"9",,"6"
"24490","1315",1315-10-16,"9",,"6"
"24491","1315",1315-10-20,"9",,"6"
"24492","1316",1316-03-26,"9",,"6"
"24493","1316",1316-05-29,"9",,"6"
"24494","1316",1316-07-10,"9",,"6"
"24495","1316",1316-07-17,"9",,"6"
"24496","1316",1316-07-25,"9",,"6"
"24497","1316",1316-08-21,"9",,"6"
"24498","1316",1316-08-29,"9",,"6"
"24499","1316",1316-09-01,"9",,"6"
"24500","1316",1316-09-02,"9",,"6"
"24501","1316",1316-09-17,"9",,"6"
"24502","1316",1316-10-15,"9",,"6"
"24503","1316",1316-11-28,"9",,"6"
"24504","1317",1317-01-14,"9",,"6"
"24505","1317",1317-01-18,"9",,"6"
"24506","1317",1317-02-09,"9",,"6"
"24507","1317",1317-04-18,"9",,"6"
"24508","1317",1317-04-29,"9",,"6"
"24509","1317",1317-05-09,"9",,"6"
"24510","1317",1317-09-07,"9",,"6"
"24511","1317",1317-09-08,"9",,"6"
"24512","1317",1317-10-11,"9",,"6"
"24513","1317",1317-10-11,"9",,"6"
"24514","1317",1317-10-20,"9",,"6"
"24515","1317",1317-12-10,"9",,"6"
"24516","1317",1317-12-27,"9",,"6"
"24517","1318",1318-03-03,"9",,"6"
"24518","1318",1318-02-11,"9",,"6"
"24519","1318",1318-03-03,"9",,"6"
"24520","1318",1318-05-18,"9",,"6"
"24521","1318",1318-06-05,"9",,"6"
"24522","1319",1319-01-19,"9",,"6"
"24523","1319",1319-01-27,"9",,"6"
"24524","1319",1319-02-06,"9",,"6"
"24525","1319",1319-02-15,"9",,"6"
"24526","1319",1319-02-18,"9",,"6"
"24527","1320",1320-03-07,"9",,"6"
"24528","1320",1320-04-06,"9",,"6"
"24529","1320",1320-11-01,"9",,"6"
"24530","1322",1322-10-24,"9",,"6"
"24531","1322",1322-11-26,"9",,"6"
"24532","1322",1322-11-23,"9",,"6"
"24533","1322",1322-11-23,"9",,"6"
"24534","1322",1322-11-27,"9",,"6"
"24535","1322",1322-12-11,"9",,"6"
"24536","1322",1322-12-16,"9",,"6"
"24537","1322",1322-12-24,"9",,"6"
"24538","1323",1323-03-05,"9",,"6"
"24539","1323",1323-03-05,"9",,"6"
"24540","1325",1325-10-20,"9",,"6"
"24541","1325",1325-11-15,"9",,"6"
"24542","1325",1325-11-25,"9",,"6"
"24543","1325",1325-12-24,"9",,"6"
"24544","1325",1325-12-31,"9",,"6"
"24545","1326",1326-01-04,"9",,"6"
"24546","1326",1326-01-14,"9",,"6"
"24547","1326",1326-01-29,"9",,"6"
"24548","1326",1326-02-03,"9",,"6"
"24549","1275",1275-01-01,"14",,"4"
"24550","1276",1276-01-01,"14",,"4"
"24551","1277",1277-01-01,"14",,"4"
"24552","1278",1278-01-01,"14",,"4"
"24553","1279",1279-01-01,"14",,"4"
"24554","1280",1280-01-01,"14",,"4"
"24555","1280",1280-01-01,"14",,"4"
"24556","1281",1281-01-01,"14","rif.Ungheria","4"
"24557","1282",1282-01-01,"14","rif.Ungheria","4"
"24558","1283",1283-01-01,"14","rif.Ungheria","4"
"24559","1284",1284-01-01,"14","rif.Ungheria","4"
"24560","1285",1285-01-01,"14",,"4"
"24561","1286",1286-01-01,"14",,"4"
"24562","1284",1284-01-01,"14",,"4"
"24563","1285",1285-01-01,"14",,"4"
"24564","1286",1286-01-01,"14",,"4"
"24565","1284",1284-01-01,"14",,"4"
"24566","1285",1285-01-01,"14",,"4"
"24567","1286",1286-01-01,"14",,"4"
"24568","1284",1284-10-31,"14",,"4"
"24569","1285",1285-05-30,"14",,"4"
"24570","1288",1288-01-01,"14",,"4"
"24571","1289",1289-01-01,"14",,"4"
"24572","1290",1290-01-01,"14",,"4"
"24573","1290",1290-01-01,"14",,"4"
"24574","1291",1291-01-01,"14",,"4"
"24575","1292",1292-01-01,"14",,"4"
"24576","1293",1293-01-01,"14",,"4"
"24577","1294",1294-01-01,"14",,"4"
"24578","1295",1295-01-01,"14",,"4"
"24579","1296",1296-01-01,"14",,"4"
"24580","1297",1297-01-01,"14",,"4"
"24581","1298",1298-01-01,"14",,"4"
"24582","1300",1300-01-01,"14",,"4"
"24583","1301",1301-01-01,"14",,"4"
"24584","1302",1302-01-01,"14",,"4"
"24585","1305",1305-01-01,"14",,"4"
"24586","1382",1382-01-01,"84",,"0"
"24587","1383",1383-01-01,"84",,"0"
"24588","1384",1384-01-01,"84",,"0"
"24589","1385",1385-01-01,"84",,"0"
"24590","1386",1386-01-01,"84",,"0"
"24591","1387",1387-01-01,"84",,"0"
"24592","1388",1388-01-01,"84",,"0"
"24593","1389",1389-01-01,"84",,"0"
"24594","1390",1390-01-01,"84",,"0"
"24595","1391",1391-01-01,"84",,"0"
"24596","1392",1392-01-01,"84",,"0"
"24597","1393",1393-01-01,"84",,"0"
"24598","1394",1394-01-01,"84",,"0"
"24599","1395",1395-01-01,"84",,"0"
"24600","1398",1398-01-01,"84",,"0"
"24601","1399",1399-01-01,"84",,"0"
"24602","1400",1400-01-01,"84",,"0"
"24603","1401",1401-01-01,"84",,"0"
"24604","1402",1402-01-01,"84",,"0"
"24605","1403",1403-01-01,"84",,"0"
"24606","1404",1404-01-01,"84",,"0"
"24607","1405",1405-01-01,"84",,"0"
"24608","1406",1406-01-01,"84",,"0"
"24609","1407",1407-01-01,"84",,"0"
"24610","1408",1408-01-01,"84",,"0"
"24611","1409",1409-01-01,"84",,"0"
"24612","1410",1410-01-01,"84",,"0"
"24613","1411",1411-01-01,"84",,"0"
"24614","1412",1412-01-01,"84",,"0"
"24615","1413",1413-01-01,"84",,"0"
"24616","1414",1414-01-01,"84",,"0"
"24617","1415",1415-01-01,"84",,"0"
"24618","1416",1416-01-01,"84",,"0"
"24619","1417",1417-01-01,"84",,"0"
"24620","1418",1418-01-01,"84",,"0"
"24621","1419",1419-01-01,"84",,"0"
"24622","1420",1420-01-01,"84",,"0"
"24623","1421",1421-01-01,"84",,"0"
"24624","1422",1422-01-01,"84",,"0"
"24625","1423",1423-01-01,"84",,"0"
"24626","1422",1422-01-01,"84",,"0"
"24627","1423",1423-01-01,"84",,"0"
"24628","1425",1425-01-01,"84",,"0"
"24629","1426",1426-01-01,"84",,"0"
"24630","1427",1427-01-01,"84",,"0"
"24631","1428",1428-01-01,"84",,"0"
"24632","1429",1429-01-01,"84",,"0"
"24633","1430",1430-01-01,"84",,"0"
"24634","1431",1431-01-01,"84",,"0"
"24635","1432",1432-01-01,"84",,"0"
"24636","1433",1433-01-01,"84",,"0"
"24637","1434",1434-01-01,"84",,"0"
"24638","1436",1436-01-01,"84",,"0"
"24639","1437",1437-01-01,"84",,"0"
"24640","1438",1438-01-01,"84",,"0"
"24641","1439",1439-01-01,"84",,"0"
"24642","1440",1440-01-01,"84",,"0"
"24643","1441",1441-01-01,"84",,"0"
"24644","1446",1446-01-01,"84",,"0"
"24645","1449",1449-01-01,"84",,"0"
"24646","1450",1450-01-01,"84",,"0"
"24647","1451",1451-01-01,"84",,"0"
"24648","1452",1452-01-01,"84",,"0"
"24649","1453",1453-01-01,"84",,"0"
"24650","1454",1454-01-01,"84",,"0"
"24651","1455",1455-01-01,"84",,"0"
"24652","1456",1456-01-01,"84",,"0"
"24653","1458",1458-01-01,"84",,"0"
"24654","1459",1459-01-01,"84",,"0"
"24655","1460",1460-01-01,"84",,"0"
"24656","1461",1461-01-01,"84",,"0"
"24657","1462",1462-01-01,"84",,"0"
"24658","1463",1463-01-01,"84",,"0"
"24659","1464",1464-01-01,"84",,"0"
"24660","1465",1465-01-01,"84",,"0"
"24661","1466",1466-01-01,"84",,"0"
"24662","1467",1467-01-01,"84",,"0"
"24663","1468",1468-01-01,"84",,"0"
"24664","1469",1469-01-01,"84",,"0"
"24665","1470",1470-01-01,"84",,"0"
"24666","1471",1471-01-01,"84",,"0"
"24667","1475",1475-01-01,"84",,"0"
"24668","1478",1478-01-01,"84",,"0"
"24669","1479",1479-01-01,"84",,"0"
"24670","1483",1483-01-01,"84",,"0"
"24671","1485",1485-01-01,"84",,"0"
"24672","1487",1487-01-01,"84",,"0"
"24673","1488",1488-01-01,"84",,"0"
"24674","1489",1489-01-01,"84",,"0"
"24675","1490",1490-01-01,"84",,"0"
"24676","1494",1494-01-01,"84",,"0"
"24677","1495",1495-01-01,"84",,"0"
"24678","1500",1500-01-01,"84",,"0"
"24679","1360",1360-04-01,"83",,"0"
"24680","1360",1360-04-05,"83",,"0"
"24681","1360",1360-04-10,"83",,"0"
"24682","1360",1360-04-30,"83",,"0"
"24683","1360",1360-05-01,"83",,"0"
"24684","1360",1360-05-15,"83",,"0"
"24685","1360",1360-05-31,"83",,"0"
"24686","1360",1360-06-01,"83",,"0"
"24687","1360",1360-06-15,"83",,"0"
"24688","1360",1360-06-20,"83",,"0"
"24689","1360",1360-06-30,"83",,"0"
"24690","1360",1360-07-01,"83",,"0"
"24691","1360",1360-07-31,"83",,"0"
"24692","1360",1360-08-01,"83",,"0"
"24693","1360",1360-08-31,"83",,"0"
"24694","1360",1360-09-01,"83",,"0"
"24695","1360",1360-09-16,"83",,"0"
"24696","1360",1360-09-30,"83",,"0"
"24697","1360",1360-10-01,"83",,"0"
"24698","1360",1360-10-10,"83",,"0"
"24699","1360",1360-10-31,"83",,"0"
"24700","1360",1360-11-01,"83",,"0"
"24701","1360",1360-11-30,"83",,"0"
"24702","1360",1360-12-01,"83",,"0"
"24703","1360",1360-12-31,"83",,"0"
"24704","1361",1361-01-02,"83",,"0"
"24705","1361",1361-01-20,"83",,"0"
"24706","1361",1361-01-31,"83",,"0"
"24707","1361",1361-02-01,"83",,"0"
"24708","1361",1361-02-10,"83",,"0"
"24709","1361",1361-02-28,"83",,"0"
"24710","1361",1361-03-01,"83",,"0"
"24711","1361",1361-03-15,"83",,"0"
"24712","1361",1361-03-25,"83",,"0"
"24713","1361",1361-03-31,"83",,"0"
"24714","1361",1361-04-01,"83",,"0"
"24715","1361",1361-04-30,"83",,"0"
"24716","1361",1361-05-01,"83",,"0"
"24717","1361",1361-05-31,"83",,"0"
"24718","1361",1361-06-01,"83",,"0"
"24719","1361",1361-06-30,"83",,"0"
"24720","1361",1361-07-31,"83",,"0"
"24721","1361",1361-08-31,"83",,"0"
"24722","1361",1361-09-30,"83",,"0"
"24723","1361",1361-10-01,"83",,"0"
"24724","1361",1361-10-31,"83",,"0"
"24725","1361",1361-11-30,"83",,"0"
"24726","1361",1361-12-01,"83",,"0"
"24727","1361",1361-12-25,"83",,"0"
"24728","1361",1361-12-31,"83",,"0"
"24729","1362",1362-01-31,"83",,"0"
"24730","1362",1362-02-28,"83",,"0"
"24731","1362",1362-03-31,"83",,"0"
"24732","1362",1362-04-30,"83",,"0"
"24733","1362",1362-05-31,"83",,"0"
"24734","1362",1362-06-30,"83",,"0"
"24735","1362",1362-07-31,"83",,"0"
"24736","1362",1362-08-31,"83",,"0"
"24737","1362",1362-09-30,"83",,"0"
"24738","1362",1362-10-31,"83",,"0"
"24739","1362",1362-11-30,"83",,"0"
"24740","1362",1362-12-31,"83",,"0"
"24741","1363",1363-01-31,"83",,"0"
"24742","1363",1363-02-28,"83",,"0"
"24743","1363",1363-03-31,"83",,"0"
"24744","1363",1363-04-30,"83",,"0"
"24745","1363",1363-05-31,"83",,"0"
"24746","1363",1363-06-30,"83",,"0"
"24747","1363",1363-07-31,"83",,"0"
"24748","1363",1363-08-31,"83",,"0"
"24749","1363",1363-09-30,"83",,"0"
"24750","1363",1363-10-31,"83",,"0"
"24751","1363",1363-12-31,"83",,"0"
"24752","1364",1364-01-02,"83",,"0"
"24753","1364",1364-01-31,"83",,"0"
"24754","1364",1364-04-01,"83",,"0"
"24755","1364",1364-04-30,"83",,"0"
"24756","1364",1364-05-31,"83",,"0"
"24757","1364",1364-06-30,"83",,"0"
"24758","1375",1375-01-01,"83",,"0"
"24759",,,"20",,"0"
