"IdA","IdUm","Qta"
"1","1","20"
"2","1","20"
"3","1","24"
"3","2","6"
"4","1","40"
"5","3","11"
"5","4","2"
"6","3","12"
"8","1","92"
"9","3","13"
"9","4","1"
"10","3","13"
"10","4","2"
"11","3","14"
"11","4","1"
"12","3","14"
"12","4","2"
"13","3","15"
"14","3","16"
"15","3","17"
"16","3","22"
"17","3","24"
"18","3","25"
"19","3","16"
"20","3","18"
"21","3","18"
"21","4","2"
"22","3","18"
"23","3","19"
"24","3","19"
"24","4","3"
"25","3","19"
"26","3","20"
"27","3","20"
"27","4","1"
"28","3","21"
"28","4","2"
"29","3","20"
"29","4","3"
"30","3","21"
"31","3","21"
"31","4","2"
"32","3","22"
"33","3","22"
"33","4","2"
"34","3","23"
"35","3","24"
"36","3","25"
"37","3","26"
"38","3","26"
"38","4","2"
"39","3","27"
"40","3","27"
"40","4","2"
"41","3","28"
"42","3","30"
"43","3","32"
"44","3","33"
"45","3","30"
"46","3","31"
"46","4","2"
"47","3","32"
"48","3","33"
"48","4","2"
"49","3","34"
"50","3","37"
"51","3","39"
"52","3","40"
"53","3","41"
"54","3","38"
"55","3","39"
"56","3","41"
"57","3","42"
"58","3","43"
"59","1","41"
"60","1","41"
"61","1","32"
"62","1","45"
"63","5","10"
"64","5","13"
"64","6","4"
"65","5","15"
"65","6","7"
"66","5","15"
"66","6","6"
"67","5","15"
"67","6","4"
"68","5","15"
"68","6","6"
"69","5","15"
"69","6","4"
"70","5","15"
"70","6","4"
"71","5","15"
"71","6","4"
"72","5","15"
"73","5","18"
"74","5","15"
"74","6","4"
"75","5","15"
"75","6","8"
"76","5","15"
"77","5","16"
"77","6","8"
"78","5","17"
"78","6","10"
"79","5","17"
"79","6","3"
"80","5","19"
"81","5","18"
"82","5","24"
"83","5","25"
"84","5","24"
"84","6","2"
"85","5","25"
"86","5","28"
"86","6","6"
"87","5","27"
"87","6","5"
"88","5","26"
"88","6","9"
"89","5","26"
"89","6","5"
"90","5","30"
"91","5","30"
"91","6","6"
"92","5","30"
"93","5","31"
"94","5","32"
"95","5","30"
"96","5","32"
"96","6","6"
"97","5","32"
"97","6","6"
"98","5","32"
"98","6","3"
"99","5","32"
"100","5","32"
"101","5","32"
"102","5","32"
"103","5","32"
"104","5","32"
"105","5","32"
"106","5","32"
"107","5","32"
"108","0","32"
"109","5","32"
"110","5","32"
"111","5","32"
"112","5","32"
"113","5","32"
"114","5","13"
"114","6","10"
"115","5","15"
"116","5","15"
"116","6","1"
"117","5","15"
"117","6","3"
"118","5","15"
"118","6","5"
"120","5","13"
"120","6","8"
"121","5","14"
"121","6","8"
"122","5","15"
"123","5","15"
"123","6","3"
"124","5","15"
"125","5","16"
"126","5","17"
"126","6","9"
"127","5","14"
"127","6","11"
"128","5","15"
"128","6","11"
"129","5","14"
"129","6","10"
"130","5","15"
"130","6","7"
"131","5","14"
"131","6","2"
"132","5","15"
"132","6","8"
"133","5","14"
"134","5","15"
"135","5","15"
"135","6","4"
"136","5","15"
"137","5","15"
"137","6","3"
"138","5","16"
"139","5","17"
"140","5","18"
"141","5","24"
"141","6","8"
"142","5","23"
"142","6","6"
"143","5","25"
"143","6","11"
"144","5","30"
"144","6","6"
"145","5","30"
"145","6","5"
"146","5","12"
"147","5","16"
"147","6","8"
"148","5","21"
"149","5","22"
"149","6","6"
"150","5","32"
"151","5","32"
"152","5","32"
"153","5","28"
"154","5","30"
"155","5","26"
"156","5","31"
"156","6","3"
"157","5","32"
"157","6","6"
"158","5","32"
"158","6","8"
"159","5","32"
"160","5","32"
"161","5","32"
"162","5","32"
"163","5","32"
"164","5","30"
"164","6","3"
"165","5","32"
"165","6","4"
"166","5","37"
"166","6","6"
"167","5","32"
"168","5","32"
"169","5","32"
"170","5","32"
"171","5","32"
"172","5","32"
"173","5","32"
"174","5","32"
"175","5","32"
"176","5","32"
"177","5","31"
"177","6","6"
"178","5","32"
"178","6","6"
"179","5","32"
"180","5","33"
"181","5","32"
"182","5","34"
"183","5","36"
"184","5","36"
"185","5","32"
"186","5","32"
"187","5","32"
"188","5","32"
"189","5","32"
"190","5","32"
"191","5","42"
"192","5","44"
"192","6","6"
"193","5","48"
"194","5","48"
"195","5","48"
"196","5","48"
"197","5","49"
"198","5","50"
"199","5","50"
"200","5","50"
"201","5","50"
"202","5","50"
"203","5","50"
"204","5","50"
"205","5","50"
"206","5","50"
"207","5","52"
"208","5","53"
"209","5","54"
"210","5","57"
"211","5","58"
"212","5","58"
"213","5","59"
"214","5","59"
"215","5","43"
"216","5","59"
"217","5","59"
"218","5","59"
"219","5","61"
"220","5","64"
"221","5","64"
"222","5","61"
"222","6","6"
"223","5","62"
"224","5","62"
"224","6","6"
"225","5","63"
"225","6","6"
"226","5","63"
"227","5","64"
"228","5","64"
"229","5","64"
"230","5","64"
"231","5","64"
"232","5","64"
"233","5","64"
"234","5","64"
"235","5","65"
"236","5","66"
"237","5","66"
"238","5","67"
"238","6","6"
"239","5","68"
"240","5","69"
"241","5","74"
"242","5","75"
"243","5","76"
"244","5","75"
"245","5","75"
"246","5","80"
"247","5","82"
"248","5","80"
"249","5","80"
"250","5","80"
"251","5","80"
"252","5","82"
"253","5","82"
"254","5","82"
"255","5","82"
"256","5","82"
"257","5","82"
"258","5","82"
"259","5","82"
"260","5","81"
"261","5","80"
"262","5","80"
"263","5","81"
"264","5","83"
"265","5","84"
"266","5","90"
"267","5","90"
"268","5","90"
"269","5","90"
"270","5","90"
"271","5","90"
"272","5","90"
"273","5","90"
"274","5","90"
"275","5","90"
"276","5","90"
"277","5","90"
"278","5","90"
"279","5","90"
"280","5","90"
"281","5","91"
"282","5","91"
"283","5","91"
"284","5","91"
"285","5","91"
"286","3","13"
"287","7","11"
"288","7","12"
"288","8","3"
"289","7","11"
"289","8","6"
"290","7","14"
"291","7","14"
"291","8","4"
"292","7","14"
"292","8","3"
"293","7","14"
"293","8","3"
"294","7","14"
"294","8","3"
"295","7","14"
"295","8","3"
"296","7","14"
"296","8","3"
"297","7","14"
"297","8","3"
"298","7","14"
"298","8","6"
"299","7","14"
"299","8","5"
"300","7","17"
"300","8","2"
"301","7","20"
"302","7","20"
"303","7","20"
"304","7","21"
"304","8","6"
"305","7","24"
"306","7","27"
"307","7","21"
"307","8","4"
"308","7","24"
"308","8","9"
"309","7","25"
"309","8","5"
"310","7","25"
"311","7","25"
"312","7","25"
"313","7","25"
"314","7","25"
"315","7","25"
"316","7","25"
"317","7","25"
"318","7","25"
"319","7","25"
"320","7","30"
"321","7","32"
"322","7","36"
"323","7","40"
"324","7","40"
"325","7","45"
"326","7","45"
"327","7","42"
"327","8","6"
"328","7","51"
"329","7","47"
"330","7","50"
"331","7","50"
"332","7","51"
"333","7","53"
"334","7","53"
"335","7","55"
"336","7","51"
"337","7","56"
"338","7","55"
"339","7","55"
"340","7","60"
"341","7","60"
"342","7","60"
"343","7","60"
"344","7","60"
"345","7","60"
"346","7","60"
"347","7","60"
"348","9","33"
"349","9","30"
"350","9","45"
"350","10","15"
"351","9","36"
"352","9","36"
"353","9","36"
"354","9","36"
"355","9","38"
"356","9","36"
"357","9","40"
"358","9","44"
"359","9","38"
"360","9","48"
"361","9","48"
"362","9","48"
"363","9","48"
"364","9","54"
"365","9","55"
"366","9","55"
"367","9","48"
"368","9","58"
"369","9","58"
"370","9","60"
"371","9","60"
"372","9","68"
"373","9","49"
"374","9","49"
"375","9","50"
"376","9","60"
"377","9","60"
"378","9","60"
"379","9","60"
"380","9","60"
"381","9","72"
"382","9","72"
"383","9","72"
"384","9","72"
"385","9","70"
"386","9","72"
"387","9","72"
"388","9","78"
"389","9","80"
"390","9","80"
"391","9","78"
"392","9","78"
"393","9","79"
"393","10","4"
"394","9","79"
"394","10","4"
"395","9","78"
"396","9","82"
"397","9","80"
"398","9","80"
"399","9","20"
"400","9","38"
"401","9","38"
"402","9","46"
"403","9","46"
"404","9","49"
"405","9","62"
"406","9","71"
"407","9","60"
"408","11","48"
"409","11","60"
"410","11","62"
"411","11","64"
"412","11","66"
"413","11","64"
"414","11","64"
"415","11","64"
"416","11","66"
"417","11","66"
"418","11","68"
"419","11","70"
"420","11","70"
"421","11","70"
"422","11","72"
"423","11","72"
"424","11","72"
"425","11","73"
"426","11","74"
"427","11","76"
"428","11","78"
"429","11","86"
"430","11","82"
"430","12","6"
"431","11","80"
"432","11","84"
"433","11","93"
"434","11","93"
"435","11","93"
"436","11","93"
"437","11","93"
"438","11","93"
"439","11","93"
"440","11","93"
"441","11","93"
"442","11","96"
"443","11","94"
"444","11","100"
"445","11","101"
"446","11","103"
"447","11","104"
"448","11","110"
"449","11","113"
"450","11","114"
"451","11","116"
"452","11","124"
"453","11","124"
"454","11","124"
"455","11","124"
"456","11","124"
"457","11","124"
"458","11","124"
"459","11","124"
"460","11","124"
"461","11","124"
"462","11","124"
"463","11","124"
"464","11","124"
"465","11","124"
"466","11","124"
"467","11","124"
"468","11","124"
"469","11","124"
"470","11","124"
"471","11","124"
"472","11","124"
"473","11","124"
"474","11","124"
"475","11","124"
"476","11","124"
"477","11","124"
"478","11","124"
"479","11","124"
"480","11","124"
"481","13","64"
"482","13","61"
"483","13","64"
"484","13","68"
"485","13","70"
"486","13","70"
"487","13","68"
"488","13","64"
"489","13","64"
"490","13","64"
"491","13","71"
"491","14","11"
"492","13","70"
"493","13","74"
"494","13","73"
"495","13","67"
"496","13","70"
"497","13","71"
"498","13","73"
"499","13","74"
"500","13","76"
"501","13","73"
"502","13","76"
"503","13","82"
"504","13","83"
"505","13","84"
"506","13","84"
"507","13","83"
"508","13","85"
"509","13","90"
"510","13","93"
"511","13","94"
"512","13","95"
"513","13","100"
"514","13","104"
"515","13","103"
"516","13","110"
"517","13","113"
"518","13","114"
"519","13","116"
"520","13","120"
"521","13","124"
"522","17","24"
"523","13","68"
"523","14","4"
"524","13","68"
"524","14","2"
"525","13","70"
"526","13","74"
"527","13","71"
"527","14","9"
"528","13","72"
"529","13","75"
"530","13","82"
"530","14","7"
"531","13","83"
"532","13","82"
"533","13","82"
"534","13","83"
"535","13","87"
"536","15","34"
"537","15","30"
"538","15","34"
"539","15","35"
"540","15","35"
"541","15","35"
"542","15","35"
"543","15","35"
"544","15","35"
"545","15","36"
"546","15","36"
"547","15","36"
"548","15","37"
"548","16","6"
"549","15","37"
"549","16","6"
"550","15","37"
"550","16","6"
"551","15","37"
"551","16","6"
"552","15","38"
"553","15","38"
"554","15","38"
"555","15","39"
"556","15","40"
"557","15","40"
"558","15","40"
"559","15","40"
"560","15","40"
"561","15","40"
"562","15","40"
"563","15","40"
"564","15","40"
"565","15","40"
"566","15","40"
"567","15","40"
"568","15","40"
"569","15","41"
"570","15","43"
"571","15","45"
"572","15","45"
"573","15","45"
"574","15","45"
"575","15","46"
"576","15","47"
"577","15","47"
"578","15","47"
"579","15","48"
"580","15","48"
"581","15","48"
"582","15","48"
"583","15","48"
"584","15","48"
"585","15","50"
"586","15","50"
"587","15","51"
"588","15","52"
"589","15","54"
"590","15","57"
"591","15","57"
"592","15","57"
"593","15","57"
"594","15","57"
"595","15","57"
"596","15","57"
"597","15","57"
"598","15","57"
"599","15","57"
"600","15","57"
"601","15","57"
"602","15","57"
"603","15","57"
"604","15","57"
"605","15","57"
"606","15","57"
"607","15","57"
"608","15","57"
"609","15","57"
"610","15","57"
"611","15","57"
"612","15","58"
"613","15","58"
"614","15","58"
"615","15","57"
"616","15","57"
"617","15","60"
"618","15","63"
"619","15","63"
"620","15","63"
"621","15","63"
"622","15","63"
"623","15","63"
"624","15","63"
"625","15","63"
"626","15","63"
"627","15","63"
"628","15","63"
"629","15","63"
"630","15","63"
"631","15","63"
"632","15","63"
"633","15","63"
"634","15","63"
"635","15","45"
"635","16","5"
"636","17","27"
"636","18","5"
"637","17","30"
"637","18","1"
"638","17","30"
"638","18","7"
"639","17","30"
"639","18","6"
"640","17","30"
"640","18","6"
"641","17","30"
"642","17","30"
"643","17","33"
"643","18","6"
"644","17","41"
"645","17","40"
"646","17","44"
"646","18","4"
"647","17","40"
"647","18","2"
"648","17","40"
"649","17","40"
"650","17","40"
"651","17","40"
"652","17","46"
"652","18","6"
"653","17","40"
"653","18","10"
"654","17","40"
"655","17","40"
"655","18","6"
"656","17","41"
"657","17","44"
"658","17","35"
"659","17","40"
"660","17","36"
"661","17","35"
"662","17","36"
"663","17","36"
"664","17","31"
"665","17","32"
"666","17","32"
"667","17","32"
"668","17","32"
"669","17","32"
"670","17","32"
"671","17","32"
"672","17","32"
"673","17","32"
"674","17","32"
"675","17","32"
"676","17","32"
"676","18","7"
"677","17","31"
"677","18","6"
"678","17","31"
"678","18","6"
"679","17","31"
"679","18","6"
"680","17","32"
"681","17","32"
"682","17","35"
"683","17","35"
"684","17","35"
"685","17","35"
"686","17","35"
"686","18","4"
"687","17","36"
"688","17","37"
"689","17","37"
"690","17","37"
"691","17","37"
"692","17","37"
"692","18","1"
"693","17","36"
"693","18","6"
"694","17","37"
"695","17","35"
"696","17","36"
"697","17","37"
"698","17","37"
"699","17","37"
"700","17","37"
"701","17","35"
"702","17","37"
"703","17","37"
"704","17","38"
"705","17","39"
"706","17","40"
"707","17","39"
"707","18","5"
"708","17","39"
"709","17","40"
"710","17","39"
"711","17","37"
"712","17","37"
"713","17","39"
"714","17","39"
"715","17","39"
"716","17","39"
"717","17","40"
"718","17","40"
"719","17","40"
"720","17","41"
"720","18","6"
"721","17","43"
"722","17","43"
"722","18","6"
"723","17","42"
"723","18","6"
"724","17","43"
"724","18","6"
"725","17","44"
"726","17","44"
"727","17","44"
"727","18","5"
"728","17","43"
"729","17","45"
"730","17","44"
"731","17","44"
"732","17","48"
"733","17","46"
"734","17","48"
"734","18","6"
"735","17","49"
"736","17","49"
"737","17","49"
"737","18","6"
"738","17","50"
"739","17","50"
"740","17","53"
"741","17","57"
"742","17","56"
"743","17","57"
"743","18","6"
"744","17","56"
"745","17","56"
"746","17","55"
"747","17","56"
"748","17","56"
"749","17","57"
"750","17","57"
"751","17","57"
"752","17","57"
"753","17","57"
"754","17","56"
"755","17","59"
"755","18","10"
"756","17","58"
"756","18","6"
"757","17","58"
"758","17","60"
"759","17","62"
"760","17","62"
"761","17","64"
"762","17","64"
"763","17","70"
"764","17","39"
"765","17","38"
"765","18","6"
"766","17","41"
"767","17","39"
"768","17","39"
"769","17","27"
"770","17","28"
"771","17","34"
"772","17","30"
"773","17","31"
"773","18","1"
"774","17","33"
"774","18","4"
"775","17","35"
"776","17","36"
"776","18","4"
"777","17","35"
"778","17","37"
"778","18","5"
"779","17","36"
"779","18","6"
"780","17","36"
"781","19","20"
"782","19","24"
"782","20","6"
"783","19","36"
"784","19","36"
"785","19","38"
"785","20","4"
"786","19","34"
"786","20","6"
"787","19","36"
"787","20","4"
"788","19","37"
"788","20","6"
"789","19","34"
"789","20","2"
"790","19","34"
"790","20","6"
"791","19","42"
"792","19","41"
"793","19","54"
"794","19","58"
"794","20","6"
"795","19","59"
"796","19","50"
"797","19","55"
"797","20","9"
"798","19","56"
"799","19","58"
"799","20","9"
"800","19","59"
"801","19","61"
"801","20","8"
"802","19","61"
"802","20","8"
"803","19","61"
"803","20","8"
"804","19","61"
"804","20","8"
"805","19","60"
"806","19","61"
"807","19","61"
"808","19","62"
"809","19","57"
"809","20","6"
"810","19","60"
"811","19","60"
"812","19","63"
"812","20","6"
"813","19","60"
"814","19","64"
"815","19","70"
"816","19","70"
"817","19","70"
"818","19","77"
"819","19","70"
"820","19","70"
"821","19","70"
"822","21","20"
"823","21","20"
"824","21","20"
"825","21","20"
"826","21","30"
"827","21","30"
"828","21","30"
"829","21","33"
"830","21","35"
"830","22","6"
"831","21","32"
"832","21","33"
"833","21","35"
"834","21","37"
"834","22","8"
"835","21","38"
"835","22","2"
"836","21","37"
"836","22","9"
"837","21","40"
"838","21","45"
"838","22","11"
"839","21","46"
"839","22","6"
"840","21","37"
"840","22","6"
"841","21","51"
"842","21","52"
"843","21","58"
"843","22","8"
"844","21","53"
"844","22","6"
"845","21","57"
"845","22","6"
"846","21","58"
"847","21","57"
"848","21","56"
"848","22","6"
"849","21","61"
"849","22","3"
"850","21","64"
"850","22","4"
"851","21","65"
"852","21","65"
"852","22","6"
"853","21","66"
"854","21","66"
"854","22","6"
"855","21","66"
"855","22","9"
"856","21","66"
"856","22","9"
"857","21","67"
"858","21","66"
"859","21","66"
"860","21","66"
"861","21","65"
"862","21","60"
"863","21","60"
"864","21","59"
"865","21","59"
"865","22","6"
"866","21","50"
"866","22","8"
"867","21","61"
"868","21","62"
"869","21","62"
"870","21","62"
"871","21","64"
"872","21","65"
"872","22","8"
"873","21","65"
"873","22","6"
"874","21","65"
"874","22","6"
"875","21","62"
"876","21","130"
"877","21","130"
"878","21","130"
"879","21","131"
"880","21","132"
"881","21","133"
"882","21","134"
"883","21","135"
"884","21","138"
"885","21","140"
"886","23","95"
"887","23","95"
"888","23","102"
"889","23","105"
"890","19","36"
"890","20","4"
"891","19","36"
"891","20","10"
"892","19","40"
"893","19","40"
"894","19","59"
"894","20","5"
"895","19","59"
"895","20","4"
"896","19","62"
"897","19","62"
"897","20","2"
"898","19","70"
"899","19","70"
"900","19","70"
"901","21","36"
"901","22","4"
"902","21","48"
"902","22","4"
"903","21","50"
"904","21","52"
"905","21","53"
"905","22","7"
"906","21","48"
"906","22","6"
"907","21","56"
"908","21","57"
"908","22","2"
"909","21","68"
"910","21","62"
"910","22","6"
"911","21","63"
"911","22","6"
"912","21","63"
"912","22","3"
"913","21","66"
"914","21","64"
"914","22","9"
"915","21","65"
"915","22","6"
"916","21","66"
"916","22","8"
"917","21","65"
"917","22","7"
"918","21","66"
"918","22","2"
"919","21","67"
"920","21","66"
"921","21","66"
"921","22","8"
"922","21","66"
"923","21","65"
"924","21","66"
"924","22","11"
"925","21","65"
"926","21","65"
"926","22","4"
"927","21","65"
"928","21","63"
"928","22","4"
"929","21","65"
"930","21","63"
"931","21","63"
"931","22","9"
"932","21","66"
"933","21","66"
"934","21","65"
"934","22","8"
"935","21","67"
"935","22","7"
"936","21","65"
"936","22","8"
"937","21","65"
"937","22","6"
"938","21","65"
"938","22","5"
"939","21","64"
"939","22","8"
"940","21","64"
"940","22","11"
"941","21","65"
"941","22","3"
"942","21","65"
"942","22","2"
"943","21","66"
"944","21","63"
"944","22","4"
"945","21","56"
"945","22","6"
"946","21","68"
"946","22","6"
"947","21","63"
"947","22","9"
"948","23","105"
"949","23","106"
"950","23","105"
"951","23","106"
"952","23","106"
"952","24","8"
"953","23","112"
"954","23","112"
"955","23","112"
"956","23","112"
"957","23","112"
"958","23","112"
"959","23","112"
"960","23","112"
"961","23","112"
"962","23","112"
"963","23","112"
"964","23","114"
"965","23","114"
"966","23","116"
"967","23","118"
"968","23","120"
"969","23","124"
"970","23","128"
"971","23","128"
"972","23","130"
"973","23","130"
"974","23","128"
"974","24","8"
"975","23","128"
"975","24","8"
"976","23","128"
"976","24","8"
"977","23","128"
"977","24","8"
"978","23","128"
"978","24","8"
"979","23","128"
"979","24","8"
"980","23","95"
"981","23","95"
"981","24","6"
"982","23","105"
"983","23","105"
"984","23","106"
"985","23","106"
"986","23","112"
"987","23","114"
"988","23","114"
"989","23","116"
"990","23","108"
"991","23","112"
"992","23","106"
"992","24","8"
"993","23","153"
"994","23","112"
"995","23","100"
"995","24","2"
"996","23","112"
"997","23","126"
"998","23","110"
"999","23","112"
"1000","23","100"
"1001","23","112"
"1002","23","120"
"1003","23","124"
"1004","23","130"
"1005","23","120"
"1006","23","130"
"1007","23","130"
"1008","23","101"
"1008","24","4"
"1009","23","133"
"1010","23","128"
"1010","24","8"
"1011","23","112"
"1012","23","112"
"1013","23","126"
"1014","23","134"
"1016","23","49"
"1016","24","6"
"1206","23","49"
"1206","24","6"
"1207","23","49"
"1207","24","6"
"1208","23","49"
"1208","24","6"
"1209","23","49"
"1209","24","6"
"1210","23","49"
"1210","24","9"
"1211","23","49"
"1211","24","10"
"1212","23","50"
"1213","23","49"
"1213","24","10"
"1214","23","49"
"1214","24","8"
"1215","23","49"
"1215","24","8"
"1216","23","49"
"1216","24","10"
"1217","23","49"
"1217","24","10"
"1218","23","49"
"1218","24","10"
"1219","23","49"
"1219","24","10"
"1220","23","49"
"1220","24","10"
"1221","23","50"
"1222","23","50"
"1223","23","50"
"1224","23","50"
"1225","23","50"
"1226","23","50"
"1226","24","1"
"1227","23","50"
"1227","24","2"
"1228","23","50"
"1228","24","2"
"1229","23","50"
"1229","24","2"
"1230","23","50"
"1230","24","2"
"1231","23","50"
"1231","24","3"
"1232","23","50"
"1232","24","3"
"1233","23","50"
"1233","24","3"
"1234","23","50"
"1234","24","3"
"1235","23","50"
"1235","24","3"
"1236","23","50"
"1236","24","4"
"1237","23","50"
"1237","24","4"
"1238","23","50"
"1238","24","4"
"1239","23","50"
"1239","24","4"
"1240","23","50"
"1240","24","4"
"1241","23","50"
"1241","24","4"
"1242","23","50"
"1242","24","4"
"1243","23","50"
"1243","24","3"
"1244","23","50"
"1244","24","1"
"1245","23","50"
"1245","24","1"
"1246","23","50"
"1246","24","1"
"1247","23","50"
"1247","24","1"
"1248","23","49"
"1248","24","8"
"1249","23","49"
"1249","24","8"
"1250","23","49"
"1250","24","8"
"1251","23","49"
"1251","24","8"
"1252","23","49"
"1252","24","8"
"1253","23","49"
"1253","24","8"
"1254","23","49"
"1254","24","8"
"1255","23","49"
"1255","24","8"
"1256","23","49"
"1256","24","9"
"1257","23","49"
"1257","24","9"
"1258","23","49"
"1258","24","9"
"1259","23","49"
"1259","24","10"
"1260","23","49"
"1260","24","10"
"1261","23","49"
"1261","24","10"
"1262","23","49"
"1262","24","10"
"1263","23","49"
"1263","24","10"
"1264","23","49"
"1264","24","10"
"1265","23","49"
"1265","24","10"
"1266","23","49"
"1266","24","10"
"1267","23","49"
"1267","24","10"
"1268","23","49"
"1268","24","10"
"1269","23","49"
"1269","24","10"
"1270","23","49"
"1270","24","10"
"1271","23","49"
"1271","24","10"
"1272","23","49"
"1272","24","10"
"1273","23","49"
"1273","24","10"
"1274","23","49"
"1274","24","9"
"1275","23","49"
"1275","24","9"
"1276","23","49"
"1276","24","10"
"1277","23","49"
"1277","24","10"
"1278","23","49"
"1278","24","10"
"1279","23","49"
"1279","24","10"
"1280","23","49"
"1280","24","10"
"1281","23","49"
"1281","24","10"
"1282","23","50"
"1282","24","2"
"1283","23","50"
"1283","24","2"
"1284","23","50"
"1284","24","2"
"1285","23","50"
"1285","24","2"
"1286","23","50"
"1286","24","2"
"1287","23","50"
"1287","24","2"
"1288","23","50"
"1288","24","3"
"1289","23","52"
"1289","24","10"
"1290","23","52"
"1290","24","10"
"1291","23","52"
"1291","24","10"
"1292","23","52"
"1292","24","10"
"1293","23","53"
"1293","24","8"
"1294","23","53"
"1294","24","8"
"1295","23","53"
"1295","24","8"
"1296","23","53"
"1296","24","8"
"1297","23","53"
"1297","24","8"
"1298","23","53"
"1298","24","8"
"1299","23","53"
"1299","24","8"
"1300","23","53"
"1300","24","6"
"1301","23","53"
"1301","24","4"
"1302","23","53"
"1302","24","6"
"1303","23","53"
"1303","24","6"
"1304","23","53"
"1304","24","6"
"1305","23","53"
"1305","24","4"
"1306","23","53"
"1306","24","4"
"1307","23","53"
"1307","24","4"
"1308","23","53"
"1308","24","4"
"1309","23","53"
"1309","24","8"
"1310","23","53"
"1310","24","8"
"1311","23","53"
"1311","24","4"
"1312","23","53"
"1312","24","4"
"1313","23","53"
"1313","24","5"
"1314","23","53"
"1314","24","6"
"1315","23","53"
"1315","24","6"
"1316","23","53"
"1316","24","5"
"1317","23","53"
"1317","24","5"
"1318","23","53"
"1318","24","6"
"1319","23","53"
"1319","24","6"
"1320","23","53"
"1320","24","4"
"1321","23","53"
"1321","24","6"
"1322","23","53"
"1322","24","6"
"1323","23","53"
"1323","24","6"
"1324","23","53"
"1324","24","6"
"1325","23","53"
"1325","24","6"
"1326","23","53"
"1326","24","7"
"1327","23","53"
"1327","24","7"
"1328","23","53"
"1328","24","7"
"1329","23","53"
"1329","24","7"
"1330","23","53"
"1330","24","4"
"1331","23","53"
"1331","24","4"
"1332","23","53"
"1332","24","3"
"1333","23","53"
"1333","24","3"
"1334","23","53"
"1334","24","3"
"1335","23","53"
"1335","24","4"
"1336","23","53"
"1336","24","4"
"1337","23","53"
"1337","24","5"
"1338","23","53"
"1338","24","5"
"1339","23","53"
"1339","24","6"
"1340","23","53"
"1340","24","6"
"1341","23","53"
"1341","24","4"
"1342","23","53"
"1342","24","6"
"1343","23","53"
"1343","24","7"
"1344","23","53"
"1344","24","6"
"1345","23","53"
"1345","24","6"
"1346","23","53"
"1346","24","6"
"1347","23","53"
"1347","24","6"
"1348","23","53"
"1348","24","6"
"1349","23","53"
"1349","24","6"
"1350","23","53"
"1350","24","7"
"1351","23","53"
"1351","24","7"
"1352","23","53"
"1352","24","7"
"1353","23","53"
"1353","24","7"
"1354","23","53"
"1354","24","7"
"1355","23","53"
"1355","24","7"
"1356","23","53"
"1356","24","8"
"1357","23","53"
"1357","24","9"
"1358","23","53"
"1358","24","8"
"1359","23","53"
"1359","24","8"
"1360","23","53"
"1360","24","8"
"1361","23","53"
"1361","24","8"
"1362","23","53"
"1362","24","8"
"1363","23","53"
"1363","24","8"
"1364","23","53"
"1364","24","8"
"1365","23","53"
"1365","24","8"
"1366","23","53"
"1366","24","8"
"1367","23","53"
"1367","24","8"
"1368","23","53"
"1368","24","8"
"1369","23","53"
"1369","24","8"
"1370","23","53"
"1370","24","8"
"1371","23","53"
"1371","24","8"
"1372","23","53"
"1372","24","8"
"1373","23","53"
"1373","24","8"
"1374","23","53"
"1374","24","8"
"1375","23","53"
"1375","24","8"
"1376","23","53"
"1376","24","8"
"1377","23","53"
"1377","24","9"
"1378","23","53"
"1378","24","9"
"1379","23","53"
"1379","24","9"
"1380","23","53"
"1380","24","8"
"1381","23","53"
"1381","24","10"
"1382","23","53"
"1382","24","9"
"1383","23","53"
"1383","24","9"
"1384","23","53"
"1384","24","9"
"1385","23","53"
"1385","24","9"
"1386","23","53"
"1386","24","9"
"1387","23","53"
"1387","24","9"
"1388","23","53"
"1388","24","9"
"1389","23","53"
"1389","24","9"
"1390","23","53"
"1390","24","10"
"1391","23","53"
"1391","24","10"
"1392","23","53"
"1392","24","10"
"1393","23","53"
"1393","24","10"
"1394","23","53"
"1394","24","10"
"1395","23","53"
"1395","24","10"
"1396","23","53"
"1396","24","10"
"1397","23","53"
"1397","24","10"
"1398","23","53"
"1398","24","10"
"1399","23","53"
"1399","24","10"
"1400","23","54"
"1400","24","4"
"1401","23","54"
"1401","24","4"
"1402","23","54"
"1402","24","4"
"1403","23","54"
"1403","24","5"
"1404","23","54"
"1404","24","5"
"1405","23","54"
"1405","24","5"
"1406","23","54"
"1406","24","6"
"1407","23","54"
"1407","24","6"
"1408","23","54"
"1408","24","6"
"1409","23","54"
"1409","24","6"
"1410","23","54"
"1410","24","6"
"1411","23","54"
"1411","24","6"
"1412","23","54"
"1412","24","6"
"1413","23","54"
"1413","24","6"
"1414","23","54"
"1414","24","6"
"1415","23","54"
"1415","24","6"
"1416","23","54"
"1416","24","6"
"1417","23","54"
"1417","24","6"
"1418","23","54"
"1418","24","6"
"1419","23","54"
"1419","24","6"
"1420","23","54"
"1420","24","6"
"1421","23","54"
"1421","24","6"
"1422","23","54"
"1422","24","6"
"1423","23","54"
"1423","24","6"
"1424","23","54"
"1424","24","6"
"1425","23","54"
"1425","24","6"
"1426","23","54"
"1426","24","6"
"1427","23","54"
"1427","24","6"
"1428","23","54"
"1428","24","6"
"1429","23","54"
"1429","24","6"
"1430","23","54"
"1430","24","6"
"1431","23","54"
"1431","24","6"
"1432","23","54"
"1432","24","6"
"1433","23","54"
"1433","24","6"
"1434","23","54"
"1434","24","6"
"1435","23","54"
"1435","24","6"
"1436","23","54"
"1436","24","6"
"1437","23","54"
"1437","24","6"
"1438","23","54"
"1438","24","6"
"1439","23","54"
"1439","24","6"
"1440","23","54"
"1440","24","6"
"1441","23","54"
"1441","24","6"
"1442","23","54"
"1442","24","6"
"1443","23","54"
"1443","24","6"
"1444","23","54"
"1444","24","6"
"1445","23","54"
"1445","24","6"
"1446","23","54"
"1446","24","5"
"1447","23","54"
"1447","24","6"
"1448","23","54"
"1448","24","6"
"1449","23","54"
"1449","24","6"
"1450","23","54"
"1450","24","6"
"1451","23","54"
"1451","24","6"
"1452","23","54"
"1452","24","6"
"1453","23","54"
"1453","24","6"
"1454","23","54"
"1454","24","6"
"1455","23","54"
"1455","24","6"
"1456","23","54"
"1456","24","6"
"1457","23","54"
"1457","24","6"
"1458","23","54"
"1458","24","6"
"1459","23","54"
"1459","24","6"
"1460","23","54"
"1460","24","6"
"1461","23","54"
"1461","24","6"
"1462","23","54"
"1462","24","6"
"1463","23","54"
"1463","24","6"
"1464","23","54"
"1464","24","6"
"1465","23","54"
"1465","24","6"
"1466","23","54"
"1466","24","6"
"1467","23","54"
"1467","24","6"
"1468","23","54"
"1468","24","6"
"1469","23","54"
"1469","24","6"
"1470","23","54"
"1470","24","6"
"1471","23","54"
"1471","24","6"
"1472","23","54"
"1472","24","6"
"1473","23","54"
"1473","24","6"
"1474","23","54"
"1474","24","6"
"1475","23","54"
"1475","24","6"
"1476","23","54"
"1476","24","6"
"1477","23","54"
"1477","24","6"
"1478","23","54"
"1478","24","6"
"1479","23","54"
"1479","24","6"
"1480","23","54"
"1480","24","6"
"1481","23","54"
"1481","24","6"
"1482","23","54"
"1482","24","6"
"1483","23","54"
"1483","24","6"
"1484","23","54"
"1484","24","6"
"1485","23","54"
"1485","24","6"
"1486","23","54"
"1486","24","6"
"1487","23","54"
"1487","24","6"
"1488","23","54"
"1488","24","6"
"1489","23","54"
"1489","24","6"
"1490","23","54"
"1490","24","6"
"1491","23","54"
"1491","24","6"
"1492","23","54"
"1492","24","6"
"1493","23","54"
"1493","24","6"
"1494","23","54"
"1494","24","6"
"1495","23","54"
"1495","24","6"
"1496","23","54"
"1496","24","6"
"1497","23","54"
"1497","24","6"
"1498","23","54"
"1498","24","6"
"1499","23","54"
"1499","24","6"
"1500","23","54"
"1500","24","6"
"1501","23","54"
"1501","24","6"
"1502","23","54"
"1502","24","6"
"1503","23","54"
"1503","24","6"
"1504","23","54"
"1504","24","6"
"1505","23","54"
"1505","24","6"
"1506","23","54"
"1506","24","6"
"1507","23","54"
"1507","24","6"
"1508","23","54"
"1508","24","6"
"1509","23","54"
"1509","24","6"
"1510","23","54"
"1510","24","6"
"1511","23","54"
"1511","24","6"
"1512","23","54"
"1512","24","6"
"1513","23","54"
"1513","24","6"
"1514","23","54"
"1514","24","6"
"1515","23","54"
"1515","24","4"
"1516","23","54"
"1516","24","4"
"1517","23","54"
"1517","24","6"
"1518","23","54"
"1519","23","53"
"1519","24","6"
"1520","23","54"
"1520","24","6"
"1521","23","53"
"1522","23","53"
"1523","23","58"
"1524","23","58"
"1525","23","58"
"1526","23","58"
"1527","23","58"
"1528","23","58"
"1529","23","58"
"1530","23","58"
"1531","23","58"
"1532","23","58"
"1533","23","58"
"1534","23","58"
"1535","23","58"
"1536","23","58"
"1537","23","58"
"1538","23","57"
"1538","24","9"
"1539","23","58"
"1540","23","58"
"1541","23","58"
"1542","23","58"
"1543","23","58"
"1544","23","58"
"1545","23","58"
"1546","23","58"
"1547","23","58"
"1548","23","58"
"1549","23","58"
"1550","23","58"
"1551","23","58"
"1552","23","58"
"1553","23","58"
"1554","23","58"
"1555","23","58"
"1556","23","58"
"1557","23","58"
"1558","23","58"
"1559","23","58"
"1560","23","58"
"1561","23","58"
"1562","23","58"
"1563","23","58"
"1564","23","58"
"1565","23","58"
"1566","23","58"
"1567","23","58"
"1568","23","58"
"1569","23","58"
"1570","23","58"
"1571","23","58"
"1572","23","58"
"1573","23","58"
"1574","23","58"
"1575","23","58"
"1576","23","58"
"1577","23","58"
"1578","23","58"
"1579","23","58"
"1580","23","58"
"1581","23","58"
"1582","23","58"
"1583","23","58"
"1584","23","58"
"1585","23","58"
"1586","23","58"
"1587","23","58"
"1588","23","58"
"1589","23","58"
"1590","23","58"
"1591","23","58"
"1592","23","58"
"1593","23","58"
"1594","23","58"
"1595","23","58"
"1596","23","58"
"1597","23","58"
"1598","23","58"
"1599","23","58"
"1600","23","58"
"1601","23","58"
"1602","23","58"
"1603","23","58"
"1604","23","58"
"1605","23","58"
"1606","23","58"
"1607","23","58"
"1608","23","58"
"1609","23","58"
"1610","23","58"
"1611","23","58"
"1612","23","58"
"1613","23","58"
"1614","23","58"
"1615","23","58"
"1616","23","58"
"1617","23","58"
"1618","23","58"
"1619","23","58"
"1620","23","58"
"1621","23","58"
"1622","23","58"
"1623","23","58"
"1624","23","58"
"1625","23","58"
"1626","23","58"
"1627","23","58"
"1628","23","58"
"1629","23","58"
"1630","23","58"
"1631","23","58"
"1632","23","58"
"1633","23","58"
"1634","23","58"
"1634","24","1"
"1635","23","58"
"1636","23","58"
"1637","23","58"
"1638","23","58"
"1639","23","58"
"1640","23","58"
"1641","23","58"
"1642","23","58"
"1643","23","58"
"1644","23","58"
"1645","23","58"
"1646","23","58"
"1647","23","58"
"1648","23","58"
"1649","23","58"
"1650","23","58"
"1651","23","58"
"1652","23","58"
"1653","23","58"
"1654","23","58"
"1655","23","58"
"1656","23","58"
"1657","23","58"
"1658","23","58"
"1659","23","58"
"1660","23","58"
"1661","23","58"
"1662","23","58"
"1663","23","58"
"1664","23","58"
"1665","23","58"
"1666","23","58"
"1667","23","58"
"1668","23","61"
"1669","23","61"
"1670","23","61"
"1671","23","61"
"1672","23","61"
"1673","23","61"
"1674","23","61"
"1675","23","61"
"1676","23","61"
"1677","23","61"
"1678","23","61"
"1679","23","61"
"1680","23","61"
"1681","23","61"
"1682","23","61"
"1683","23","61"
"1684","23","61"
"1685","23","61"
"1686","23","61"
"1687","23","61"
"1688","23","61"
"1689","23","62"
"1689","24","6"
"1690","23","61"
"1691","23","62"
"1692","23","62"
"1693","23","62"
"1693","24","6"
"1694","23","62"
"1694","24","8"
"1695","23","62"
"1695","24","6"
"1696","23","62"
"1696","24","6"
"1697","23","62"
"1697","24","6"
"1698","23","62"
"1698","24","6"
"1699","23","62"
"1699","24","6"
"1700","23","62"
"1700","24","6"
"1701","23","62"
"1701","24","6"
"1702","23","62"
"1703","23","62"
"1703","24","6"
"1704","23","62"
"1704","24","6"
"1705","23","62"
"1705","24","6"
"1706","23","62"
"1706","24","6"
"1707","23","62"
"1707","24","6"
"1708","23","62"
"1708","24","6"
"1709","23","62"
"1709","24","6"
"1710","23","62"
"1710","24","6"
"1711","23","62"
"1711","24","6"
"1712","23","62"
"1712","24","6"
"1713","23","62"
"1713","24","6"
"1714","23","62"
"1714","24","6"
"1715","23","62"
"1715","24","6"
"1716","23","62"
"1716","24","6"
"1717","23","63"
"1717","24","4"
"1718","23","63"
"1718","24","4"
"1719","23","63"
"1719","24","4"
"1720","23","63"
"1720","24","4"
"1721","23","63"
"1721","24","6"
"1722","23","63"
"1722","24","6"
"1723","23","63"
"1723","24","6"
"1724","23","63"
"1724","24","6"
"1725","23","63"
"1725","24","4"
"1726","23","63"
"1726","24","4"
"1727","23","63"
"1727","24","4"
"1728","23","63"
"1728","24","4"
"1729","23","63"
"1729","24","4"
"1730","23","63"
"1730","24","4"
"1731","23","63"
"1731","24","4"
"1732","23","63"
"1732","24","4"
"1733","23","63"
"1733","24","4"
"1734","23","63"
"1734","24","4"
"1735","23","63"
"1735","24","4"
"1736","23","63"
"1736","24","4"
"1737","23","63"
"1737","24","6"
"1738","23","63"
"1738","24","6"
"1739","23","63"
"1739","24","6"
"1740","23","63"
"1740","24","6"
"1741","23","63"
"1741","24","6"
"1742","23","63"
"1742","24","6"
"1743","23","63"
"1743","24","6"
"1744","23","63"
"1744","24","6"
"1745","23","63"
"1745","24","6"
"1746","23","63"
"1746","24","6"
"1747","23","63"
"1747","24","6"
"1748","23","63"
"1748","24","8"
"1749","23","63"
"1749","24","8"
"1750","23","63"
"1750","24","8"
"1751","23","63"
"1751","24","8"
"1752","23","63"
"1752","24","8"
"1753","23","63"
"1753","24","8"
"1754","23","63"
"1754","24","8"
"1755","23","63"
"1755","24","8"
"1756","23","63"
"1756","24","8"
"1757","23","63"
"1757","24","8"
"1758","23","63"
"1758","24","8"
"1759","23","63"
"1759","24","8"
"1760","23","63"
"1760","24","8"
"1761","23","63"
"1761","24","10"
"1762","23","63"
"1762","24","10"
"1763","23","63"
"1763","24","10"
"1764","23","63"
"1764","24","10"
"1765","23","63"
"1765","24","10"
"1766","23","63"
"1766","24","8"
"1767","23","63"
"1767","24","10"
"1768","23","63"
"1769","23","63"
"1770","23","63"
"1771","23","63"
"1771","24","4"
"1772","23","63"
"1772","24","6"
"1773","23","63"
"1773","24","2"
"1774","23","63"
"1774","24","4"
"1775","23","63"
"1775","24","3"
"1776","23","67"
"1777","23","64"
"1777","24","6"
"1778","23","65"
"1778","24","6"
"1779","23","66"
"1780","23","64"
"1781","23","64"
"1782","23","65"
"1783","23","65"
"1784","23","65"
"1785","23","65"
"1785","24","3"
"1786","23","66"
"1787","23","66"
"1787","24","8"
"1788","23","66"
"1788","24","8"
"1789","23","65"
"1790","23","66"
"1790","24","8"
"1791","23","66"
"1791","24","8"
"1792","23","66"
"1792","24","8"
"1793","23","66"
"1793","24","7"
"1794","23","66"
"1794","24","6"
"1795","23","67"
"1795","24","6"
"1796","23","65"
"1796","24","4"
"1797","23","66"
"1797","24","8"
"1798","23","66"
"1798","24","6"
"1799","23","66"
"1799","24","8"
"1800","23","66"
"1800","24","8"
"1801","23","66"
"1801","24","8"
"1802","23","66"
"1803","23","66"
"1803","24","2"
"1804","23","66"
"1805","23","66"
"1806","23","66"
"1806","24","4"
"1807","23","66"
"1807","24","5"
"1808","23","66"
"1808","24","6"
"1809","23","66"
"1809","24","8"
"1810","23","70"
"1811","23","70"
"1811","24","1"
"1812","23","66"
"1813","23","72"
"1813","24","8"
"1814","23","67"
"1815","23","65"
"1816","23","66"
"1817","23","66"
"1818","23","67"
"1819","23","67"
"1820","23","67"
"1821","23","67"
"1822","23","67"
"1823","23","67"
"1824","23","67"
"1825","23","67"
"1826","23","67"
"1827","23","67"
"1828","23","67"
"1829","23","67"
"1830","23","67"
"1831","23","66"
"1831","24","8"
"1832","23","66"
"1832","24","8"
"1833","23","66"
"1833","24","8"
"1834","23","66"
"1834","24","8"
"1835","23","66"
"1835","24","8"
"1836","23","65"
"1836","24","7"
"1837","23","66"
"1837","24","8"
"1838","23","66"
"1838","24","8"
"1839","23","66"
"1839","24","8"
"1840","23","66"
"1840","24","8"
"1841","23","66"
"1841","24","8"
"1842","23","66"
"1842","24","8"
"1843","23","66"
"1843","24","8"
"1844","23","66"
"1844","24","8"
"1845","23","66"
"1845","24","8"
"1846","23","66"
"1846","24","8"
"1847","23","66"
"1847","24","8"
"1848","23","66"
"1848","24","8"
"1849","23","66"
"1850","23","66"
"1850","24","8"
"1851","23","66"
"1851","24","8"
"1852","23","66"
"1853","23","68"
"1854","23","68"
"1855","23","68"
"1856","23","68"
"1857","23","68"
"1857","24","6"
"1858","23","67"
"1859","23","67"
"1860","23","67"
"1861","23","67"
"1862","23","67"
"1863","23","66"
"1864","23","66"
"1865","23","66"
"1866","23","66"
"1866","24","8"
"1867","23","65"
"1867","24","8"
"1868","23","66"
"1868","24","8"
"1869","23","66"
"1869","24","8"
"1870","23","66"
"1870","24","9"
"1871","23","66"
"1871","24","2"
"1872","23","66"
"1872","24","8"
"1873","23","66"
"1873","24","8"
"1874","23","66"
"1874","24","8"
"1875","23","66"
"1875","24","8"
"1876","23","66"
"1876","24","8"
"1877","23","66"
"1877","24","5"
"1878","23","66"
"1878","24","5"
"1879","23","66"
"1879","24","5"
"1880","23","66"
"1880","24","9"
"1881","23","67"
"1881","24","8"
"1882","23","67"
"1882","24","4"
"1883","23","67"
"1883","24","4"
"1884","23","66"
"1884","24","8"
"1885","23","66"
"1885","24","8"
"1886","23","67"
"1886","24","4"
"1887","23","67"
"1887","24","6"
"1888","23","67"
"1888","24","8"
"1889","23","67"
"1889","24","8"
"1890","23","67"
"1890","24","8"
"1891","23","67"
"1891","24","8"
"1892","23","67"
"1892","24","4"
"1893","23","67"
"1893","24","4"
"1894","23","67"
"1894","24","4"
"1895","23","67"
"1895","24","7"
"1896","23","67"
"1896","24","8"
"1897","23","67"
"1897","24","8"
"1898","23","67"
"1898","24","8"
"1899","23","67"
"1899","24","8"
"1900","23","67"
"1900","24","8"
"1901","23","67"
"1901","24","8"
"1902","23","67"
"1902","24","8"
"1903","23","67"
"1903","24","8"
"1904","23","67"
"1905","23","67"
"1906","23","66"
"1906","24","10"
"1907","23","66"
"1907","24","10"
"1908","23","66"
"1908","24","8"
"1909","23","66"
"1909","24","8"
"1910","23","65"
"1910","24","4"
"1911","23","67"
"1912","23","65"
"1912","24","3"
"1913","23","65"
"1913","24","4"
"1914","23","67"
"1915","23","67"
"1915","24","2"
"1916","23","67"
"1917","23","67"
"1917","24","4"
"1918","23","67"
"1918","24","4"
"1919","23","67"
"1919","24","4"
"1920","23","67"
"1920","24","4"
"1921","23","67"
"1921","24","4"
"1922","23","67"
"1922","24","4"
"1923","23","67"
"1923","24","4"
"1924","23","67"
"1924","24","4"
"1925","23","67"
"1925","24","4"
"1926","23","67"
"1926","24","4"
"1927","23","67"
"1927","24","4"
"1928","23","67"
"1928","24","4"
"1929","23","67"
"1929","24","4"
"1930","23","67"
"1930","24","4"
"1931","23","67"
"1931","24","4"
"1932","23","67"
"1932","24","4"
"1933","23","67"
"1933","24","4"
"1934","23","67"
"1934","24","4"
"1935","23","67"
"1935","24","4"
"1936","23","67"
"1936","24","4"
"1937","23","67"
"1937","24","4"
"1938","23","67"
"1938","24","4"
"1939","23","67"
"1939","24","4"
"1940","23","67"
"1940","24","4"
"1941","23","67"
"1941","24","4"
"1942","23","67"
"1942","24","4"
"1943","23","67"
"1943","24","4"
"1944","23","67"
"1944","24","4"
"1945","23","67"
"1945","24","4"
"1946","23","67"
"1946","24","4"
"1947","23","67"
"1947","24","4"
"1948","23","67"
"1948","24","4"
"1949","23","67"
"1949","24","4"
"1950","23","67"
"1950","24","4"
"1951","23","67"
"1951","24","4"
"1952","23","67"
"1952","24","4"
"1953","23","67"
"1953","24","4"
"1954","23","67"
"1954","24","4"
"1955","23","67"
"1955","24","4"
"1956","23","67"
"1956","24","4"
"1957","23","67"
"1957","24","4"
"1958","23","67"
"1958","24","4"
"1959","23","67"
"1959","24","4"
"1960","23","67"
"1960","24","4"
"1961","23","67"
"1961","24","4"
"1962","23","67"
"1962","24","4"
"1963","23","67"
"1963","24","4"
"1964","23","67"
"1964","24","4"
"1965","23","67"
"1965","24","4"
"1966","23","67"
"1966","24","4"
"1967","23","67"
"1967","24","6"
"1968","23","67"
"1968","24","4"
"1969","23","67"
"1969","24","6"
"1970","23","67"
"1970","24","4"
"1971","23","67"
"1971","24","6"
"1972","23","67"
"1972","24","4"
"1973","23","67"
"1973","24","4"
"1974","23","67"
"1974","24","6"
"1975","23","67"
"1975","24","6"
"1976","23","67"
"1976","24","6"
"1977","23","67"
"1977","24","6"
"1978","23","67"
"1978","24","6"
"1979","23","67"
"1979","24","6"
"1980","23","67"
"1980","24","6"
"1981","23","67"
"1981","24","6"
"1982","23","67"
"1982","24","6"
"1983","23","67"
"1983","24","6"
"1984","23","67"
"1984","24","6"
"1985","23","67"
"1985","24","6"
"1986","23","67"
"1986","24","6"
"1987","23","67"
"1987","24","6"
"1988","23","67"
"1988","24","6"
"1989","23","67"
"1989","24","6"
"1990","23","67"
"1990","24","6"
"1991","23","67"
"1991","24","6"
"1992","23","67"
"1992","24","4"
"1993","23","67"
"1993","24","4"
"1994","23","67"
"1994","24","4"
"1995","23","67"
"1995","24","4"
"1996","23","67"
"1997","23","67"
"1998","23","67"
"1999","23","67"
"1999","24","1"
"2000","23","67"
"2001","23","67"
"2002","23","67"
"2003","23","67"
"2004","23","67"
"2005","23","67"
"2006","23","67"
"2007","23","67"
"2008","23","67"
"2009","23","67"
"2010","23","67"
"2011","23","67"
"2012","23","67"
"2013","23","67"
"2014","23","67"
"2015","23","67"
"2016","23","67"
"2017","23","67"
"2018","23","67"
"2019","23","67"
"2020","23","67"
"2021","23","67"
"2022","23","67"
"2023","23","67"
"2024","23","67"
"2025","23","67"
"2026","23","67"
"2027","23","67"
"2028","23","66"
"2028","24","10"
"2029","23","66"
"2029","24","10"
"2030","23","66"
"2030","24","10"
"2031","23","66"
"2031","24","9"
"2032","23","66"
"2032","24","9"
"2033","23","66"
"2033","24","10"
"2034","23","66"
"2034","24","9"
"2035","23","66"
"2035","24","10"
"2036","23","66"
"2036","24","9"
"2037","23","66"
"2037","24","9"
"2038","23","66"
"2038","24","10"
"2039","23","66"
"2039","24","10"
"2040","23","66"
"2040","24","10"
"2041","23","66"
"2041","24","9"
"2042","23","66"
"2042","24","10"
"2043","23","66"
"2043","24","9"
"2044","23","66"
"2044","24","9"
"2045","23","66"
"2045","24","9"
"2046","23","66"
"2046","24","9"
"2047","23","66"
"2047","24","8"
"2048","23","66"
"2048","24","8"
"2049","23","66"
"2049","24","8"
"2050","23","66"
"2050","24","8"
"2051","23","66"
"2051","24","8"
"2052","23","66"
"2052","24","8"
"2053","23","66"
"2053","24","8"
"2054","23","66"
"2054","24","8"
"2055","23","66"
"2055","24","10"
"2056","23","66"
"2056","24","10"
"2057","23","66"
"2057","24","9"
"2058","23","66"
"2058","24","9"
"2059","23","66"
"2059","24","10"
"2060","23","66"
"2061","23","67"
"2062","23","67"
"2063","23","67"
"2064","23","67"
"2065","23","67"
"2066","23","67"
"2067","23","67"
"2068","23","67"
"2069","23","67"
"2070","23","67"
"2071","23","67"
"2072","23","67"
"2073","23","67"
"2074","23","67"
"2075","23","67"
"2076","23","67"
"2077","23","67"
"2078","23","67"
"2079","23","67"
"2080","23","67"
"2081","23","67"
"2082","23","67"
"2083","23","67"
"2084","23","67"
"2085","23","67"
"2085","24","1"
"2086","23","67"
"2087","23","67"
"2088","23","67"
"2089","23","67"
"2090","23","67"
"2091","23","67"
"2092","23","67"
"2093","23","67"
"2094","23","67"
"2095","23","67"
"2096","23","67"
"2097","23","67"
"2098","23","67"
"2099","23","67"
"2100","23","67"
"2101","23","67"
"2102","23","67"
"2103","23","67"
"2104","23","67"
"2105","23","67"
"2106","23","67"
"2107","23","67"
"2108","23","67"
"2109","23","67"
"2110","23","67"
"2111","23","67"
"2112","23","67"
"2113","23","67"
"2114","23","67"
"2115","23","67"
"2116","23","67"
"2117","23","67"
"2118","23","67"
"2119","23","67"
"2120","23","67"
"2121","23","67"
"2121","24","1"
"2122","23","67"
"2123","23","67"
"2124","23","67"
"2125","23","67"
"2125","24","2"
"2126","23","67"
"2127","23","67"
"2128","23","67"
"2129","23","67"
"2130","23","67"
"2131","23","67"
"2132","23","67"
"2133","23","67"
"2134","23","67"
"2135","23","67"
"2136","23","67"
"2137","23","67"
"2138","23","67"
"2139","23","67"
"2139","24","1"
"2140","23","67"
"2140","24","1"
"2141","23","67"
"2141","24","1"
"2142","23","67"
"2142","24","1"
"2143","23","67"
"2143","24","1"
"2144","23","67"
"2144","24","1"
"2145","23","67"
"2146","23","67"
"2147","23","67"
"2148","23","67"
"2149","23","67"
"2149","24","1"
"2150","23","67"
"2150","24","1"
"2151","23","67"
"2151","24","1"
"2152","23","67"
"2152","24","1"
"2153","23","67"
"2153","24","1"
"2154","23","67"
"2154","24","1"
"2155","23","67"
"2155","24","4"
"2156","23","67"
"2156","24","4"
"2157","23","67"
"2157","24","4"
"2158","23","67"
"2158","24","4"
"2159","23","67"
"2159","24","3"
"2160","23","67"
"2160","24","4"
"2161","23","67"
"2162","23","67"
"2163","23","67"
"2164","23","67"
"2164","24","10"
"2165","23","67"
"2165","24","10"
"2166","23","67"
"2166","24","10"
"2167","23","67"
"2167","24","10"
"2168","23","67"
"2168","24","10"
"2169","23","67"
"2169","24","10"
"2170","23","67"
"2170","24","10"
"2171","23","67"
"2171","24","10"
"2172","23","67"
"2173","23","67"
"2173","24","11"
"2174","23","67"
"2175","23","67"
"2176","23","67"
"2177","23","67"
"2178","23","67"
"2179","23","67"
"2180","23","67"
"2181","23","67"
"2182","23","67"
"2183","23","67"
"2184","23","67"
"2184","24","11"
"2185","23","67"
"2185","24","11"
"2186","23","67"
"2187","23","67"
"2188","23","67"
"2189","23","67"
"2190","23","67"
"2191","23","67"
"2192","23","67"
"2193","23","67"
"2194","23","67"
"2195","23","67"
"2196","23","67"
"2197","23","67"
"2197","24","10"
"2198","23","67"
"2199","23","66"
"2199","24","10"
"2200","23","66"
"2200","24","8"
"2201","23","66"
"2201","24","8"
"2202","23","66"
"2202","24","6"
"2203","23","66"
"2203","24","8"
"2204","23","66"
"2205","23","66"
"2206","23","65"
"2206","24","10"
"2207","23","65"
"2207","24","8"
"2208","23","65"
"2208","24","8"
"2209","23","65"
"2209","24","8"
"2210","23","65"
"2210","24","8"
"2211","23","65"
"2211","24","8"
"2212","23","65"
"2212","24","8"
"2213","23","65"
"2213","24","8"
"2214","23","65"
"2214","24","8"
"2215","23","65"
"2215","24","8"
"2216","23","65"
"2216","24","6"
"2217","23","65"
"2217","24","2"
"2218","23","65"
"2218","24","2"
"2219","23","65"
"2219","24","2"
"2220","23","65"
"2220","24","2"
"2221","23","65"
"2222","23","65"
"2223","23","65"
"2224","23","65"
"2225","23","65"
"2226","23","65"
"2227","23","65"
"2228","23","65"
"2229","23","65"
"2229","24","2"
"2230","23","65"
"2230","24","2"
"2231","23","65"
"2231","24","6"
"2232","23","65"
"2232","24","6"
"2233","23","65"
"2233","24","6"
"2234","23","66"
"2235","23","66"
"2235","24","4"
"2236","23","66"
"2236","24","4"
"2237","23","66"
"2237","24","4"
"2238","23","66"
"2238","24","7"
"2239","23","66"
"2239","24","6"
"2240","23","66"
"2240","24","7"
"2241","23","66"
"2241","24","6"
"2242","23","66"
"2242","24","6"
"2243","23","66"
"2243","24","6"
"2244","23","66"
"2244","24","6"
"2245","23","66"
"2245","24","6"
"2246","23","66"
"2246","24","6"
"2247","23","66"
"2247","24","6"
"2248","23","66"
"2248","24","6"
"2249","23","66"
"2249","24","3"
"2250","23","66"
"2250","24","3"
"2251","23","66"
"2251","24","4"
"2252","23","66"
"2252","24","2"
"2253","23","66"
"2253","24","2"
"2254","23","66"
"2254","24","4"
"2255","23","66"
"2255","24","3"
"2256","23","66"
"2256","24","4"
"2257","23","66"
"2257","24","4"
"2258","23","66"
"2258","24","4"
"2259","23","66"
"2259","24","4"
"2260","23","66"
"2260","24","4"
"2261","23","66"
"2261","24","4"
"2262","23","66"
"2262","24","4"
"2263","23","66"
"2263","24","4"
"2264","23","66"
"2264","24","4"
"2265","23","66"
"2265","24","4"
"2266","23","66"
"2266","24","4"
"2267","23","66"
"2267","24","4"
"2268","23","66"
"2268","24","4"
"2269","23","66"
"2269","24","4"
"2270","23","66"
"2270","24","4"
"2271","23","66"
"2271","24","4"
"2272","23","66"
"2272","24","4"
"2273","23","66"
"2273","24","4"
"2274","23","66"
"2274","24","4"
"2275","23","66"
"2275","24","4"
"2276","23","66"
"2276","24","6"
"2277","23","66"
"2277","24","6"
"2278","23","66"
"2278","24","6"
"2279","23","66"
"2279","24","6"
"2280","23","66"
"2280","24","6"
"2281","23","66"
"2281","24","6"
"2282","23","66"
"2282","24","6"
"2283","23","66"
"2283","24","6"
"2284","23","66"
"2284","24","6"
"2285","23","66"
"2285","24","6"
"2286","23","66"
"2286","24","6"
"2287","23","66"
"2287","24","6"
"2288","23","66"
"2288","24","6"
"2289","23","66"
"2289","24","6"
"2290","23","66"
"2290","24","6"
"2291","23","66"
"2291","24","6"
"2292","23","66"
"2292","24","6"
"2293","23","66"
"2293","24","6"
"2294","23","66"
"2294","24","6"
"2295","23","66"
"2295","24","6"
"2296","23","66"
"2296","24","6"
"2297","23","66"
"2297","24","6"
"2298","23","66"
"2298","24","6"
"2299","23","66"
"2299","24","6"
"2300","23","66"
"2300","24","6"
"2301","23","66"
"2301","24","6"
"2302","23","66"
"2302","24","6"
"2303","23","66"
"2303","24","6"
"2304","23","66"
"2304","24","6"
"2305","23","66"
"2305","24","6"
"2306","23","66"
"2306","24","6"
"2307","23","66"
"2307","24","6"
"2308","23","66"
"2308","24","6"
"2309","23","66"
"2309","24","6"
"2310","23","66"
"2310","24","6"
"2311","23","66"
"2311","24","6"
"2312","23","66"
"2312","24","6"
"2313","23","66"
"2313","24","6"
"2314","23","66"
"2314","24","6"
"2315","23","66"
"2315","24","6"
"2316","23","66"
"2316","24","6"
"2317","23","66"
"2317","24","6"
"2318","23","66"
"2318","24","8"
"2319","23","66"
"2319","24","6"
"2320","23","66"
"2320","24","6"
"2321","23","66"
"2321","24","6"
"2322","23","66"
"2322","24","8"
"2323","23","66"
"2323","24","8"
"2324","23","66"
"2324","24","8"
"2325","23","66"
"2325","24","10"
"2326","23","66"
"2326","24","10"
"2327","23","66"
"2327","24","10"
"2328","23","67"
"2329","23","67"
"2330","23","67"
"2331","23","67"
"2332","23","67"
"2333","23","67"
"2334","23","67"
"2335","23","67"
"2336","23","67"
"2337","23","67"
"2338","23","67"
"2339","23","67"
"2340","23","67"
"2341","23","67"
"2342","23","67"
"2343","23","67"
"2344","23","67"
"2345","23","67"
"2346","23","67"
"2347","23","67"
"2348","23","67"
"2349","23","67"
"2350","23","67"
"2351","23","67"
"2352","23","67"
"2353","23","67"
"2354","23","66"
"2354","24","10"
"2355","23","66"
"2355","24","10"
"2356","23","66"
"2356","24","10"
"2357","23","66"
"2357","24","9"
"2358","23","66"
"2358","24","9"
"2359","23","66"
"2359","24","9"
"2360","23","66"
"2360","24","9"
"2361","23","66"
"2361","24","9"
"2362","23","66"
"2362","24","9"
"2363","23","66"
"2363","24","10"
"2364","23","66"
"2364","24","10"
"2365","23","66"
"2365","24","10"
"2366","23","67"
"2367","23","67"
"2368","23","67"
"2369","23","67"
"2370","23","67"
"2371","23","67"
"2372","23","67"
"2373","23","67"
"2374","23","67"
"2375","23","67"
"2376","23","67"
"2377","23","67"
"2378","23","67"
"2379","23","67"
"2379","24","2"
"2380","23","67"
"2380","24","2"
"2381","23","67"
"2381","24","2"
"2382","23","67"
"2383","23","67"
"2384","23","67"
"2385","23","67"
"2386","23","67"
"2387","23","67"
"2388","23","67"
"2389","23","67"
"2390","23","67"
"2391","23","67"
"2392","23","67"
"2393","23","67"
"2394","23","67"
"2395","23","67"
"2396","23","67"
"2397","23","67"
"2398","23","67"
"2399","23","67"
"2400","23","67"
"2401","23","67"
"2402","23","67"
"2403","23","67"
"2404","23","67"
"2405","23","67"
"2406","23","67"
"2407","23","67"
"2408","23","67"
"2409","23","67"
"2410","23","67"
"2411","23","67"
"2412","23","67"
"2413","23","67"
"2414","23","67"
"2415","23","67"
"2416","23","67"
"2417","23","67"
"2418","23","67"
"2419","23","67"
"2420","23","67"
"2421","23","67"
"2422","23","67"
"2423","23","67"
"2424","23","67"
"2425","23","67"
"2426","23","67"
"2427","23","66"
"2427","24","10"
"2428","23","66"
"2428","24","10"
"2429","23","66"
"2429","24","10"
"2430","23","66"
"2430","24","10"
"2431","23","66"
"2431","24","10"
"2432","23","66"
"2432","24","10"
"2433","23","66"
"2433","24","10"
"2434","23","66"
"2434","24","10"
"2435","23","66"
"2435","24","10"
"2436","23","66"
"2436","24","10"
"2437","23","66"
"2437","24","8"
"2438","23","66"
"2438","24","8"
"2439","23","66"
"2439","24","8"
"2440","23","66"
"2440","24","8"
"2441","23","66"
"2441","24","8"
"2442","23","66"
"2442","24","8"
"2443","23","66"
"2443","24","8"
"2444","23","66"
"2444","24","8"
"2445","23","66"
"2445","24","8"
"2446","23","66"
"2446","24","10"
"2447","23","66"
"2447","24","10"
"2448","23","66"
"2448","24","9"
"2449","23","66"
"2449","24","8"
"2450","23","66"
"2450","24","8"
"2451","23","66"
"2451","24","8"
"2452","23","66"
"2452","24","8"
"2453","23","66"
"2453","24","8"
"2454","23","66"
"2454","24","8"
"2455","23","66"
"2455","24","8"
"2456","23","66"
"2456","24","8"
"2457","23","66"
"2457","24","8"
"2458","23","66"
"2458","24","8"
"2459","23","66"
"2459","24","8"
"2460","23","66"
"2460","24","8"
"2461","23","66"
"2461","24","10"
"2462","23","66"
"2462","24","10"
"2463","23","66"
"2463","24","10"
"2464","23","66"
"2464","24","10"
"2465","23","66"
"2465","24","10"
"2466","23","66"
"2466","24","10"
"2467","23","66"
"2467","24","10"
"2468","23","66"
"2468","24","10"
"2469","23","66"
"2469","24","10"
"2470","23","66"
"2470","24","10"
"2471","23","66"
"2471","24","10"
"2472","23","66"
"2472","24","10"
"2473","23","66"
"2473","24","10"
"2474","23","66"
"2474","24","10"
"2475","23","66"
"2475","24","10"
"2476","23","66"
"2476","24","10"
"2477","23","66"
"2477","24","10"
"2478","23","66"
"2478","24","10"
"2479","23","66"
"2479","24","10"
"2480","23","66"
"2480","24","10"
"2481","23","66"
"2481","24","10"
"2482","23","66"
"2482","24","10"
"2483","23","66"
"2483","24","10"
"2484","23","66"
"2484","24","10"
"2485","23","66"
"2485","24","10"
"2486","23","66"
"2486","24","10"
"2487","23","66"
"2487","24","10"
"2488","23","66"
"2488","24","10"
"2489","23","66"
"2489","24","10"
"2490","23","66"
"2490","24","10"
"2491","23","66"
"2491","24","10"
"2492","23","66"
"2492","24","10"
"2493","23","66"
"2493","24","10"
"2494","23","66"
"2494","24","10"
"2495","23","66"
"2495","24","10"
"2496","23","66"
"2496","24","10"
"2497","23","66"
"2497","24","8"
"2498","23","66"
"2498","24","8"
"2499","23","66"
"2499","24","8"
"2500","23","66"
"2500","24","6"
"2501","23","66"
"2501","24","6"
"2502","23","66"
"2502","24","8"
"2503","23","66"
"2503","24","8"
"2504","23","66"
"2505","23","66"
"2506","23","66"
"2507","23","66"
"2507","24","2"
"2508","23","66"
"2508","24","2"
"2509","23","66"
"2509","24","2"
"2510","23","66"
"2510","24","2"
"2511","23","66"
"2511","24","3"
"2512","23","66"
"2512","24","4"
"2513","23","66"
"2513","24","4"
"2514","23","66"
"2514","24","4"
"2515","23","66"
"2515","24","4"
"2516","23","66"
"2516","24","4"
"2517","23","66"
"2517","24","4"
"2518","23","66"
"2518","24","4"
"2519","23","66"
"2519","24","4"
"2520","23","66"
"2520","24","4"
"2521","23","66"
"2521","24","4"
"2522","23","66"
"2522","24","4"
"2523","23","66"
"2523","24","4"
"2524","23","66"
"2524","24","6"
"2525","23","66"
"2525","24","6"
"2526","23","66"
"2526","24","6"
"2527","23","66"
"2527","24","6"
"2528","23","66"
"2528","24","6"
"2529","23","66"
"2529","24","6"
"2530","23","66"
"2530","24","6"
"2531","23","66"
"2531","24","6"
"2532","23","66"
"2532","24","6"
"2533","23","66"
"2533","24","6"
"2534","23","66"
"2534","24","6"
"2535","23","66"
"2535","24","6"
"2536","23","66"
"2536","24","6"
"2537","23","66"
"2537","24","6"
"2538","23","66"
"2538","24","6"
"2539","23","66"
"2539","24","6"
"2540","23","66"
"2540","24","6"
"2541","23","66"
"2541","24","6"
"2542","23","66"
"2542","24","6"
"2543","23","66"
"2543","24","6"
"2544","23","66"
"2544","24","6"
"2545","23","66"
"2545","24","6"
"2546","23","66"
"2546","24","6"
"2547","23","66"
"2547","24","6"
"2548","23","66"
"2548","24","6"
"2549","23","66"
"2549","24","6"
"2550","23","66"
"2550","24","6"
"2551","23","66"
"2551","24","6"
"2552","23","66"
"2552","24","6"
"2553","23","66"
"2553","24","6"
"2554","23","66"
"2554","24","6"
"2555","23","66"
"2555","24","6"
"2556","23","66"
"2556","24","6"
"2557","23","66"
"2557","24","6"
"2558","23","66"
"2558","24","6"
"2559","23","66"
"2559","24","6"
"2560","23","66"
"2560","24","6"
"2561","23","66"
"2561","24","6"
"2562","23","66"
"2562","24","6"
"2563","23","66"
"2563","24","6"
"2564","23","66"
"2564","24","6"
"2565","23","66"
"2565","24","6"
"2566","23","66"
"2566","24","6"
"2567","23","66"
"2567","24","6"
"2568","23","66"
"2568","24","6"
"2569","23","66"
"2569","24","6"
"2570","23","66"
"2570","24","6"
"2571","23","66"
"2571","24","6"
"2572","23","66"
"2572","24","6"
"2573","23","66"
"2573","24","6"
"2574","23","66"
"2574","24","6"
"2575","23","66"
"2575","24","6"
"2576","23","66"
"2576","24","6"
"2577","23","66"
"2577","24","6"
"2578","23","66"
"2578","24","6"
"2579","23","66"
"2579","24","6"
"2580","23","66"
"2580","24","6"
"2581","23","66"
"2581","24","6"
"2582","23","66"
"2582","24","6"
"2583","23","66"
"2583","24","6"
"2584","23","66"
"2584","24","6"
"2585","23","66"
"2585","24","6"
"2586","23","66"
"2586","24","8"
"2587","23","66"
"2587","24","8"
"2588","23","66"
"2588","24","8"
"2589","23","66"
"2589","24","8"
"2590","23","66"
"2590","24","8"
"2591","23","66"
"2591","24","8"
"2592","23","66"
"2592","24","8"
"2593","23","66"
"2593","24","8"
"2594","23","66"
"2594","24","8"
"2595","23","66"
"2595","24","8"
"2596","23","66"
"2596","24","8"
"2597","23","66"
"2597","24","8"
"2598","23","66"
"2598","24","8"
"2599","23","66"
"2599","24","8"
"2600","23","66"
"2600","24","8"
"2601","23","66"
"2601","24","8"
"2602","23","66"
"2602","24","8"
"2603","23","66"
"2603","24","8"
"2604","23","66"
"2604","24","8"
"2605","23","66"
"2605","24","10"
"2606","23","66"
"2606","24","10"
"2607","23","66"
"2607","24","9"
"2608","23","66"
"2608","24","9"
"2609","23","66"
"2609","24","8"
"2610","23","66"
"2610","24","8"
"2611","23","66"
"2611","24","6"
"2612","23","66"
"2612","24","6"
"2613","23","66"
"2613","24","4"
"2614","23","66"
"2614","24","2"
"2615","23","66"
"2616","23","66"
"2617","23","66"
"2618","23","66"
"2619","23","66"
"2620","23","66"
"2620","24","6"
"2621","23","66"
"2621","24","6"
"2622","23","66"
"2622","24","8"
"2623","23","66"
"2623","24","8"
"2624","23","66"
"2624","24","8"
"2625","23","66"
"2625","24","8"
"2626","23","66"
"2626","24","8"
"2627","23","66"
"2627","24","8"
"2628","23","66"
"2628","24","8"
"2629","23","66"
"2629","24","8"
"2630","23","66"
"2630","24","8"
"2631","23","66"
"2631","24","8"
"2632","23","66"
"2632","24","8"
"2633","23","66"
"2633","24","8"
"2634","23","66"
"2634","24","8"
"2635","23","66"
"2635","24","8"
"2636","23","66"
"2636","24","8"
"2637","23","66"
"2637","24","8"
"2638","23","66"
"2638","24","8"
"2639","23","66"
"2639","24","8"
"2640","23","66"
"2640","24","8"
"2641","23","66"
"2641","24","8"
"2642","23","66"
"2642","24","8"
"2643","23","66"
"2643","24","8"
"2644","23","66"
"2644","24","8"
"2645","23","66"
"2645","24","8"
"2646","23","66"
"2646","24","8"
"2647","23","66"
"2647","24","8"
"2648","23","66"
"2648","24","8"
"2649","23","66"
"2649","24","8"
"2650","23","66"
"2650","24","8"
"2651","23","66"
"2651","24","8"
"2652","23","66"
"2652","24","8"
"2653","23","66"
"2653","24","8"
"2654","23","66"
"2654","24","8"
"2655","23","66"
"2655","24","8"
"2656","23","66"
"2656","24","8"
"2657","23","66"
"2657","24","8"
"2658","23","66"
"2658","24","8"
"2659","23","66"
"2659","24","8"
"2660","23","66"
"2660","24","8"
"2661","23","66"
"2661","24","8"
"2662","23","66"
"2662","24","8"
"2663","23","66"
"2663","24","8"
"2664","23","66"
"2664","24","8"
"2665","23","66"
"2665","24","8"
"2666","23","66"
"2666","24","8"
"2667","23","66"
"2667","24","8"
"2668","23","66"
"2668","24","8"
"2669","23","66"
"2669","24","8"
"2670","23","66"
"2670","24","8"
"2671","23","66"
"2671","24","8"
"2672","23","66"
"2672","24","8"
"2673","23","66"
"2673","24","8"
"2674","23","66"
"2674","24","8"
"2675","23","66"
"2675","24","8"
"2676","23","66"
"2676","24","8"
"2677","23","66"
"2677","24","8"
"2678","23","66"
"2678","24","8"
"2679","23","66"
"2679","24","8"
"2680","23","66"
"2680","24","8"
"2681","23","66"
"2681","24","8"
"2682","23","66"
"2682","24","8"
"2683","23","66"
"2683","24","8"
"2684","23","66"
"2684","24","8"
"2685","23","66"
"2685","24","8"
"2686","23","66"
"2686","24","8"
"2687","23","66"
"2687","24","8"
"2688","23","66"
"2688","24","8"
"2689","23","66"
"2689","24","8"
"2690","23","66"
"2690","24","8"
"2691","23","66"
"2691","24","8"
"2692","23","66"
"2692","24","6"
"2693","23","66"
"2693","24","6"
"2694","23","66"
"2694","24","6"
"2695","23","66"
"2695","24","6"
"2696","23","66"
"2696","24","6"
"2697","23","66"
"2697","24","6"
"2698","23","66"
"2698","24","6"
"2699","23","66"
"2699","24","6"
"2700","23","66"
"2701","23","66"
"2702","23","66"
"2703","23","66"
"2704","23","66"
"2705","23","66"
"2706","23","66"
"2707","23","66"
"2708","23","66"
"2709","23","66"
"2710","23","66"
"2711","23","66"
"2712","23","66"
"2713","23","66"
"2714","23","66"
"2715","23","66"
"2716","23","66"
"2717","23","66"
"2718","23","66"
"2719","23","66"
"2720","23","66"
"2721","23","66"
"2722","23","66"
"2723","23","66"
"2724","23","66"
"2725","23","66"
"2726","23","66"
"2727","23","66"
"2728","23","65"
"2729","23","65"
"2730","23","65"
"2730","24","8"
"2731","23","65"
"2731","24","8"
"2732","23","65"
"2732","24","6"
"2733","23","65"
"2733","24","4"
"2734","23","65"
"2735","23","65"
"2735","24","3"
"2736","23","65"
"2736","24","2"
"2737","23","65"
"2737","24","2"
"2738","23","65"
"2738","24","2"
"2739","23","65"
"2739","24","2"
"2740","23","65"
"2740","24","2"
"2741","23","65"
"2741","24","2"
"2742","23","65"
"2742","24","2"
"2743","23","65"
"2744","23","65"
"2744","24","6"
"2745","23","63"
"2746","23","64"
"2747","23","63"
"2748","23","63"
"2749","23","63"
"2750","23","63"
"2751","23","63"
"2752","23","63"
"2752","24","3"
"2753","23","64"
"2754","23","64"
"2755","23","64"
"2756","23","64"
"2757","23","64"
"2758","23","64"
"2759","23","64"
"2760","23","64"
"2761","23","64"
"2762","23","64"
"2763","23","64"
"2764","23","64"
"2765","23","64"
"2766","23","64"
"2767","23","64"
"2768","23","64"
"2769","23","64"
"2770","23","64"
"2771","23","64"
"2772","23","64"
"2773","23","64"
"2774","23","64"
"2775","23","64"
"2776","23","64"
"2777","23","64"
"2778","23","64"
"2779","23","63"
"2779","24","10"
"2780","23","63"
"2780","24","10"
"2781","23","63"
"2781","24","10"
"2782","23","63"
"2782","24","10"
"2783","23","64"
"2784","23","64"
"2785","23","64"
"2786","23","63"
"2786","24","8"
"2787","23","64"
"2788","23","63"
"2788","24","10"
"2789","23","64"
"2790","23","63"
"2791","23","63"
"2792","23","63"
"2793","23","63"
"2794","23","63"
"2795","23","63"
"2796","23","63"
"2797","23","63"
"2798","23","64"
"2799","23","63"
"2800","23","63"
"2800","24","6"
"2801","23","63"
"2802","23","63"
"2802","24","6"
"2803","23","64"
"2804","23","67"
"2805","23","64"
"2806","23","64"
"2807","23","64"
"2808","23","64"
"2809","23","64"
"2810","23","64"
"2811","23","64"
"2812","23","64"
"2813","23","64"
"2814","23","64"
"2815","23","64"
"2816","23","64"
"2817","23","64"
"2818","23","64"
"2819","23","64"
"2820","23","64"
"2821","23","64"
"2822","23","64"
"2823","23","64"
"2824","23","64"
"2825","23","64"
"2826","23","64"
"2827","23","64"
"2828","23","64"
"2829","23","64"
"2830","23","64"
"2830","24","4"
"2831","23","64"
"2831","24","6"
"2832","23","65"
"2833","23","62"
"2833","24","7"
"2834","23","65"
"2835","23","63"
"2836","23","63"
"2837","23","63"
"2838","23","63"
"2838","24","6"
"2839","23","63"
"2839","24","8"
"2840","23","62"
"2840","24","10"
"2841","23","62"
"2841","24","10"
"2842","23","63"
"2842","24","6"
"2843","23","63"
"2843","24","4"
"2844","23","63"
"2844","24","2"
"2845","23","63"
"2845","24","6"
"2846","23","63"
"2846","24","6"
"2847","23","63"
"2847","24","8"
"2848","23","63"
"2848","24","6"
"2849","23","63"
"2849","24","8"
"2850","23","62"
"2850","24","10"
"2851","23","62"
"2851","24","10"
"2852","23","62"
"2852","24","10"
"2853","23","62"
"2853","24","10"
"2854","23","62"
"2854","24","10"
"2855","23","63"
"2855","24","10"
"2856","23","63"
"2856","24","6"
"2857","23","63"
"2857","24","6"
"2858","23","63"
"2858","24","6"
"2859","23","63"
"2859","24","6"
"2860","23","63"
"2860","24","6"
"2861","23","63"
"2861","24","6"
"2862","23","63"
"2862","24","8"
"2863","23","63"
"2863","24","8"
"2864","23","63"
"2864","24","8"
"2865","23","63"
"2865","24","10"
"2866","23","63"
"2866","24","10"
"2867","23","63"
"2867","24","10"
"2868","23","63"
"2868","24","8"
"2869","23","63"
"2869","24","8"
"2870","23","62"
"2870","24","10"
"2871","23","62"
"2871","24","10"
"2872","23","63"
"2872","24","9"
"2873","23","63"
"2873","24","8"
"2874","23","63"
"2874","24","8"
"2875","23","63"
"2875","24","8"
"2876","23","63"
"2876","24","8"
"2877","23","63"
"2877","24","8"
"2878","23","63"
"2878","24","8"
"2879","23","63"
"2879","24","8"
"2880","23","63"
"2880","24","6"
"2881","23","63"
"2881","24","6"
"2882","23","63"
"2883","23","63"
"2884","23","63"
"2885","23","63"
"2886","23","63"
"2887","23","63"
"2888","23","62"
"2888","24","8"
"2889","23","62"
"2889","24","8"
"2890","23","62"
"2890","24","7"
"2891","23","62"
"2891","24","6"
"2892","23","62"
"2892","24","6"
"2893","23","62"
"2893","24","6"
"2894","23","62"
"2894","24","6"
"2895","23","62"
"2895","24","6"
"2896","23","62"
"2896","24","6"
"2897","23","62"
"2897","24","10"
"2898","23","62"
"2898","24","6"
"2899","23","62"
"2899","24","6"
"2900","23","62"
"2900","24","6"
"2901","23","62"
"2901","24","6"
"2902","23","62"
"2902","24","6"
"2903","23","62"
"2903","24","8"
"2904","23","62"
"2904","24","8"
"2905","23","62"
"2905","24","8"
"2906","23","62"
"2906","24","8"
"2907","23","62"
"2907","24","8"
"2908","23","62"
"2908","24","8"
"2909","23","62"
"2909","24","10"
"2910","23","63"
"2911","23","63"
"2912","23","63"
"2912","24","4"
"2913","23","63"
"2913","24","4"
"2914","23","63"
"2914","24","6"
"2915","23","63"
"2915","24","6"
"2916","23","63"
"2916","24","6"
"2917","23","63"
"2917","24","4"
"2918","23","63"
"2918","24","4"
"2919","23","63"
"2919","24","4"
"2920","23","63"
"2920","24","4"
"2921","23","63"
"2921","24","4"
"2922","23","63"
"2922","24","4"
"2923","23","63"
"2923","24","4"
"2924","23","63"
"2924","24","4"
"2925","23","63"
"2925","24","4"
"2926","23","63"
"2926","24","4"
"2927","23","63"
"2927","24","4"
"2928","23","63"
"2928","24","4"
"2929","23","63"
"2929","24","4"
"2930","23","63"
"2930","24","4"
"2931","23","63"
"2931","24","4"
"2932","23","63"
"2933","23","63"
"2934","23","63"
"2935","23","63"
"2936","23","63"
"2937","23","63"
"2938","23","62"
"2938","24","6"
"2939","23","61"
"2939","24","6"
"2940","23","61"
"2940","24","6"
"2941","23","61"
"2941","24","6"
"2942","23","61"
"2942","24","6"
"2943","23","61"
"2943","24","6"
"2944","23","61"
"2944","24","6"
"2945","23","61"
"2945","24","6"
"2946","23","61"
"2946","24","6"
"2947","23","61"
"2947","24","6"
"2948","23","61"
"2948","24","6"
"2949","23","61"
"2949","24","6"
"2950","23","61"
"2950","24","6"
"2951","23","62"
"2952","23","62"
"2953","23","62"
"2954","23","62"
"2955","23","62"
"2956","23","62"
"2957","23","62"
"2958","23","62"
"2959","23","61"
"2959","24","6"
"2960","23","61"
"2960","24","6"
"2961","23","61"
"2961","24","6"
"2962","23","61"
"2962","24","6"
"2963","23","61"
"2963","24","6"
"2964","23","61"
"2964","24","6"
"2965","23","61"
"2965","24","6"
"2966","23","61"
"2966","24","6"
"2967","23","61"
"2967","24","6"
"2968","23","61"
"2968","24","6"
"2969","23","61"
"2969","24","6"
"2970","23","61"
"2970","24","6"
"2971","23","61"
"2971","24","6"
"2972","23","61"
"2972","24","6"
"2973","23","61"
"2973","24","6"
"2974","23","61"
"2974","24","6"
"2975","23","61"
"2975","24","6"
"2976","23","61"
"2976","24","6"
"2977","23","61"
"2978","23","61"
"2979","23","61"
"2980","23","61"
"2981","23","61"
"2982","23","61"
"2983","23","61"
"2984","23","61"
"2985","23","61"
"2986","23","61"
"2987","23","61"
"2988","23","61"
"2989","23","61"
"2989","24","4"
"2990","23","61"
"2990","24","4"
"2991","23","61"
"2991","24","4"
"2992","23","61"
"2993","23","61"
"2994","23","61"
"2995","23","61"
"2996","23","60"
"2996","24","6"
"2997","23","60"
"2997","24","6"
"2998","23","60"
"2999","23","60"
"3000","23","60"
"3001","23","60"
"3002","23","60"
"3003","23","60"
"3004","23","59"
"3005","23","59"
"3006","23","59"
"3007","23","59"
"3007","24","6"
"3008","23","59"
"3008","24","6"
"3009","23","60"
"3010","23","60"
"3011","23","60"
"3012","23","60"
"3013","23","60"
"3014","23","60"
"3015","23","60"
"3016","23","60"
"3017","23","60"
"3018","23","60"
"3019","23","60"
"3020","23","60"
"3021","23","60"
"3022","23","60"
"3023","23","59"
"3024","23","59"
"3025","23","59"
"3026","23","59"
"3027","23","59"
"3028","23","59"
"3029","23","59"
"3030","23","59"
"3031","23","59"
"3032","23","59"
"3033","23","59"
"3034","23","59"
"3035","23","59"
"3036","23","59"
"3037","23","59"
"3038","23","58"
"3039","23","58"
"3040","23","58"
"3041","23","59"
"3042","23","59"
"3042","24","6"
"3043","23","60"
"3044","23","60"
"3045","23","60"
"3046","23","60"
"3047","23","60"
"3048","23","60"
"3049","23","60"
"3050","23","60"
"3051","23","60"
"3052","23","60"
"3053","23","60"
"3054","23","60"
"3055","23","60"
"3056","23","60"
"3057","23","60"
"3058","23","60"
"3059","23","60"
"3060","23","60"
"3061","23","60"
"3062","23","59"
"3062","24","7"
"3063","23","59"
"3063","24","7"
"3064","23","59"
"3064","24","7"
"3065","23","59"
"3065","24","7"
"3066","23","59"
"3067","23","58"
"3068","23","58"
"3069","23","58"
"3070","23","58"
"3071","23","58"
"3072","23","58"
"3073","23","58"
"3074","23","58"
"3075","23","58"
"3076","23","58"
"3077","23","58"
"3078","23","58"
"3079","23","58"
"3079","24","6"
"3080","23","58"
"3081","23","58"
"3082","23","58"
"3083","23","58"
"3084","23","58"
"3085","23","58"
"3086","23","58"
"3087","23","58"
"3088","23","58"
"3089","23","58"
"3090","23","58"
"3091","23","58"
"3092","23","58"
"3093","23","58"
"3094","23","58"
"3095","23","58"
"3096","23","58"
"3097","23","58"
"3098","23","58"
"3099","23","58"
"3100","23","58"
"3101","23","58"
"3102","23","58"
"3103","23","58"
"3104","23","58"
"3105","23","58"
"3106","23","58"
"3107","23","58"
"3108","23","58"
"3109","23","58"
"3110","23","58"
"3111","23","58"
"3112","23","58"
"3113","23","58"
"3114","23","58"
"3115","23","58"
"3116","23","58"
"3117","23","58"
"3118","23","58"
"3119","23","58"
"3120","23","58"
"3120","24","6"
"3121","23","58"
"3121","24","6"
"3122","23","58"
"3122","24","6"
"3123","23","58"
"3123","24","6"
"3124","23","58"
"3124","24","6"
"3125","23","58"
"3125","24","6"
"3126","23","58"
"3126","24","6"
"3127","23","58"
"3127","24","6"
"3128","23","58"
"3128","24","8"
"3129","23","58"
"3129","24","8"
"3130","23","58"
"3130","24","8"
"3131","23","59"
"3132","23","59"
"3133","23","60"
"3134","23","60"
"3135","23","60"
"3136","23","60"
"3137","23","60"
"3138","23","60"
"3139","23","60"
"3140","23","60"
"3141","23","60"
"3142","23","60"
"3143","23","60"
"3144","23","60"
"3145","23","60"
"3146","23","60"
"3147","23","60"
"3148","23","60"
"3149","23","60"
"3150","23","60"
"3151","23","60"
"3152","23","60"
"3153","23","60"
"3154","23","60"
"3155","23","60"
"3155","24","6"
"3156","23","60"
"3156","24","6"
"3157","23","60"
"3157","24","6"
"3158","23","60"
"3158","24","6"
"3159","23","60"
"3159","24","6"
"3160","23","60"
"3160","24","8"
"3161","23","60"
"3161","24","8"
"3162","23","60"
"3162","24","8"
"3163","23","60"
"3163","24","8"
"3164","23","60"
"3164","24","8"
"3165","23","60"
"3165","24","6"
"3166","23","60"
"3167","23","60"
"3168","23","60"
"3169","23","60"
"3170","23","60"
"3171","23","59"
"3172","23","58"
"3172","24","6"
"3173","23","58"
"3173","24","6"
"3174","23","58"
"3174","24","6"
"3175","23","58"
"3175","24","6"
"3176","23","58"
"3177","23","58"
"3178","23","56"
"3179","23","56"
"3180","23","56"
"3181","23","56"
"3182","23","56"
"3183","23","56"
"3184","23","56"
"3185","23","56"
"3186","23","56"
"3187","23","56"
"3188","23","56"
"3189","23","56"
"3190","23","56"
"3191","23","58"
"3192","23","56"
"3192","24","6"
"3193","23","57"
"3194","23","58"
"3195","23","58"
"3196","23","58"
"3197","23","58"
"3198","23","58"
"3199","23","58"
"3200","23","58"
"3201","23","58"
"3202","23","58"
"3203","23","58"
"3204","23","58"
"3205","23","58"
"3206","23","58"
"3207","23","58"
"3208","23","58"
"3209","23","58"
"3210","23","58"
"3211","23","58"
"3212","23","58"
"3213","23","58"
"3214","23","58"
"3215","23","58"
"3216","23","58"
"3217","23","59"
"3218","23","59"
"3219","23","59"
"3220","23","59"
"3221","23","59"
"3222","23","59"
"3223","23","59"
"3224","23","59"
"3225","23","59"
"3226","23","59"
"3227","23","59"
"3228","23","59"
"3229","23","59"
"3230","23","59"
"3231","23","59"
"3232","23","59"
"3233","23","59"
"3234","23","59"
"3235","23","60"
"3236","23","60"
"3237","23","60"
"3238","23","60"
"3239","23","60"
"3240","23","60"
"3241","23","60"
"3242","23","60"
"3243","23","60"
"3244","23","60"
"9257","23","60"
"9258","23","60"
"9259","23","60"
"9260","23","61"
"9261","23","61"
"9262","23","60"
"9263","23","60"
"9264","23","60"
"9265","23","60"
"9266","23","60"
"9267","23","60"
"9268","23","60"
"9269","23","60"
"9270","23","60"
"9271","23","60"
"9272","23","60"
"9273","23","60"
"9274","23","60"
"9275","23","60"
"9276","23","60"
"9277","23","60"
"9278","23","60"
"9279","23","60"
"9280","23","60"
"9281","23","60"
"9282","23","60"
"9283","23","60"
"9284","23","60"
"9285","23","60"
"9286","23","60"
"9287","23","60"
"9288","23","60"
"9289","23","60"
"9290","23","60"
"9291","23","60"
"9292","23","60"
"9292","24","6"
"9293","23","60"
"9293","24","6"
"9294","23","60"
"9294","24","6"
"9295","23","60"
"9295","24","6"
"9296","23","60"
"9296","24","6"
"9297","23","60"
"9297","24","6"
"9298","23","60"
"9298","24","6"
"9299","23","60"
"9299","24","6"
"9300","23","60"
"9300","24","6"
"9301","23","60"
"9301","24","6"
"9302","23","60"
"9302","24","6"
"9303","23","60"
"9303","24","6"
"9304","23","60"
"9304","24","6"
"9305","23","60"
"9305","24","6"
"9306","23","60"
"9306","24","6"
"9307","23","60"
"9307","24","6"
"9308","23","60"
"9308","24","6"
"9309","23","60"
"9309","24","6"
"9310","23","60"
"9310","24","6"
"9311","23","60"
"9311","24","6"
"9312","23","60"
"9312","24","6"
"9313","23","60"
"9313","24","6"
"9314","23","60"
"9315","23","60"
"9315","24","6"
"9316","23","60"
"9316","24","6"
"9317","23","60"
"9318","23","60"
"9319","23","60"
"9320","23","60"
"9321","23","60"
"9322","23","60"
"9323","23","60"
"9324","23","60"
"9325","23","60"
"9326","23","60"
"9327","23","60"
"9328","23","60"
"9329","23","60"
"9330","23","60"
"9331","23","60"
"9332","23","60"
"9333","23","60"
"9334","23","60"
"9335","23","60"
"9336","23","60"
"9337","23","60"
"9338","23","60"
"9339","23","60"
"9340","23","60"
"9341","23","60"
"9342","23","60"
"9343","23","60"
"9344","23","60"
"9345","23","60"
"9346","23","60"
"9347","23","60"
"9348","23","60"
"9349","23","60"
"9350","23","60"
"9351","23","60"
"9352","23","60"
"9353","23","60"
"9354","23","60"
"9355","23","60"
"9356","23","60"
"9357","23","60"
"9358","23","60"
"9359","23","60"
"9360","23","60"
"9361","23","60"
"9362","23","60"
"9363","23","60"
"9364","23","61"
"9365","23","60"
"9365","24","6"
"9366","23","60"
"9366","24","6"
"9367","23","60"
"9367","24","6"
"9368","23","60"
"9368","24","6"
"9369","23","61"
"9370","23","61"
"9371","23","61"
"9372","23","61"
"9373","23","61"
"9373","24","6"
"9374","23","61"
"9375","23","61"
"9376","23","61"
"9377","23","61"
"9378","23","61"
"9379","23","61"
"9380","23","61"
"9381","23","61"
"9382","23","61"
"9383","23","61"
"9384","23","61"
"9385","23","60"
"9385","24","6"
"9386","23","60"
"9386","24","6"
"9387","23","60"
"9387","24","6"
"9388","23","60"
"9389","23","60"
"9390","23","60"
"9391","23","60"
"9392","23","60"
"9393","23","60"
"9394","23","60"
"9394","24","6"
"9395","23","60"
"9396","23","60"
"9397","23","60"
"9398","23","60"
"9399","23","60"
"9400","23","60"
"9401","23","60"
"9402","23","60"
"9403","23","60"
"9403","24","6"
"9404","23","60"
"9405","23","60"
"9405","24","6"
"9406","23","60"
"9406","24","6"
"9407","23","60"
"9407","24","6"
"9408","23","61"
"9408","24","6"
"9409","23","60"
"9409","24","6"
"9410","23","60"
"9410","24","6"
"9411","23","60"
"9411","24","6"
"9412","23","60"
"9412","24","6"
"9413","23","60"
"9413","24","6"
"9414","23","60"
"9415","23","60"
"9416","23","60"
"9417","23","60"
"9418","23","60"
"9419","23","60"
"9420","23","60"
"9421","23","60"
"9422","23","60"
"9423","23","60"
"9424","23","60"
"9425","23","60"
"9426","23","60"
"9427","23","60"
"9428","23","60"
"9429","23","60"
"9430","23","60"
"9431","23","60"
"9432","23","60"
"9433","23","60"
"9434","23","60"
"9435","23","60"
"9436","23","60"
"9437","23","60"
"9438","23","60"
"9439","23","60"
"9440","23","60"
"9441","23","60"
"9442","23","60"
"9443","23","60"
"9444","23","60"
"9445","23","60"
"9446","23","60"
"9447","23","60"
"9447","24","6"
"9448","23","60"
"9448","24","6"
"9449","23","60"
"9449","24","6"
"9450","23","60"
"9450","24","6"
"9451","23","60"
"9451","24","6"
"9452","23","60"
"9452","24","6"
"9453","23","60"
"9453","24","6"
"9454","23","60"
"9454","24","6"
"9455","23","60"
"9455","24","6"
"9456","23","61"
"9457","23","61"
"9458","23","61"
"9459","23","60"
"9459","24","6"
"9460","23","60"
"9460","24","6"
"9461","23","60"
"9461","24","6"
"9462","23","60"
"9462","24","8"
"9463","23","60"
"9463","24","8"
"9464","23","60"
"9464","24","8"
"9465","23","60"
"9465","24","8"
"9466","23","60"
"9466","24","8"
"9467","23","61"
"9468","23","61"
"9469","23","61"
"9470","23","61"
"9471","23","61"
"9472","23","61"
"9473","23","61"
"9474","23","61"
"9475","23","61"
"9476","23","61"
"9477","23","60"
"9477","24","8"
"9478","23","60"
"9478","24","8"
"9479","23","60"
"9479","24","8"
"9480","23","60"
"9480","24","8"
"9481","23","60"
"9482","23","60"
"9483","23","60"
"9484","23","60"
"9485","23","60"
"9486","23","60"
"9487","23","60"
"9488","23","60"
"9489","23","60"
"9490","23","60"
"9491","23","60"
"9492","23","60"
"9493","23","60"
"9494","23","60"
"9495","23","60"
"9496","23","60"
"9497","23","60"
"9498","23","60"
"9499","23","60"
"9500","23","60"
"9501","23","60"
"9502","23","60"
"9503","23","60"
"9504","23","60"
"9505","23","60"
"9506","24","4"
"9506","23","60"
"9507","24","4"
"9507","23","60"
"9508","24","6"
"9508","23","60"
"9509","24","4"
"9509","23","60"
"9510","24","4"
"9510","23","60"
"9511","24","5"
"9511","23","60"
"9512","24","5"
"9512","23","60"
"9513","24","5"
"9513","23","60"
"9514","24","5"
"9514","23","60"
"9515","24","6"
"9515","23","60"
"9516","24","6"
"9516","23","60"
"9517","24","6"
"9517","23","60"
"9518","24","6"
"9518","23","60"
"9519","24","6"
"9519","23","60"
"9520","24","6"
"9520","23","60"
"9521","24","6"
"9521","23","60"
"9522","24","6"
"9522","23","60"
"9523","24","4"
"9523","23","60"
"9524","24","4"
"9524","23","60"
"9525","24","4"
"9525","23","60"
"9526","24","4"
"9526","23","60"
"9527","24","4"
"9527","23","60"
"9528","24","4"
"9528","23","60"
"9529","24","4"
"9529","23","60"
"9530","24","4"
"9530","23","60"
"9531","24","4"
"9531","23","60"
"9532","24","4"
"9532","23","60"
"9533","24","3"
"9533","23","60"
"9534","24","3"
"9534","23","60"
"9535","24","3"
"9535","23","60"
"9536","24","3"
"9536","23","60"
"9537","24","3"
"9537","23","60"
"9538","24","3"
"9538","23","60"
"9539","24","3"
"9539","23","60"
"9540","24","4"
"9540","23","60"
"9541","24","4"
"9541","23","60"
"9542","24","4"
"9542","23","60"
"9543","24","4"
"9543","23","60"
"9544","24","4"
"9544","23","60"
"9545","24","4"
"9545","23","60"
"9546","24","4"
"9546","23","60"
"9547","24","4"
"9547","23","60"
"9548","24","4"
"9548","23","60"
"9549","23","60"
"9550","23","60"
"9551","23","60"
"9552","23","60"
"9553","24","4"
"9553","23","60"
"9554","24","4"
"9554","23","60"
"9555","24","8"
"9555","23","59"
"9556","24","10"
"9556","23","59"
"9557","24","2"
"9557","23","60"
"9558","24","2"
"9558","23","60"
"9559","24","10"
"9559","23","59"
"9560","24","3"
"9560","23","60"
"9561","24","3"
"9561","23","60"
"9562","24","2"
"9562","23","60"
"9563","24","8"
"9563","23","59"
"9564","24","8"
"9564","23","59"
"9565","24","10"
"9565","23","59"
"9566","24","10"
"9566","23","59"
"9567","23","60"
"9568","23","60"
"9569","23","60"
"9570","23","60"
"9571","24","1"
"9571","23","60"
"9572","23","60"
"9573","24","1"
"9573","23","60"
"9574","23","60"
"9575","24","1"
"9575","23","60"
"9576","23","60"
"9577","23","60"
"9578","23","60"
"9579","24","10"
"9579","23","59"
"9580","24","10"
"9580","23","59"
"9581","24","10"
"9581","23","59"
"9582","24","10"
"9582","23","59"
"9583","24","10"
"9583","23","59"
"9584","24","10"
"9584","23","59"
"9585","24","10"
"9585","23","59"
"9586","24","10"
"9586","23","59"
"9587","24","10"
"9587","23","59"
"9588","24","10"
"9588","23","59"
"9589","24","10"
"9589","23","59"
"9590","24","10"
"9590","23","59"
"9591","24","10"
"9591","23","59"
"9592","24","10"
"9592","23","59"
"9593","24","10"
"9593","23","59"
"9594","24","10"
"9594","23","59"
"9595","24","10"
"9595","23","59"
"9596","24","10"
"9596","23","59"
"9597","24","10"
"9597","23","59"
"9598","24","10"
"9598","23","59"
"9599","24","10"
"9599","23","59"
"9600","24","10"
"9600","23","59"
"9601","24","10"
"9601","23","59"
"9602","24","10"
"9602","23","59"
"9603","24","10"
"9603","23","59"
"9604","24","10"
"9604","23","59"
"9605","24","10"
"9605","23","59"
"9606","23","60"
"9607","23","60"
"9608","23","60"
"9609","24","9"
"9609","23","59"
"9610","24","9"
"9610","23","59"
"9611","24","10"
"9611","23","59"
"9612","24","10"
"9612","23","59"
"9613","24","10"
"9613","23","59"
"9614","24","10"
"9614","23","59"
"9615","24","10"
"9615","23","59"
"9616","24","10"
"9616","23","59"
"9617","24","10"
"9617","23","59"
"9618","24","10"
"9618","23","59"
"9619","24","10"
"9619","23","59"
"9620","24","10"
"9620","23","59"
"9621","24","10"
"9621","23","59"
"9622","24","10"
"9622","23","59"
"9623","24","10"
"9623","23","59"
"9624","24","10"
"9624","23","59"
"9625","24","10"
"9625","23","59"
"9626","24","8"
"9626","23","59"
"9627","24","8"
"9627","23","59"
"9628","24","8"
"9628","23","59"
"9629","24","8"
"9629","23","59"
"9630","24","8"
"9630","23","59"
"9631","24","8"
"9631","23","59"
"9632","24","8"
"9632","23","59"
"9633","24","8"
"9633","23","59"
"9634","24","8"
"9634","23","59"
"9635","24","8"
"9635","23","59"
"9636","24","8"
"9636","23","59"
"9637","24","8"
"9637","23","59"
"9638","24","8"
"9638","23","59"
"9639","24","8"
"9639","23","59"
"9640","24","8"
"9640","23","59"
"9641","24","8"
"9641","23","59"
"9642","24","8"
"9642","23","59"
"9643","24","8"
"9643","23","59"
"9644","24","8"
"9644","23","59"
"9645","24","8"
"9645","23","59"
"9646","24","8"
"9646","23","59"
"9647","24","8"
"9647","23","59"
"9648","24","8"
"9648","23","59"
"9649","24","8"
"9649","23","59"
"9650","24","8"
"9650","23","59"
"9651","24","8"
"9651","23","59"
"9652","24","8"
"9652","23","59"
"9653","24","8"
"9653","23","59"
"9654","24","8"
"9654","23","59"
"9655","24","9"
"9655","23","60"
"9656","23","60"
"9657","23","60"
"9658","23","60"
"9659","23","60"
"9660","23","60"
"9661","23","60"
"9662","23","60"
"9663","23","60"
"9664","23","60"
"9665","23","60"
"9666","23","60"
"9667","24","2"
"9667","23","60"
"9668","24","2"
"9668","23","60"
"9669","24","2"
"9669","23","60"
"9670","24","2"
"9670","23","60"
"9671","24","3"
"9671","23","60"
"9672","24","3"
"9672","23","60"
"9673","24","3"
"9673","23","60"
"9674","24","4"
"9674","23","60"
"9675","24","4"
"9675","23","60"
"9676","24","6"
"9676","23","60"
"9677","24","6"
"9677","23","60"
"9678","24","8"
"9678","23","60"
"9679","24","10"
"9679","23","60"
"9680","24","10"
"9680","23","60"
"9681","24","10"
"9681","23","60"
"9682","24","10"
"9682","23","60"
"9683","24","10"
"9683","23","60"
"9684","24","10"
"9684","23","60"
"9685","24","10"
"9685","23","60"
"9686","24","10"
"9686","23","60"
"9687","24","10"
"9687","23","60"
"9688","24","9"
"9688","23","60"
"9689","24","6"
"9689","23","60"
"9690","24","6"
"9690","23","60"
"9691","24","4"
"9691","23","60"
"9692","24","4"
"9692","23","60"
"9693","24","5"
"9693","23","60"
"9694","24","5"
"9694","23","60"
"9695","24","5"
"9695","23","60"
"9696","24","6"
"9696","23","60"
"9697","24","6"
"9697","23","60"
"9698","24","6"
"9698","23","60"
"9699","24","6"
"9699","23","60"
"9700","24","6"
"9700","23","60"
"9701","24","6"
"9701","23","60"
"9702","24","6"
"9702","23","60"
"9703","24","6"
"9703","23","60"
"9704","24","6"
"9704","23","60"
"9705","24","6"
"9705","23","60"
"9706","24","6"
"9706","23","60"
"9707","24","6"
"9707","23","60"
"9708","24","6"
"9708","23","60"
"9709","24","6"
"9709","23","60"
"9710","24","8"
"9710","23","60"
"9711","24","8"
"9711","23","60"
"9712","24","8"
"9712","23","60"
"9713","24","8"
"9713","23","60"
"9714","24","8"
"9714","23","60"
"9715","24","8"
"9715","23","60"
"9716","24","8"
"9716","23","60"
"9717","24","8"
"9717","23","60"
"9718","24","8"
"9718","23","60"
"9719","24","8"
"9719","23","60"
"9720","24","8"
"9720","23","60"
"9721","24","8"
"9721","23","60"
"9722","24","8"
"9722","23","60"
"9723","24","8"
"9723","23","60"
"9724","24","4"
"9724","23","60"
"9725","24","8"
"9725","23","60"
"9726","24","8"
"9726","23","60"
"9727","24","8"
"9727","23","60"
"9728","24","8"
"9728","23","60"
"9729","24","10"
"9729","23","60"
"9730","24","10"
"9730","23","60"
"9731","24","11"
"9731","23","60"
"9732","23","61"
"9733","23","61"
"9734","23","61"
"9735","23","61"
"9736","23","61"
"9737","23","61"
"9738","23","61"
"9739","23","61"
"9740","23","61"
"9741","23","61"
"9742","23","61"
"9743","23","61"
"9744","23","61"
"9745","23","61"
"9746","23","61"
"9747","23","61"
"9748","23","61"
"9749","23","61"
"9750","23","61"
"9751","23","61"
"9752","23","61"
"9753","23","61"
"9754","23","61"
"9755","23","61"
"9756","23","61"
"9757","23","61"
"9758","23","61"
"9759","23","61"
"9760","23","61"
"9761","23","61"
"9762","23","61"
"9763","24","11"
"9763","23","60"
"9764","23","61"
"9765","24","10"
"9765","23","60"
"9766","24","10"
"9766","23","60"
"9767","24","10"
"9767","23","60"
"9768","24","10"
"9768","23","60"
"9769","24","10"
"9769","23","60"
"9770","24","11"
"9770","23","60"
"9771","24","10"
"9771","23","60"
"9772","24","10"
"9772","23","60"
"9773","24","10"
"9773","23","60"
"9774","24","11"
"9774","23","60"
"9775","24","11"
"9775","23","60"
"9776","24","10"
"9776","23","60"
"9777","24","10"
"9777","23","60"
"9778","24","10"
"9778","23","60"
"9779","24","10"
"9779","23","60"
"9780","24","10"
"9780","23","60"
"9781","24","10"
"9781","23","60"
"9782","24","10"
"9782","23","60"
"9783","24","10"
"9783","23","60"
"9784","24","10"
"9784","23","60"
"9785","24","10"
"9785","23","60"
"9786","24","10"
"9786","23","60"
"9787","24","10"
"9787","23","60"
"9788","24","10"
"9788","23","60"
"9789","24","10"
"9789","23","60"
"9790","24","10"
"9790","23","60"
"9791","24","10"
"9791","23","60"
"9792","24","10"
"9792","23","60"
"9793","24","10"
"9793","23","60"
"9794","24","10"
"9794","23","60"
"9795","24","10"
"9795","23","60"
"9796","24","10"
"9796","23","60"
"9797","24","10"
"9797","23","60"
"9798","24","10"
"9798","23","60"
"9799","24","10"
"9799","23","60"
"9800","24","10"
"9800","23","60"
"9801","24","10"
"9801","23","60"
"9802","24","10"
"9802","23","60"
"9803","24","10"
"9803","23","60"
"9804","24","10"
"9804","23","60"
"9805","24","10"
"9805","23","60"
"9806","24","10"
"9806","23","60"
"9807","24","10"
"9807","23","60"
"9808","24","10"
"9808","23","60"
"9809","24","10"
"9809","23","60"
"9810","24","10"
"9810","23","60"
"9811","24","10"
"9811","23","60"
"9812","24","10"
"9812","23","60"
"9813","24","10"
"9813","23","60"
"9814","24","10"
"9814","23","60"
"9815","24","10"
"9815","23","60"
"9816","24","10"
"9816","23","60"
"9817","24","10"
"9817","23","60"
"9818","24","10"
"9818","23","60"
"9819","24","10"
"9819","23","60"
"9820","24","10"
"9820","23","60"
"9821","24","10"
"9821","23","60"
"9822","24","10"
"9822","23","60"
"9823","24","10"
"9823","23","60"
"9824","24","10"
"9824","23","60"
"9825","24","9"
"9825","23","60"
"9826","24","9"
"9826","23","60"
"9827","24","9"
"9827","23","60"
"9828","24","9"
"9828","23","60"
"9829","24","10"
"9829","23","60"
"9830","24","10"
"9830","23","60"
"9831","24","10"
"9831","23","60"
"9832","24","10"
"9832","23","60"
"9833","24","10"
"9833","23","60"
"9834","24","10"
"9834","23","60"
"9835","24","10"
"9835","23","60"
"9836","24","10"
"9836","23","60"
"9837","24","10"
"9837","23","60"
"9838","24","10"
"9838","23","60"
"9839","24","10"
"9839","23","60"
"9840","24","10"
"9840","23","60"
"9841","24","10"
"9841","23","60"
"9842","24","10"
"9842","23","60"
"9843","24","10"
"9843","23","60"
"9844","24","10"
"9844","23","60"
"9845","24","10"
"9845","23","60"
"9846","24","10"
"9846","23","60"
"9847","24","10"
"9847","23","60"
"9848","24","9"
"9848","23","60"
"9849","24","4"
"9849","23","60"
"9850","24","4"
"9850","23","60"
"9851","24","3"
"9851","23","60"
"9852","24","3"
"9852","23","60"
"9853","24","3"
"9853","23","60"
"9854","24","4"
"9854","23","60"
"9855","24","4"
"9855","23","60"
"9856","23","60"
"9857","23","60"
"9858","23","60"
"9859","24","3"
"9859","23","60"
"9860","24","3"
"9860","23","60"
"9861","24","2"
"9861","23","60"
"9862","24","10"
"9862","23","60"
"9863","24","1"
"9863","23","60"
"9864","23","60"
"9865","24","2"
"9865","23","60"
"9866","24","2"
"9866","23","60"
"9867","24","3"
"9867","23","60"
"9868","24","2"
"9868","23","60"
"9869","24","2"
"9869","23","60"
"9870","24","2"
"9870","23","60"
"9871","24","2"
"9871","23","60"
"9872","24","4"
"9872","23","60"
"9873","24","3"
"9873","23","60"
"9874","24","3"
"9874","23","60"
"9875","24","3"
"9875","23","60"
"9876","24","3"
"9876","23","60"
"9877","24","3"
"9877","23","60"
"9878","24","1"
"9878","23","60"
"9879","24","8"
"9879","23","60"
"9880","24","6"
"9880","23","60"
"9881","24","8"
"9881","23","60"
"9882","24","8"
"9882","23","60"
"9883","24","10"
"9883","23","60"
"9884","23","60"
"9885","23","61"
"9886","23","61"
"9887","23","61"
"9888","23","61"
"9889","24","4"
"9889","23","61"
"9890","24","4"
"9890","23","61"
"9891","24","4"
"9891","23","61"
"9892","24","8"
"9892","23","61"
"9893","24","8"
"9893","23","61"
"9894","24","8"
"9894","23","61"
"9895","24","8"
"9895","23","61"
"9896","24","10"
"9896","23","61"
"9897","24","11"
"9897","23","61"
"9898","24","10"
"9898","23","61"
"9899","24","8"
"9899","23","61"
"9900","24","9"
"9900","23","61"
"9901","24","8"
"9901","23","61"
"9902","24","8"
"9902","23","61"
"9903","24","8"
"9903","23","61"
"9904","24","8"
"9904","23","61"
"9905","24","8"
"9905","23","61"
"9906","24","8"
"9906","23","61"
"9907","24","8"
"9907","23","61"
"9908","24","7"
"9908","23","61"
"9909","24","7"
"9909","23","61"
"9910","24","8"
"9910","23","61"
"9911","24","8"
"9911","23","61"
"9912","24","8"
"9912","23","61"
"9913","24","8"
"9913","23","61"
"9914","24","8"
"9914","23","61"
"9915","24","8"
"9915","23","61"
"9916","24","8"
"9916","23","61"
"9917","24","8"
"9917","23","61"
"9918","24","8"
"9918","23","61"
"9919","24","8"
"9919","23","61"
"9920","24","8"
"9920","23","61"
"9921","24","8"
"9921","23","61"
"9922","24","10"
"9922","23","61"
"9923","24","8"
"9923","23","61"
"9924","24","8"
"9924","23","61"
"9925","24","8"
"9925","23","61"
"9926","24","8"
"9926","23","61"
"9927","24","8"
"9927","23","61"
"9928","24","8"
"9928","23","61"
"9929","24","8"
"9929","23","61"
"9930","24","8"
"9930","23","61"
"9931","24","8"
"9931","23","61"
"9932","24","8"
"9932","23","61"
"9933","24","8"
"9933","23","61"
"9934","24","8"
"9934","23","61"
"9935","24","8"
"9935","23","61"
"9936","24","8"
"9936","23","61"
"9937","24","8"
"9937","23","61"
"9938","24","8"
"9938","23","61"
"9939","24","9"
"9939","23","61"
"9940","24","9"
"9940","23","61"
"9941","24","10"
"9941","23","61"
"9942","24","10"
"9942","23","61"
"9943","24","10"
"9943","23","61"
"9944","24","10"
"9944","23","61"
"9945","24","10"
"9945","23","61"
"9946","24","11"
"9946","23","61"
"9947","24","11"
"9947","23","61"
"9948","24","11"
"9948","23","61"
"9949","24","11"
"9949","23","61"
"9950","24","11"
"9950","23","61"
"9951","24","10"
"9951","23","61"
"9952","24","10"
"9952","23","61"
"9953","24","10"
"9953","23","61"
"9954","23","62"
"9955","23","62"
"9956","23","62"
"9957","23","62"
"9958","23","62"
"9959","24","1"
"9959","23","62"
"9960","23","62"
"9961","24","1"
"9961","23","62"
"9962","23","62"
"9963","23","62"
"9964","23","62"
"9965","23","62"
"9966","23","62"
"9967","23","62"
"9968","23","62"
"9969","23","62"
"9970","23","62"
"9971","23","62"
"9972","23","62"
"9973","23","62"
"9974","23","62"
"9975","24","4"
"9975","23","62"
"9976","23","62"
"9977","24","4"
"9977","23","62"
"9978","24","4"
"9978","23","62"
"9979","24","2"
"9979","23","62"
"9980","24","2"
"9980","23","62"
"9981","24","2"
"9981","23","62"
"9982","24","2"
"9982","23","62"
"9983","24","2"
"9983","23","62"
"9984","24","2"
"9984","23","62"
"9985","24","2"
"9985","23","62"
"9986","24","2"
"9986","23","62"
"9987","24","2"
"9987","23","62"
"9988","24","2"
"9988","23","62"
"9989","24","2"
"9989","23","62"
"9990","24","2"
"9990","23","62"
"9991","24","2"
"9991","23","62"
"9992","24","2"
"9992","23","62"
"9993","24","2"
"9993","23","62"
"9994","24","2"
"9994","23","62"
"9995","24","2"
"9995","23","62"
"9996","24","2"
"9996","23","62"
"9997","24","2"
"9997","23","62"
"9998","24","2"
"9998","23","62"
"9999","24","2"
"9999","23","62"
"10000","24","2"
"10000","23","62"
"10001","24","2"
"10001","23","62"
"10002","24","2"
"10002","23","62"
"10003","24","2"
"10003","23","62"
"10004","24","2"
"10004","23","62"
"10005","24","2"
"10005","23","62"
"10006","24","2"
"10006","23","62"
"10007","24","2"
"10007","23","62"
"10008","24","10"
"10008","23","61"
"10009","24","10"
"10009","23","61"
"10010","24","10"
"10010","23","61"
"10011","24","6"
"10011","23","61"
"10012","24","3"
"10012","23","61"
"10013","24","4"
"10013","23","61"
"10014","24","4"
"10014","23","61"
"10015","24","4"
"10015","23","61"
"10016","24","5"
"10016","23","61"
"10017","24","5"
"10017","23","61"
"10018","24","6"
"10018","23","61"
"10019","24","7"
"10019","23","61"
"10020","24","4"
"10020","23","61"
"10021","24","6"
"10021","23","61"
"10022","24","6"
"10022","23","61"
"10023","24","6"
"10023","23","61"
"10024","24","6"
"10024","23","61"
"10025","24","6"
"10025","23","61"
"10026","24","6"
"10026","23","61"
"10027","24","6"
"10027","23","61"
"10028","24","6"
"10028","23","61"
"10029","24","6"
"10029","23","61"
"10030","24","6"
"10030","23","61"
"10031","24","7"
"10031","23","61"
"10032","24","6"
"10032","23","61"
"10033","24","6"
"10033","23","61"
"10034","24","6"
"10034","23","61"
"10035","24","6"
"10035","23","61"
"10036","24","6"
"10036","23","61"
"10037","24","6"
"10037","23","61"
"10038","24","6"
"10038","23","61"
"10039","24","7"
"10039","23","61"
"10040","24","7"
"10040","23","61"
"10041","24","8"
"10041","23","61"
"10042","24","8"
"10042","23","61"
"10043","24","8"
"10043","23","61"
"10044","24","8"
"10044","23","61"
"10045","24","10"
"10045","23","61"
"10046","24","9"
"10046","23","61"
"10047","24","9"
"10047","23","61"
"10048","24","10"
"10048","23","61"
"10049","24","10"
"10049","23","61"
"10050","23","62"
"10051","23","62"
"10052","24","2"
"10052","23","62"
"10053","24","3"
"10053","23","62"
"10054","24","3"
"10054","23","62"
"10055","24","2"
"10055","23","62"
"10056","24","3"
"10056","23","62"
"10057","24","1"
"10057","23","62"
"10058","23","62"
"10059","23","62"
"10060","23","62"
"10061","23","62"
"10062","23","62"
"10063","23","62"
"10064","23","62"
"10065","23","62"
"10066","23","62"
"10067","23","62"
"10068","23","62"
"10069","23","62"
"10070","24","10"
"10070","23","61"
"10071","23","62"
"10072","23","62"
"10073","23","62"
"10074","23","62"
"10075","23","62"
"10076","23","62"
"10077","23","62"
"10078","23","62"
"10079","23","62"
"10080","23","62"
"10081","23","62"
"10082","23","62"
"10083","23","62"
"10084","23","62"
"10085","23","62"
"10086","23","62"
"10087","23","62"
"10088","23","62"
"10089","23","62"
"10090","23","62"
"10091","23","62"
"10092","23","62"
"10093","23","62"
"10094","23","62"
"10095","23","62"
"10096","23","62"
"10097","23","62"
"10098","23","62"
"10099","23","62"
"10100","23","62"
"10101","23","62"
"10102","23","62"
"10103","23","62"
"10104","24","1"
"10104","23","62"
"10105","23","62"
"10106","23","62"
"10107","23","62"
"10108","24","1"
"10108","23","62"
"10109","24","1"
"10109","23","62"
"10110","24","1"
"10110","23","62"
"10111","24","1"
"10111","23","62"
"10112","24","1"
"10112","23","62"
"10113","24","1"
"10113","23","62"
"10114","24","1"
"10114","23","62"
"10115","24","1"
"10115","23","62"
"10116","24","2"
"10116","23","62"
"10117","23","62"
"10118","24","4"
"10118","23","62"
"10119","24","2"
"10119","23","62"
"10120","23","62"
"10121","23","62"
"10122","23","62"
"10123","23","62"
"10124","24","3"
"10124","23","62"
"10125","24","4"
"10125","23","62"
"10126","24","4"
"10126","23","62"
"10127","24","6"
"10127","23","62"
"10128","24","6"
"10128","23","62"
"10129","24","6"
"10129","23","62"
"10130","24","7"
"10130","23","62"
"10131","24","7"
"10131","23","62"
"10132","24","8"
"10132","23","62"
"10133","24","8"
"10133","23","62"
"10134","24","8"
"10134","23","62"
"10135","24","8"
"10135","23","62"
"10136","24","9"
"10136","23","62"
"10137","24","8"
"10137","23","62"
"10138","24","9"
"10138","23","62"
"10139","24","8"
"10139","23","62"
"10140","24","10"
"10140","23","62"
"10141","24","10"
"10141","23","62"
"10142","24","10"
"10142","23","62"
"10143","24","10"
"10143","23","62"
"10144","24","10"
"10144","23","62"
"10145","24","10"
"10145","23","62"
"10146","24","10"
"10146","23","62"
"10147","24","10"
"10147","23","62"
"10148","24","10"
"10148","23","62"
"10149","24","10"
"10149","23","62"
"10150","24","10"
"10150","23","62"
"10151","24","10"
"10151","23","62"
"10152","24","10"
"10152","23","62"
"10153","23","63"
"10154","23","63"
"10155","23","63"
"10156","23","63"
"10157","23","63"
"10158","23","63"
"10159","23","63"
"10160","23","63"
"10161","23","63"
"10162","23","63"
"10163","23","63"
"10164","23","63"
"10165","23","63"
"10166","23","63"
"10167","23","63"
"10168","23","63"
"10169","23","63"
"10170","23","63"
"10171","23","63"
"10172","24","6"
"10172","23","62"
"10173","24","6"
"10173","23","62"
"10174","24","6"
"10174","23","62"
"10175","24","6"
"10175","23","62"
"10176","24","8"
"10176","23","62"
"10177","24","6"
"10177","23","62"
"10178","23","62"
"10179","24","7"
"10179","23","62"
"10180","24","8"
"10180","23","62"
"10181","24","8"
"10181","23","62"
"10182","24","8"
"10182","23","62"
"10183","24","8"
"10183","23","62"
"10184","24","8"
"10184","23","62"
"10185","24","8"
"10185","23","62"
"10186","24","8"
"10186","23","62"
"10187","24","5"
"10187","23","62"
"10188","24","8"
"10188","23","62"
"10189","24","8"
"10189","23","62"
"10190","24","8"
"10190","23","62"
"10191","24","8"
"10191","23","62"
"10192","24","8"
"10192","23","62"
"10193","24","8"
"10193","23","62"
"10194","24","8"
"10194","23","62"
"10195","24","8"
"10195","23","62"
"10196","24","8"
"10196","23","62"
"10197","24","9"
"10197","23","62"
"10198","24","9"
"10198","23","62"
"10199","24","10"
"10199","23","62"
"10200","24","10"
"10200","23","62"
"10201","24","11"
"10201","23","62"
"10202","24","11"
"10202","23","62"
"10203","24","11"
"10203","23","62"
"10204","24","11"
"10204","23","62"
"10205","24","11"
"10205","23","62"
"10206","24","11"
"10206","23","62"
"10207","23","63"
"10208","23","63"
"10209","24","1"
"10209","23","63"
"10210","23","63"
"10211","23","63"
"10212","23","63"
"10213","23","63"
"10214","23","63"
"10215","23","63"
"10216","23","63"
"10217","24","2"
"10217","23","63"
"10218","24","2"
"10218","23","63"
"10219","24","2"
"10219","23","63"
"10220","24","2"
"10220","23","63"
"10221","24","2"
"10221","23","63"
"10222","24","2"
"10222","23","63"
"10223","24","2"
"10223","23","63"
"10224","24","3"
"10224","23","63"
"10225","24","3"
"10225","23","63"
"10226","24","3"
"10226","23","63"
"10227","24","3"
"10227","23","63"
"10228","24","3"
"10228","23","63"
"10229","24","3"
"10229","23","63"
"10230","24","2"
"10230","23","63"
"10231","24","2"
"10231","23","63"
"10232","24","2"
"10232","23","63"
"10233","24","2"
"10233","23","63"
"10234","24","1"
"10234","23","63"
"10235","24","1"
"10235","23","63"
"10236","24","1"
"10236","23","63"
"10237","24","1"
"10237","23","63"
"10238","24","1"
"10238","23","63"
"10239","24","1"
"10239","23","63"
"10240","24","1"
"10240","23","63"
"10241","24","1"
"10241","23","63"
"10242","24","1"
"10242","23","63"
"10243","24","1"
"10243","23","63"
"10244","24","1"
"10244","23","63"
"10245","24","1"
"10245","23","63"
"10246","23","63"
"10247","24","1"
"10247","23","63"
"10248","23","63"
"10249","23","63"
"10250","23","63"
"10251","23","63"
"10252","23","63"
"10253","23","63"
"10254","23","63"
"10255","23","63"
"10256","24","4"
"10256","23","62"
"10257","24","4"
"10257","23","62"
"10258","24","6"
"10258","23","62"
"10259","24","6"
"10259","23","62"
"10260","24","6"
"10260","23","62"
"10261","24","6"
"10261","23","62"
"10262","24","6"
"10262","23","62"
"10263","24","3"
"10263","23","62"
"10264","24","8"
"10264","23","62"
"10265","24","10"
"10265","23","62"
"10266","23","63"
"10267","23","63"
"10268","23","63"
"10269","23","63"
"10270","23","63"
"10271","23","63"
"10272","24","2"
"10272","23","63"
"10273","24","2"
"10273","23","63"
"10274","24","3"
"10274","23","63"
"10275","24","3"
"10275","23","63"
"10276","24","3"
"10276","23","63"
"10277","24","3"
"10277","23","63"
"10278","24","3"
"10278","23","63"
"10279","24","4"
"10279","23","63"
"10280","24","6"
"10280","23","63"
"10281","24","6"
"10281","23","63"
"10282","24","6"
"10282","23","63"
"10283","24","6"
"10283","23","63"
"10284","24","6"
"10284","23","63"
"10285","24","6"
"10285","23","63"
"10286","24","6"
"10286","23","63"
"10287","24","6"
"10287","23","63"
"10288","24","6"
"10288","23","63"
"10289","24","6"
"10289","23","63"
"10290","24","6"
"10290","23","63"
"10291","24","6"
"10291","23","63"
"10292","24","6"
"10292","23","63"
"10293","24","6"
"10293","23","63"
"10294","24","6"
"10294","23","63"
"10295","24","6"
"10295","23","63"
"10296","24","6"
"10296","23","63"
"10297","24","6"
"10297","23","63"
"10298","24","6"
"10298","23","63"
"10299","23","63"
"10300","23","63"
"10301","23","63"
"10302","24","6"
"10302","23","63"
"10303","24","7"
"10303","23","63"
"10304","24","7"
"10304","23","63"
"10305","24","8"
"10305","23","63"
"10306","24","7"
"10306","23","63"
"10307","24","8"
"10307","23","63"
"10308","24","8"
"10308","23","63"
"10309","24","8"
"10309","23","63"
"10310","24","7"
"10310","23","63"
"10311","24","6"
"10311","23","63"
"10312","24","6"
"10312","23","63"
"10313","24","8"
"10313","23","63"
"10314","24","8"
"10314","23","63"
"10315","24","8"
"10315","23","63"
"10316","24","8"
"10316","23","63"
"10317","24","8"
"10317","23","63"
"10318","24","8"
"10318","23","63"
"10319","24","9"
"10319","23","63"
"10320","24","8"
"10320","23","63"
"10321","24","8"
"10321","23","63"
"10322","24","8"
"10322","23","63"
"10323","24","8"
"10323","23","63"
"10324","24","6"
"10324","23","63"
"10325","24","2"
"10325","23","63"
"10326","23","63"
"10327","23","63"
"10328","23","63"
"10329","23","63"
"10330","23","63"
"10331","24","1"
"10331","23","63"
"10332","24","2"
"10332","23","63"
"10333","23","63"
"10334","24","2"
"10334","23","63"
"10335","24","2"
"10335","23","63"
"10336","24","2"
"10336","23","63"
"10337","24","2"
"10337","23","63"
"10338","24","3"
"10338","23","63"
"10339","24","3"
"10339","23","63"
"10340","24","2"
"10340","23","63"
"10341","24","2"
"10341","23","63"
"10342","24","2"
"10342","23","63"
"10343","24","2"
"10343","23","63"
"10344","24","2"
"10344","23","63"
"10345","24","3"
"10345","23","63"
"10346","24","4"
"10346","23","63"
"10347","24","6"
"10347","23","63"
"10348","24","4"
"10348","23","63"
"10349","24","7"
"10349","23","63"
"10350","24","7"
"10350","23","63"
"10351","24","7"
"10351","23","63"
"10352","24","10"
"10352","23","63"
"10353","24","7"
"10353","23","63"
"10354","24","8"
"10354","23","63"
"10355","24","8"
"10355","23","63"
"10356","24","8"
"10356","23","63"
"10357","24","8"
"10357","23","63"
"10358","24","8"
"10358","23","63"
"10359","24","8"
"10359","23","63"
"10360","24","8"
"10360","23","63"
"10361","24","8"
"10361","23","63"
"10362","24","8"
"10362","23","63"
"10363","24","5"
"10363","23","63"
"10364","24","6"
"10364","23","63"
"10365","24","6"
"10365","23","63"
"10366","24","6"
"10366","23","63"
"10367","24","6"
"10367","23","63"
"10368","24","6"
"10368","23","63"
"10369","24","6"
"10369","23","63"
"10370","24","6"
"10370","23","63"
"10371","24","6"
"10371","23","63"
"10372","24","6"
"10372","23","63"
"10373","24","6"
"10373","23","63"
"10374","24","6"
"10374","23","63"
"10375","24","7"
"10375","23","63"
"10376","24","8"
"10376","23","63"
"10377","24","8"
"10377","23","63"
"10378","24","8"
"10378","23","63"
"10379","24","8"
"10379","23","63"
"10380","23","63"
"10381","23","63"
"10382","23","63"
"10383","24","7"
"10383","23","63"
"10384","24","8"
"10384","23","63"
"10385","23","63"
"10386","24","6"
"10386","23","63"
"10387","24","6"
"10387","23","63"
"10388","24","6"
"10388","23","63"
"10389","24","6"
"10389","23","63"
"10390","24","6"
"10390","23","63"
"10391","24","6"
"10391","23","63"
"10392","24","6"
"10392","23","63"
"10393","24","6"
"10393","23","63"
"10394","24","6"
"10394","23","63"
"10395","24","6"
"10395","23","63"
"10396","24","6"
"10396","23","63"
"10397","24","6"
"10397","23","63"
"10398","24","3"
"10398","23","63"
"10399","24","6"
"10399","23","63"
"10400","24","6"
"10400","23","63"
"10401","24","6"
"10401","23","63"
"10402","24","6"
"10402","23","63"
"10403","24","6"
"10403","23","63"
"10404","24","6"
"10404","23","63"
"10405","24","6"
"10405","23","63"
"10406","24","6"
"10406","23","63"
"10407","24","6"
"10407","23","63"
"10408","23","63"
"10409","23","63"
"10410","23","63"
"10411","24","6"
"10411","23","63"
"10412","23","63"
"10413","23","63"
"10414","23","63"
"10415","23","63"
"10416","24","4"
"10416","23","63"
"10417","24","3"
"10417","23","63"
"10418","24","2"
"10418","23","63"
"10419","24","2"
"10419","23","63"
"10420","24","2"
"10420","23","63"
"10421","24","2"
"10421","23","63"
"10422","24","2"
"10422","23","63"
"10423","24","1"
"10423","23","63"
"10424","23","63"
"10425","23","63"
"10426","23","63"
"10427","23","63"
"10428","23","63"
"10429","23","63"
"10430","24","1"
"10430","23","63"
"10431","23","63"
"10432","24","2"
"10432","23","63"
"10433","24","2"
"10433","23","63"
"10434","24","2"
"10434","23","63"
"10435","24","3"
"10435","23","63"
"10436","24","3"
"10436","23","63"
"10437","24","3"
"10437","23","63"
"10438","24","4"
"10438","23","63"
"10439","23","63"
"10440","24","6"
"10440","23","63"
"10441","24","7"
"10441","23","63"
"10442","24","7"
"10442","23","63"
"10443","24","8"
"10443","23","63"
"10444","23","63"
"10445","23","63"
"10446","24","8"
"10446","23","63"
"10447","24","8"
"10447","23","63"
"10448","24","8"
"10448","23","63"
"10449","23","63"
"10450","24","6"
"10450","23","63"
"10451","24","6"
"10451","23","63"
"10452","24","6"
"10452","23","63"
"10453","24","6"
"10453","23","63"
"10454","24","6"
"10454","23","63"
"10455","24","7"
"10455","23","63"
"10456","24","6"
"10456","23","63"
"10457","23","63"
"10458","24","6"
"10458","23","63"
"10459","24","6"
"10459","23","63"
"10460","24","5"
"10460","23","63"
"10461","24","5"
"10461","23","63"
"10462","24","5"
"10462","23","63"
"10463","24","5"
"10463","23","63"
"10464","24","4"
"10464","23","63"
"10465","24","4"
"10465","23","63"
"10466","24","5"
"10466","23","63"
"10467","24","5"
"10467","23","63"
"10468","24","5"
"10468","23","63"
"10469","24","5"
"10469","23","63"
"10470","24","4"
"10470","23","63"
"10471","24","4"
"10471","23","63"
"10472","23","63"
"10472","24","1"
"10473","23","63"
"10473","24","1"
"10474","23","63"
"10475","23","63"
"10476","23","63"
"10476","24","8"
"10477","23","62"
"10478","23","62"
"10478","24","9"
"10479","23","62"
"10479","24","8"
"10480","23","62"
"10480","24","8"
"10481","23","62"
"10481","24","8"
"10482","23","62"
"10482","24","8"
"10483","23","62"
"10483","24","9"
"10484","23","62"
"10485","23","63"
"10485","24","10"
"10486","23","62"
"10487","23","62"
"10488","23","62"
"10489","23","62"
"10490","23","63"
"10490","24","11"
"10491","23","62"
"10492","23","62"
"10492","24","10"
"10493","23","62"
"10493","24","10"
"10494","23","63"
"10494","24","10"
"10495","23","63"
"10495","24","10"
"10496","23","62"
"10496","24","10"
"10497","23","62"
"10497","24","10"
"10498","23","62"
"10498","24","10"
"10499","23","62"
"10499","24","10"
"10500","23","62"
"10500","24","10"
"10501","23","62"
"10501","24","10"
"10502","23","62"
"10502","24","10"
"10503","23","62"
"10503","24","8"
"10504","23","62"
"10504","24","10"
"10505","23","62"
"10505","24","10"
"10506","23","62"
"10506","24","10"
"10507","23","62"
"10507","24","10"
"10508","23","62"
"10508","24","10"
"10509","23","62"
"10509","24","10"
"10510","23","62"
"10510","24","10"
"10511","23","62"
"10511","24","10"
"10512","23","62"
"10512","24","10"
"10513","23","62"
"10513","24","10"
"10514","23","62"
"10514","24","10"
"10515","23","62"
"10515","24","10"
"10516","23","62"
"10516","24","10"
"10517","23","62"
"10517","24","10"
"10518","23","62"
"10518","24","10"
"10519","23","62"
"10520","23","62"
"10520","24","9"
"10521","23","62"
"10521","24","10"
"10522","23","62"
"10522","24","10"
"10523","23","62"
"10523","24","10"
"10524","23","62"
"10525","23","62"
"10525","24","11"
"10526","23","62"
"10526","24","11"
"10527","23","62"
"10527","24","11"
"10528","23","62"
"10528","24","11"
"10529","23","63"
"10530","23","62"
"10530","24","10"
"10531","23","62"
"10531","24","11"
"10532","23","63"
"10533","23","62"
"10533","24","11"
"10534","23","62"
"10534","24","11"
"10535","23","62"
"10535","24","11"
"10536","23","62"
"10536","24","11"
"10537","23","62"
"10537","24","11"
"10538","23","62"
"10538","24","11"
"10539","23","62"
"10539","24","11"
"10540","23","62"
"10540","24","10"
"10541","23","62"
"10541","24","11"
"10542","23","62"
"10542","24","10"
"10543","23","62"
"10543","24","10"
"10544","23","62"
"10544","24","11"
"10545","23","62"
"10545","24","11"
"10546","23","62"
"10546","24","11"
"10547","23","62"
"10547","24","10"
"10548","23","62"
"10548","24","11"
"10549","23","62"
"10549","24","11"
"10550","23","62"
"10550","24","11"
"10551","23","62"
"10552","23","62"
"10553","23","63"
"10553","24","1"
"10554","23","63"
"10555","23","63"
"10556","23","63"
"10557","23","63"
"10558","23","62"
"10558","24","11"
"10559","23","62"
"10559","24","11"
"10560","23","62"
"10560","24","10"
"10561","23","62"
"10561","24","10"
"10562","23","62"
"10562","24","10"
"10563","23","62"
"10563","24","11"
"10564","23","62"
"10564","24","11"
"10565","23","62"
"10565","24","11"
"10566","23","62"
"10566","24","11"
"10567","23","62"
"10567","24","10"
"10568","23","62"
"10568","24","11"
"10569","23","62"
"10569","24","11"
"10570","23","63"
"10571","23","63"
"10572","23","63"
"10573","23","63"
"10574","23","63"
"10575","23","63"
"10576","23","63"
"10577","23","63"
"10578","23","63"
"10579","23","63"
"10580","23","63"
"10581","23","63"
"10582","23","63"
"10583","23","63"
"10584","23","63"
"10585","23","63"
"10586","23","63"
"10587","23","63"
"10588","23","63"
"10589","23","63"
"10590","23","63"
"10591","23","63"
"10592","23","63"
"10593","23","63"
"10594","23","63"
"10595","23","63"
"10596","23","62"
"10596","24","11"
"10597","23","62"
"10597","24","11"
"10598","23","62"
"10598","24","11"
"10599","23","62"
"10599","24","11"
"10600","23","62"
"10600","24","11"
"10601","23","62"
"10601","24","11"
"10602","23","62"
"10602","24","11"
"10603","23","63"
"10604","23","62"
"10604","24","11"
"10605","23","62"
"10605","24","11"
"10606","23","62"
"10606","24","11"
"10607","23","62"
"10607","24","11"
"10608","23","63"
"10609","23","62"
"10609","24","11"
"10610","23","62"
"10610","24","11"
"10611","23","62"
"10611","24","11"
"10612","23","62"
"10612","24","11"
"10613","23","63"
"10614","23","63"
"10615","23","63"
"10615","24","1"
"10616","23","63"
"10616","24","1"
"10617","23","63"
"10617","24","1"
"10618","23","63"
"10618","24","1"
"10619","23","63"
"10619","24","1"
"10620","23","63"
"10620","24","2"
"10621","23","63"
"10622","23","63"
"10623","23","63"
"10624","23","63"
"10625","23","63"
"10626","23","63"
"10627","23","63"
"10628","23","63"
"10629","23","63"
"10629","24","3"
"10630","23","63"
"10630","24","3"
"10631","23","63"
"10631","24","3"
"10632","23","63"
"10633","23","63"
"10633","24","4"
"10634","23","63"
"10634","24","5"
"10635","23","63"
"10636","23","63"
"10636","24","6"
"10637","23","63"
"10638","23","63"
"10638","24","6"
"10639","23","63"
"10639","24","6"
"10640","23","63"
"10641","23","63"
"10642","23","63"
"10643","23","63"
"10644","23","63"
"10644","24","6"
"10645","23","63"
"10645","24","6"
"10646","23","63"
"10646","24","6"
"10647","23","63"
"10647","24","6"
"10648","23","63"
"10648","24","6"
"10649","23","63"
"10650","23","63"
"10651","23","63"
"10651","24","6"
"10652","23","63"
"10652","24","6"
"10653","23","63"
"10653","24","6"
"10654","23","63"
"10654","24","6"
"10655","23","63"
"10655","24","6"
"10656","23","63"
"10656","24","6"
"10657","23","63"
"10657","24","6"
"10658","23","63"
"10658","24","6"
"10659","23","63"
"10659","24","6"
"10660","23","63"
"10660","24","6"
"10661","23","63"
"10661","24","6"
"10662","23","63"
"10662","24","6"
"10663","23","63"
"10663","24","6"
"10664","23","63"
"10664","24","6"
"10665","23","63"
"10665","24","6"
"10666","23","63"
"10666","24","6"
"10667","23","63"
"10667","24","6"
"10668","23","63"
"10668","24","6"
"10669","23","63"
"10669","24","6"
"10670","23","63"
"10670","24","6"
"10671","23","63"
"10671","24","6"
"10672","23","63"
"10672","24","6"
"10673","23","63"
"10673","24","6"
"10674","23","63"
"10674","24","8"
"10675","23","63"
"10675","24","8"
"10676","23","63"
"10676","24","8"
"10677","23","63"
"10677","24","8"
"10678","23","63"
"10678","24","8"
"10679","23","63"
"10679","24","8"
"10680","23","63"
"10680","24","8"
"10681","23","63"
"10681","24","8"
"10682","23","63"
"10682","24","8"
"10683","23","63"
"10683","24","8"
"10684","23","63"
"10684","24","9"
"10685","23","63"
"10685","24","6"
"10686","23","63"
"10686","24","6"
"10687","23","63"
"10687","24","7"
"10688","23","63"
"10688","24","6"
"10689","23","63"
"10689","24","6"
"10690","23","63"
"10690","24","6"
"10691","23","63"
"10691","24","6"
"10692","23","63"
"10692","24","6"
"10693","23","63"
"10693","24","6"
"10694","23","63"
"10694","24","6"
"10695","23","63"
"10695","24","6"
"10696","23","63"
"10696","24","7"
"10697","23","63"
"10697","24","7"
"10698","23","63"
"10698","24","6"
"10699","23","63"
"10699","24","6"
"10700","23","63"
"10700","24","7"
"10701","23","63"
"10701","24","7"
"10702","23","63"
"10702","24","7"
"10703","23","63"
"10703","24","7"
"10704","23","63"
"10704","24","6"
"10705","23","63"
"10705","24","6"
"10706","23","63"
"10706","24","6"
"10707","23","63"
"10707","24","7"
"10708","23","63"
"10708","24","6"
"10709","23","63"
"10709","24","6"
"10710","23","63"
"10710","24","6"
"10711","23","63"
"10711","24","5"
"10712","23","63"
"10712","24","6"
"10713","23","63"
"10713","24","6"
"10714","23","63"
"10714","24","6"
"10715","23","63"
"10715","24","6"
"10716","23","63"
"10716","24","6"
"10717","23","63"
"10717","24","6"
"10718","23","63"
"10718","24","6"
"10719","23","63"
"10719","24","6"
"10720","23","63"
"10720","24","5"
"10721","23","63"
"10721","24","6"
"10722","23","63"
"10722","24","6"
"10723","23","63"
"10723","24","6"
"10724","23","63"
"10724","24","3"
"10725","23","63"
"10725","24","2"
"10726","23","63"
"10726","24","3"
"10727","23","63"
"10727","24","3"
"10728","23","63"
"10728","24","3"
"10729","23","63"
"10729","24","4"
"10730","23","63"
"10730","24","5"
"10731","23","63"
"10731","24","5"
"10732","23","63"
"10732","24","6"
"10733","23","63"
"10733","24","6"
"10734","23","63"
"10734","24","6"
"10735","23","63"
"10735","24","6"
"10736","23","63"
"10736","24","6"
"10737","23","63"
"10737","24","6"
"10738","23","63"
"10738","24","6"
"10739","23","63"
"10739","24","6"
"10740","23","63"
"10740","24","6"
"10741","23","63"
"10741","24","6"
"10742","23","63"
"10742","24","6"
"10743","23","63"
"10743","24","6"
"10744","23","63"
"10744","24","6"
"10745","23","63"
"10745","24","6"
"10746","23","63"
"10746","24","6"
"10747","23","63"
"10747","24","5"
"10748","23","63"
"10748","24","5"
"10749","23","63"
"10749","24","4"
"10750","23","63"
"10750","24","2"
"10751","23","63"
"10751","24","2"
"10752","23","63"
"10753","23","63"
"10754","23","63"
"10755","23","63"
"10756","23","62"
"10756","24","11"
"10757","23","63"
"10758","23","63"
"10758","24","1"
"10759","23","63"
"10759","24","1"
"10760","23","63"
"10760","24","1"
"10761","23","63"
"10762","23","63"
"10763","23","63"
"10763","24","1"
"10764","23","63"
"10764","24","1"
"10765","23","63"
"10766","23","63"
"10766","24","1"
"10767","23","63"
"10767","24","2"
"10768","23","63"
"10768","24","2"
"10769","23","63"
"10769","24","2"
"10770","23","63"
"10770","24","1"
"10771","23","63"
"10771","24","2"
"10772","23","63"
"10772","24","2"
"10773","23","63"
"10773","24","2"
"10774","23","63"
"10774","24","2"
"10775","23","63"
"10775","24","2"
"10776","23","63"
"10776","24","2"
"10777","23","63"
"10777","24","2"
"10778","23","63"
"10778","24","1"
"10779","23","63"
"10780","23","63"
"10781","23","63"
"10782","23","63"
"10783","23","63"
"10784","23","63"
"10785","23","63"
"10786","23","63"
"10787","23","63"
"10788","23","63"
"10789","23","62"
"10789","24","11"
"10790","23","63"
"10790","24","1"
"10791","23","63"
"10791","24","1"
"10792","23","63"
"10792","24","1"
"10793","23","63"
"10793","24","1"
"10794","23","63"
"10795","23","63"
"10796","23","63"
"10796","24","1"
"10797","23","63"
"10798","23","63"
"10799","23","63"
"10799","24","1"
"10800","23","63"
"10800","24","1"
"10801","23","63"
"10802","23","63"
"10803","23","63"
"10804","23","63"
"10805","23","63"
"10806","23","63"
"10807","23","63"
"10808","23","63"
"10809","23","63"
"10810","23","63"
"10811","23","63"
"10812","23","63"
"10813","23","63"
"10814","23","63"
"10815","23","62"
"10815","24","9"
"10816","23","62"
"10816","24","9"
"10817","23","62"
"10817","24","9"
"10818","23","62"
"10818","24","9"
"10819","23","62"
"10819","24","9"
"10820","23","62"
"10820","24","9"
"10821","23","62"
"10821","24","8"
"10822","23","62"
"10822","24","8"
"10823","23","62"
"10823","24","8"
"10824","23","62"
"10824","24","8"
"10825","23","62"
"10825","24","9"
"10826","23","62"
"10826","24","8"
"10827","23","62"
"10827","24","9"
"10828","23","62"
"10828","24","10"
"10829","23","62"
"10829","24","11"
"10830","23","62"
"10830","24","11"
"10831","23","62"
"10831","24","11"
"10832","23","62"
"10832","24","11"
"10833","23","63"
"10834","23","63"
"10835","23","63"
"10835","24","1"
"10836","23","63"
"10837","23","63"
"10838","23","63"
"10838","24","1"
"10839","23","63"
"10839","24","1"
"10840","23","63"
"10840","24","1"
"10841","23","63"
"10842","23","63"
"10843","23","63"
"10844","23","63"
"10845","23","63"
"10846","23","63"
"10847","23","63"
"10848","23","63"
"10849","23","63"
"10850","23","62"
"10850","24","11"
"10851","23","62"
"10851","24","11"
"10852","23","62"
"10852","24","11"
"10853","23","62"
"10853","24","11"
"10854","23","62"
"10854","24","11"
"10855","23","62"
"10855","24","11"
"10856","23","62"
"10856","24","11"
"10857","23","62"
"10857","24","11"
"10858","23","63"
"10859","23","63"
"10860","23","62"
"10860","24","6"
"10861","23","62"
"10861","24","6"
"10862","23","62"
"10862","24","6"
"10863","23","62"
"10863","24","6"
"10864","23","62"
"10864","24","6"
"10865","23","62"
"10865","24","6"
"10866","23","62"
"10866","24","8"
"10867","23","62"
"10867","24","5"
"10868","23","62"
"10868","24","6"
"10869","23","62"
"10869","24","6"
"10870","23","62"
"10870","24","7"
"10871","23","62"
"10871","24","8"
"10872","23","62"
"10872","24","9"
"10873","23","62"
"10873","24","11"
"10874","23","63"
"10874","24","1"
"10875","23","63"
"10875","24","1"
"10876","23","63"
"10876","24","2"
"10877","23","63"
"10877","24","2"
"10878","23","63"
"10879","23","63"
"10880","23","63"
"10880","24","2"
"10881","23","63"
"10881","24","2"
"10882","23","63"
"10882","24","2"
"10883","23","63"
"10883","24","2"
"10884","23","63"
"10884","24","2"
"10885","23","63"
"10885","24","2"
"10886","23","63"
"10886","24","2"
"10887","23","63"
"10887","24","2"
"10888","23","63"
"10888","24","2"
"10889","23","63"
"10889","24","2"
"10890","23","63"
"10890","24","2"
"10891","23","63"
"10891","24","2"
"10892","23","63"
"10893","23","63"
"10893","24","2"
"10894","23","63"
"10894","24","4"
"10895","23","63"
"10895","24","4"
"10896","23","63"
"10896","24","5"
"10897","23","63"
"10897","24","6"
"10898","23","63"
"10898","24","5"
"10899","23","63"
"10899","24","5"
"10900","23","63"
"10901","23","63"
"10902","23","63"
"10903","23","63"
"10903","24","6"
"10904","23","63"
"10905","23","63"
"10906","23","63"
"10906","24","6"
"10907","23","63"
"10907","24","6"
"10908","23","63"
"10909","23","63"
"10909","24","6"
"10910","23","63"
"10910","24","6"
"10911","23","63"
"10911","24","6"
"10912","23","63"
"10913","23","63"
"10913","24","6"
"10914","23","63"
"10915","23","63"
"10915","24","9"
"10916","23","63"
"10916","24","6"
"10917","23","63"
"10918","23","63"
"10919","23","63"
"10920","23","63"
"10921","23","63"
"10922","23","63"
"10922","24","7"
"10923","23","63"
"10924","23","63"
"10924","24","6"
"10925","23","63"
"10925","24","6"
"10926","23","63"
"10926","24","6"
"10927","23","63"
"10927","24","6"
"10928","23","63"
"10928","24","6"
"10929","23","63"
"10929","24","6"
"10930","23","63"
"10931","23","63"
"10932","23","63"
"10932","24","6"
"10933","23","63"
"10933","24","6"
"10934","23","63"
"10935","23","63"
"10936","23","63"
"10936","24","6"
"10937","23","63"
"10937","24","6"
"10938","23","63"
"10938","24","6"
"10939","23","63"
"10939","24","6"
"10940","23","63"
"10940","24","6"
"10941","23","63"
"10941","24","6"
"10942","23","63"
"10942","24","6"
"10943","23","63"
"10943","24","6"
"10944","23","63"
"10944","24","8"
"10945","23","63"
"10945","24","8"
"10946","23","63"
"10946","24","7"
"10947","23","63"
"10947","24","8"
"10948","23","63"
"10948","24","9"
"10949","23","63"
"10949","24","9"
"10950","23","63"
"10950","24","9"
"10951","23","63"
"10951","24","9"
"10952","23","63"
"10952","24","9"
"10953","23","63"
"10953","24","6"
"10954","23","63"
"10954","24","8"
"10955","23","63"
"10955","24","9"
"10956","23","63"
"10956","24","9"
"10957","23","63"
"10957","24","10"
"10958","23","63"
"10958","24","9"
"10959","23","63"
"10959","24","10"
"10960","23","64"
"10961","23","63"
"10961","24","10"
"10962","23","63"
"10962","24","10"
"10963","23","63"
"10963","24","10"
"10964","23","63"
"10964","24","10"
"10965","23","63"
"10965","24","10"
"10966","23","63"
"10966","24","10"
"10967","23","63"
"10967","24","10"
"10968","23","63"
"10968","24","10"
"10969","23","63"
"10969","24","10"
"10970","23","63"
"10970","24","9"
"10971","23","63"
"10971","24","9"
"10972","23","63"
"10972","24","8"
"10973","23","63"
"10973","24","8"
"10974","23","63"
"10974","24","8"
"10975","23","63"
"10975","24","8"
"10976","23","63"
"10976","24","9"
"10977","23","63"
"10977","24","7"
"10978","23","63"
"10978","24","4"
"10979","23","63"
"10979","24","9"
"10980","23","63"
"10980","24","8"
"10981","23","63"
"10981","24","8"
"10982","23","63"
"10982","24","9"
"10983","23","63"
"10983","24","8"
"10984","23","63"
"10984","24","8"
"10985","23","63"
"10985","24","8"
"10986","23","63"
"10986","24","8"
"10987","23","63"
"10987","24","8"
"10988","23","63"
"10988","24","8"
"10989","23","63"
"10989","24","8"
"10990","23","63"
"10990","24","8"
"10991","23","63"
"10991","24","8"
"10992","23","63"
"10992","24","8"
"10993","23","63"
"10993","24","8"
"10994","23","63"
"10994","24","8"
"10995","23","63"
"10995","24","8"
"10996","23","63"
"10996","24","8"
"10997","23","63"
"10997","24","8"
"10998","23","63"
"10998","24","8"
"10999","23","63"
"10999","24","8"
"11000","23","63"
"11000","24","8"
"11001","23","63"
"11001","24","8"
"11002","23","63"
"11002","24","8"
"11003","23","63"
"11003","24","8"
"11004","23","63"
"11004","24","8"
"11005","23","63"
"11005","24","8"
"11006","23","63"
"11006","24","8"
"11007","23","63"
"11007","24","8"
"11008","23","63"
"11008","24","8"
"11009","23","63"
"11009","24","8"
"11010","23","63"
"11010","24","8"
"11011","23","63"
"11011","24","8"
"11012","23","63"
"11012","24","8"
"11013","23","63"
"11013","24","8"
"11014","23","63"
"11014","24","9"
"11015","23","63"
"11015","24","9"
"11016","23","63"
"11016","24","9"
"11017","23","63"
"11017","24","8"
"11018","23","63"
"11018","24","8"
"11019","23","63"
"11019","24","7"
"11020","23","63"
"11020","24","8"
"11021","23","63"
"11021","24","9"
"11022","23","63"
"11022","24","10"
"11023","23","63"
"11023","24","10"
"11024","23","63"
"11024","24","9"
"11025","23","63"
"11025","24","9"
"11026","23","63"
"11026","24","8"
"11027","23","63"
"11027","24","10"
"11028","23","63"
"11028","24","9"
"11029","23","63"
"11029","24","10"
"11030","23","63"
"11030","24","10"
"11031","23","63"
"11031","24","9"
"11032","23","63"
"11032","24","9"
"11033","23","63"
"11033","24","9"
"11034","23","63"
"11034","24","10"
"11035","23","63"
"11035","24","10"
"11036","23","63"
"11036","24","10"
"11037","23","63"
"11037","24","10"
"11038","23","63"
"11038","24","10"
"11039","23","63"
"11039","24","11"
"11040","23","63"
"11040","24","9"
"11041","23","63"
"11041","24","9"
"11042","23","63"
"11042","24","9"
"11043","23","63"
"11043","24","8"
"11044","23","63"
"11044","24","8"
"11045","23","63"
"11045","24","8"
"11046","23","63"
"11046","24","8"
"11047","23","63"
"11047","24","8"
"11048","23","63"
"11048","24","9"
"11049","23","63"
"11049","24","9"
"11050","23","64"
"11050","24","8"
"11051","23","64"
"11051","24","10"
"11052","23","64"
"11052","24","10"
"11053","23","64"
"11053","24","10"
"11054","23","64"
"11054","24","10"
"11055","23","64"
"11055","24","10"
"11056","23","64"
"11056","24","10"
"11057","23","64"
"11057","24","10"
"11058","23","64"
"11058","24","9"
"11059","23","64"
"11059","24","10"
"11060","23","64"
"11060","24","11"
"11061","23","64"
"11061","24","10"
"11062","23","64"
"11062","24","10"
"11063","23","64"
"11063","24","10"
"11064","23","64"
"11064","24","10"
"11065","23","64"
"11065","24","5"
"11066","23","64"
"11066","24","5"
"11067","23","64"
"11067","24","5"
"11068","23","64"
"11068","24","5"
"11069","23","64"
"11069","24","5"
"11070","23","64"
"11070","24","5"
"11071","23","64"
"11071","24","11"
"11072","23","64"
"11073","23","64"
"11073","24","11"
"11074","23","65"
"11075","23","65"
"11076","23","65"
"11077","23","65"
"11078","23","65"
"11079","23","65"
"11080","23","64"
"11080","24","10"
"11081","23","64"
"11081","24","10"
"11082","23","64"
"11082","24","10"
"11083","23","64"
"11083","24","10"
"11084","23","64"
"11084","24","10"
"11085","23","64"
"11085","24","10"
"11086","23","64"
"11086","24","8"
"11087","23","64"
"11087","24","9"
"11088","23","64"
"11088","24","9"
"11089","23","64"
"11089","24","9"
"11090","23","64"
"11090","24","9"
"11091","23","64"
"11091","24","9"
"11092","23","64"
"11093","23","64"
"11093","24","9"
"11094","23","64"
"11095","23","64"
"11095","24","10"
"11096","23","64"
"11096","24","9"
"11097","23","64"
"11097","24","10"
"11098","23","64"
"11098","24","10"
"11099","23","64"
"11099","24","10"
"11100","23","64"
"11100","24","10"
"11101","23","64"
"11101","24","10"
"11102","23","64"
"11102","24","10"
"11103","23","64"
"11103","24","11"
"11104","23","64"
"11104","24","11"
"11105","23","65"
"11106","23","65"
"11107","23","65"
"11108","23","64"
"11108","24","11"
"11109","23","64"
"11109","24","11"
"11110","23","65"
"11111","23","65"
"11112","23","65"
"11113","23","65"
"11113","24","1"
"11114","23","65"
"11114","24","1"
"11115","23","65"
"11116","23","65"
"11117","23","65"
"11118","23","65"
"11119","23","65"
"11119","24","2"
"11120","23","65"
"11120","24","2"
"11121","23","65"
"11121","24","2"
"11122","23","65"
"11122","24","3"
"11123","23","65"
"11123","24","3"
"11124","23","65"
"11125","23","65"
"11125","24","4"
"11126","23","65"
"11126","24","4"
"11127","23","65"
"11127","24","4"
"11128","23","65"
"11128","24","4"
"11129","23","65"
"11129","24","4"
"11130","23","65"
"11130","24","4"
"11131","23","65"
"11131","24","4"
"11132","23","65"
"11132","24","4"
"11133","23","65"
"11133","24","4"
"11134","23","65"
"11134","24","3"
"11135","23","65"
"11135","24","3"
"11136","23","65"
"11136","24","3"
"11137","23","65"
"11137","24","3"
"11138","23","65"
"11138","24","3"
"11139","23","65"
"11139","24","3"
"11140","23","65"
"11140","24","3"
"11141","23","65"
"11141","24","3"
"11142","23","65"
"11142","24","3"
"11143","23","65"
"11143","24","3"
"11144","23","65"
"11144","24","3"
"11145","23","65"
"11145","24","3"
"11146","23","65"
"11146","24","6"
"11147","23","65"
"11147","24","7"
"11148","23","65"
"11148","24","7"
"11149","23","65"
"11149","24","7"
"11150","23","65"
"11150","24","7"
"11151","23","65"
"11151","24","7"
"11152","23","65"
"11152","24","7"
"11153","23","65"
"11153","24","8"
"11154","23","65"
"11154","24","8"
"11155","23","65"
"11155","24","8"
"11156","23","65"
"11156","24","8"
"11157","23","65"
"11157","24","8"
"11158","23","65"
"11158","24","8"
"11159","23","65"
"11159","24","8"
"11160","23","65"
"11160","24","8"
"11161","23","65"
"11161","24","8"
"11162","23","65"
"11162","24","8"
"11163","23","65"
"11163","24","8"
"11164","23","65"
"11164","24","8"
"11165","23","65"
"11165","24","9"
"11166","23","65"
"11166","24","9"
"11167","23","65"
"11167","24","9"
"11168","23","65"
"11168","24","10"
"11169","23","65"
"11169","24","8"
"11170","23","66"
"11171","23","66"
"11172","23","66"
"11172","24","2"
"11173","23","66"
"11173","24","2"
"11174","23","66"
"11174","24","2"
"11175","23","66"
"11175","24","2"
"11176","23","66"
"11176","24","2"
"11177","23","66"
"11177","24","2"
"11178","23","66"
"11178","24","2"
"11179","23","66"
"11179","24","2"
"11180","23","66"
"11180","24","2"
"11181","23","66"
"11181","24","2"
"11182","23","66"
"11182","24","2"
"11183","23","66"
"11183","24","2"
"11184","23","66"
"11184","24","2"
"11185","23","66"
"11185","24","2"
"11186","23","66"
"11186","24","2"
"11187","23","66"
"11187","24","2"
"11188","23","66"
"11188","24","6"
"11189","23","66"
"11189","24","6"
"11190","23","66"
"11190","24","6"
"11191","23","66"
"11191","24","6"
"11192","23","66"
"11192","24","6"
"11193","23","66"
"11193","24","6"
"11194","23","66"
"11194","24","6"
"11195","23","66"
"11195","24","6"
"11196","23","66"
"11196","24","6"
"11197","23","66"
"11197","24","7"
"11198","23","66"
"11198","24","6"
"11199","23","66"
"11199","24","6"
"11200","23","66"
"11200","24","6"
"11201","23","66"
"11201","24","6"
"11202","23","66"
"11202","24","6"
"11203","23","66"
"11203","24","6"
"11204","23","66"
"11204","24","8"
"11205","23","66"
"11205","24","8"
"11206","23","66"
"11206","24","8"
"11207","23","66"
"11207","24","9"
"11208","23","66"
"11208","24","8"
"11209","23","66"
"11209","24","7"
"11210","23","66"
"11210","24","6"
"11211","23","66"
"11211","24","4"
"11212","23","66"
"11212","24","4"
"11213","23","66"
"11213","24","4"
"11214","23","66"
"11214","24","2"
"11215","23","65"
"11215","24","6"
"11216","23","65"
"11216","24","6"
"11217","23","65"
"11217","24","6"
"11218","23","65"
"11218","24","6"
"11219","23","65"
"11219","24","6"
"11220","23","65"
"11220","24","8"
"11221","23","65"
"11221","24","9"
"11222","23","65"
"11222","24","9"
"11223","23","65"
"11223","24","9"
"11224","23","65"
"11224","24","9"
"11225","23","65"
"11225","24","9"
"11226","23","65"
"11226","24","9"
"11227","23","65"
"11227","24","10"
"11228","23","65"
"11228","24","9"
"11229","23","65"
"11229","24","9"
"11230","23","65"
"11230","24","9"
"11231","23","65"
"11231","24","9"
"11232","23","65"
"11232","24","9"
"11233","23","66"
"11234","23","66"
"11235","23","65"
"11235","24","10"
"11236","23","65"
"11236","24","10"
"11237","23","65"
"11237","24","10"
"11238","23","65"
"11238","24","10"
"11239","23","66"
"11240","23","65"
"11240","24","10"
"11241","23","66"
"11242","23","65"
"11242","24","10"
"11243","23","65"
"11243","24","10"
"11244","23","65"
"11244","24","10"
"11245","23","65"
"11245","24","10"
"11246","23","66"
"11247","23","66"
"11248","23","66"
"11249","23","66"
"11250","23","66"
"11250","24","1"
"11251","23","66"
"11252","23","66"
"11253","23","66"
"11254","23","66"
"11255","23","66"
"11256","23","66"
"11257","23","66"
"11258","23","66"
"11259","23","66"
"11260","23","66"
"11261","23","66"
"11262","23","65"
"11262","24","11"
"11263","23","66"
"11264","23","65"
"11264","24","11"
"11265","23","66"
"11266","23","66"
"11267","23","66"
"11268","23","66"
"11269","23","66"
"11270","23","66"
"11271","23","66"
"11272","23","66"
"11273","23","66"
"11274","23","66"
"11275","23","66"
"11276","23","66"
"11277","23","66"
"11278","23","66"
"11279","23","66"
"11280","23","66"
"11281","23","66"
"11282","23","66"
"11283","23","66"
"11284","23","66"
"11285","23","66"
"11286","23","66"
"11287","23","66"
"11288","23","66"
"11289","23","65"
"11289","24","11"
"11290","23","66"
"11291","23","66"
"11292","23","66"
"11292","24","2"
"11293","23","66"
"11293","24","2"
"11294","23","66"
"11294","24","2"
"11295","23","66"
"11295","24","2"
"11296","23","66"
"11296","24","3"
"11297","23","66"
"11298","23","66"
"11299","23","66"
"11299","24","5"
"11300","23","66"
"11300","24","3"
"11301","23","66"
"11301","24","6"
"11302","23","66"
"11302","24","6"
"11303","23","66"
"11303","24","6"
"11304","23","66"
"11304","24","6"
"11305","23","66"
"11305","24","6"
"11306","23","66"
"11306","24","6"
"11307","23","66"
"11307","24","6"
"11308","23","66"
"11308","24","6"
"11309","23","66"
"11309","24","6"
"11310","23","66"
"11310","24","6"
"11311","23","66"
"11311","24","6"
"11312","23","66"
"11312","24","6"
"11313","23","66"
"11313","24","6"
"11314","23","66"
"11314","24","6"
"11315","23","66"
"11315","24","6"
"11316","23","66"
"11316","24","6"
"11317","23","66"
"11317","24","6"
"11318","23","66"
"11318","24","6"
"11319","23","66"
"11319","24","6"
"11320","23","66"
"11320","24","7"
"11321","23","66"
"11321","24","5"
"11322","23","66"
"11322","24","6"
"11323","23","66"
"11323","24","6"
"11324","23","66"
"11324","24","6"
"11325","23","66"
"11325","24","7"
"11326","23","66"
"11326","24","7"
"11327","23","66"
"11327","24","8"
"11328","23","66"
"11328","24","6"
"11329","23","66"
"11329","24","6"
"11330","23","66"
"11330","24","1"
"11331","23","66"
"11332","23","66"
"11333","23","65"
"11333","24","11"
"11334","23","65"
"11334","24","11"
"11335","23","65"
"11335","24","10"
"11336","23","65"
"11336","24","10"
"11337","23","65"
"11337","24","10"
"11338","23","65"
"11338","24","10"
"11339","23","65"
"11339","24","9"
"11340","23","66"
"11341","23","66"
"11342","23","66"
"11343","23","66"
"11344","23","65"
"11344","24","11"
"11345","23","66"
"11346","23","66"
"11347","23","65"
"11347","24","11"
"11348","23","65"
"11348","24","11"
"11349","23","65"
"11349","24","11"
"11350","23","65"
"11350","24","11"
"11351","23","65"
"11351","24","11"
"11352","23","65"
"11352","24","10"
"11353","23","65"
"11353","24","10"
"11354","23","65"
"11354","24","11"
"11355","23","65"
"11355","24","11"
"11356","23","66"
"11357","23","66"
"11358","23","66"
"11359","23","65"
"11359","24","11"
"11360","23","65"
"11360","24","11"
"11361","23","65"
"11361","24","11"
"11362","23","65"
"11362","24","11"
"11363","23","65"
"11363","24","11"
"11364","23","66"
"11365","23","66"
"11365","24","1"
"11366","23","66"
"11366","24","1"
"11367","23","66"
"11367","24","1"
"11368","23","66"
"11368","24","2"
"11369","23","66"
"11369","24","1"
"11370","23","66"
"11370","24","2"
"11371","23","66"
"11371","24","2"
"11372","23","66"
"11372","24","2"
"11373","23","66"
"11373","24","2"
"11374","23","66"
"11374","24","2"
"11375","23","66"
"11375","24","2"
"11376","23","66"
"11376","24","2"
"11377","23","66"
"11377","24","2"
"11378","23","66"
"11378","24","2"
"11379","23","66"
"11379","24","2"
"11380","23","66"
"11380","24","3"
"11381","23","66"
"11381","24","4"
"11382","23","66"
"11382","24","3"
"11383","23","66"
"11383","24","4"
"11384","23","66"
"11384","24","4"
"11385","23","66"
"11385","24","4"
"11386","23","66"
"11386","24","2"
"11387","23","66"
"11387","24","2"
"11388","23","66"
"11388","24","2"
"11389","23","66"
"11389","24","2"
"11390","23","66"
"11390","24","5"
"11391","23","66"
"11391","24","6"
"11392","23","66"
"11392","24","4"
"11393","23","66"
"11393","24","4"
"11394","23","66"
"11394","24","5"
"11395","23","66"
"11395","24","5"
"11396","23","66"
"11396","24","5"
"11397","23","66"
"11397","24","5"
"11398","23","66"
"11398","24","5"
"11399","23","66"
"11399","24","5"
"11400","23","66"
"11400","24","5"
"11401","23","66"
"11401","24","6"
"11402","23","66"
"11402","24","6"
"11403","23","66"
"11403","24","7"
"11404","23","66"
"11404","24","7"
"11405","23","66"
"11405","24","7"
"11406","23","66"
"11406","24","7"
"11407","23","66"
"11407","24","7"
"11408","23","66"
"11408","24","7"
"11409","23","66"
"11409","24","6"
"11410","23","66"
"11410","24","6"
"11411","23","66"
"11411","24","6"
"11412","23","66"
"11412","24","6"
"11413","23","66"
"11413","24","6"
"11414","23","66"
"11414","24","6"
"11415","23","66"
"11415","24","6"
"11416","23","66"
"11416","24","6"
"11417","23","66"
"11417","24","7"
"11418","23","66"
"11418","24","7"
"11419","23","66"
"11419","24","7"
"11420","23","66"
"11420","24","7"
"11421","23","66"
"11421","24","7"
"11422","23","66"
"11422","24","7"
"11423","23","66"
"11423","24","7"
"11424","23","66"
"11424","24","7"
"11425","23","66"
"11425","24","7"
"11426","23","66"
"11426","24","7"
"11427","23","66"
"11427","24","6"
"11428","23","66"
"11428","24","7"
"11429","23","66"
"11429","24","7"
"11430","23","66"
"11430","24","8"
"11431","23","66"
"11431","24","7"
"11432","23","66"
"11432","24","7"
"11433","23","66"
"11433","24","7"
"11434","23","66"
"11434","24","7"
"11435","23","66"
"11435","24","7"
"11436","23","66"
"11436","24","8"
"11437","23","66"
"11437","24","7"
"11438","23","66"
"11438","24","7"
"11439","23","66"
"11439","24","7"
"11440","23","66"
"11440","24","7"
"11441","23","66"
"11441","24","8"
"11442","23","66"
"11442","24","7"
"11443","23","66"
"11443","24","7"
"11444","23","66"
"11444","24","7"
"11445","23","66"
"11445","24","7"
"11446","23","66"
"11446","24","7"
"11447","23","66"
"11447","24","7"
"11448","23","66"
"11448","24","7"
"11449","23","66"
"11449","24","7"
"11450","23","66"
"11450","24","7"
"11451","23","66"
"11451","24","7"
"11452","23","66"
"11452","24","7"
"11453","23","66"
"11453","24","7"
"11454","23","66"
"11454","24","7"
"11455","23","66"
"11455","24","7"
"11456","23","66"
"11456","24","7"
"11457","23","66"
"11457","24","7"
"11458","23","66"
"11458","24","7"
"11459","23","66"
"11459","24","6"
"11460","23","66"
"11460","24","6"
"11461","23","66"
"11461","24","6"
"11462","23","66"
"11462","24","6"
"11463","23","66"
"11463","24","6"
"11464","23","66"
"11464","24","6"
"11465","23","66"
"11465","24","6"
"11466","23","66"
"11466","24","7"
"11467","23","66"
"11467","24","7"
"11468","23","66"
"11468","24","7"
"11469","23","66"
"11469","24","7"
"11470","23","66"
"11470","24","7"
"11471","23","66"
"11471","24","7"
"11472","23","66"
"11472","24","7"
"11473","23","66"
"11473","24","7"
"11474","23","66"
"11474","24","7"
"11475","23","66"
"11475","24","7"
"11476","23","66"
"11476","24","7"
"11477","23","66"
"11477","24","7"
"11478","23","66"
"11478","24","7"
"11479","23","66"
"11479","24","7"
"11480","23","66"
"11480","24","7"
"11481","23","66"
"11481","24","6"
"11482","23","66"
"11482","24","7"
"11483","23","66"
"11483","24","7"
"11484","23","66"
"11484","24","6"
"11485","23","66"
"11485","24","6"
"11486","23","66"
"11486","24","6"
"11487","23","66"
"11487","24","6"
"11488","23","66"
"11488","24","6"
"11489","23","66"
"11489","24","6"
"11490","23","66"
"11490","24","6"
"11491","23","66"
"11491","24","6"
"11492","23","66"
"11492","24","5"
"11493","23","66"
"11493","24","5"
"11494","23","66"
"11494","24","4"
"11495","23","66"
"11495","24","4"
"11496","23","65"
"11496","24","10"
"11497","23","65"
"11497","24","9"
"11498","23","65"
"11498","24","8"
"11499","23","65"
"11499","24","8"
"11500","23","65"
"11500","24","9"
"11501","23","65"
"11501","24","8"
"11502","23","65"
"11502","24","8"
"11503","23","65"
"11503","24","8"
"11504","23","65"
"11504","24","8"
"11505","23","65"
"11505","24","8"
"11506","23","65"
"11506","24","8"
"11507","23","65"
"11507","24","8"
"11508","23","65"
"11508","24","8"
"11509","23","65"
"11509","24","8"
"11510","23","65"
"11510","24","8"
"11511","23","65"
"11511","24","10"
"11512","23","65"
"11512","24","10"
"11513","23","65"
"11513","24","9"
"11514","23","65"
"11515","23","65"
"11515","24","11"
"11516","23","65"
"11516","24","11"
"11517","23","66"
"11518","23","66"
"11518","24","1"
"11519","23","66"
"11519","24","1"
"11520","23","66"
"11520","24","2"
"11521","23","66"
"11521","24","2"
"11522","23","66"
"11522","24","2"
"11523","23","66"
"11523","24","2"
"11524","23","66"
"11524","24","2"
"11525","23","66"
"11525","24","3"
"11526","23","66"
"11526","24","6"
"11527","23","66"
"11527","24","4"
"11528","23","66"
"11528","24","4"
"11529","23","66"
"11529","24","6"
"11530","23","66"
"11530","24","4"
"11531","23","66"
"11531","24","4"
"11532","23","66"
"11532","24","4"
"11533","23","66"
"11533","24","6"
"11534","23","66"
"11534","24","4"
"11535","23","66"
"11535","24","4"
"11536","23","66"
"11537","23","66"
"11537","24","2"
"11538","23","66"
"11539","23","66"
"11539","24","2"
"11540","23","66"
"11540","24","2"
"11541","23","66"
"11542","23","66"
"11543","23","65"
"11543","24","11"
"11544","23","65"
"11544","24","10"
"11545","23","65"
"11545","24","9"
"11546","23","65"
"11546","24","6"
"11547","23","65"
"11547","24","6"
"11548","23","65"
"11548","24","2"
"11549","23","65"
"11550","23","65"
"11550","24","2"
"11551","23","65"
"11551","24","6"
"11552","23","66"
"11553","23","66"
"11553","24","2"
"11554","23","66"
"11554","24","2"
"11555","23","66"
"11555","24","6"
"11556","23","66"
"11556","24","6"
"11557","23","66"
"11557","24","6"
"11558","23","66"
"11558","24","6"
"11559","23","66"
"11559","24","6"
"11560","23","66"
"11561","23","66"
"11562","23","66"
"11563","23","66"
"11564","23","66"
"11564","24","2"
"11565","23","66"
"11565","24","4"
"11566","23","66"
"11566","24","4"
"11567","23","66"
"11567","24","6"
"11568","23","66"
"11568","24","6"
"11569","23","66"
"11569","24","8"
"11570","23","66"
"11570","24","6"
"11571","23","66"
"11571","24","4"
"11572","23","66"
"11572","24","4"
"11573","23","66"
"11573","24","2"
"11574","23","66"
"11574","24","2"
"11575","23","66"
"11575","24","2"
"11576","23","66"
"11576","24","4"
"11577","23","66"
"11577","24","5"
"11578","23","66"
"11578","24","5"
"11579","23","66"
"11579","24","8"
"11580","23","66"
"11580","24","4"
"11581","23","66"
"11581","24","4"
"11582","23","66"
"11582","24","4"
"11583","23","66"
"11583","24","4"
"11584","23","66"
"11584","24","4"
"11585","23","66"
"11585","24","4"
"11586","23","66"
"11587","23","66"
"11587","24","4"
"11588","23","66"
"11588","24","4"
"11589","23","66"
"11589","24","5"
"11590","23","66"
"11590","24","5"
"11591","23","66"
"11591","24","5"
"11592","23","66"
"11592","24","5"
"11593","23","66"
"11593","24","5"
"11594","23","66"
"11594","24","5"
"11595","23","66"
"11595","24","6"
"11596","23","66"
"11596","24","6"
"11597","23","66"
"11597","24","9"
"11598","23","66"
"11598","24","9"
"11599","23","66"
"11599","24","9"
"11600","23","66"
"11600","24","9"
"11601","23","66"
"11601","24","9"
"11602","23","66"
"11603","23","66"
"11603","24","9"
"11604","23","66"
"11604","24","9"
"11605","23","66"
"11605","24","9"
"11606","23","66"
"11606","24","9"
"11607","23","66"
"11607","24","8"
"11608","23","66"
"11609","23","66"
"11609","24","8"
"11610","23","66"
"11610","24","8"
"11611","23","66"
"11611","24","8"
"11612","23","66"
"11612","24","8"
"11613","23","66"
"11613","24","8"
"11614","23","66"
"11614","24","8"
"11615","23","66"
"11615","24","8"
"11616","23","66"
"11616","24","8"
"11617","23","66"
"11617","24","9"
"11618","23","66"
"11619","23","66"
"11619","24","8"
"11620","23","66"
"11621","23","66"
"11621","24","8"
"11622","23","66"
"11622","24","8"
"11623","23","66"
"11623","24","8"
"11624","23","66"
"11624","24","8"
"11625","23","66"
"11625","24","8"
"11626","23","66"
"11626","24","8"
"11627","23","66"
"11627","24","10"
"11628","23","66"
"11628","24","10"
"11629","23","66"
"11629","24","10"
"11630","23","66"
"11630","24","8"
"11631","23","66"
"11631","24","8"
"11632","23","66"
"11632","24","8"
"11633","23","66"
"11633","24","8"
"11634","23","66"
"11634","24","8"
"11635","23","66"
"11635","24","8"
"11636","23","66"
"11636","24","8"
"11637","23","66"
"11637","24","8"
"11638","23","66"
"11638","24","8"
"11639","23","66"
"11639","24","8"
"11640","23","66"
"11640","24","9"
"11641","23","66"
"11641","24","9"
"11642","23","66"
"11642","24","9"
"11643","23","66"
"11643","24","9"
"11644","23","66"
"11644","24","9"
"11645","23","66"
"11645","24","8"
"11646","23","66"
"11646","24","8"
"11647","23","66"
"11647","24","8"
"11648","23","66"
"11648","24","8"
"11649","23","66"
"11649","24","8"
"11650","23","66"
"11650","24","8"
"11651","23","66"
"11651","24","8"
"11652","23","66"
"11652","24","8"
"11653","23","66"
"11653","24","9"
"11654","23","66"
"11654","24","9"
"11655","23","66"
"11655","24","9"
"11656","23","66"
"11656","24","9"
"11657","23","66"
"11657","24","9"
"11658","23","66"
"11658","24","10"
"11659","23","66"
"11659","24","8"
"11660","23","66"
"11660","24","9"
"11661","23","66"
"11662","23","66"
"11662","24","8"
"11663","23","66"
"11663","24","8"
"11664","23","66"
"11664","24","8"
"11665","23","66"
"11665","24","6"
"11666","23","66"
"11666","24","6"
"11667","23","66"
"11667","24","6"
"11668","23","66"
"11668","24","6"
"11669","23","66"
"11669","24","6"
"11670","23","66"
"11670","24","4"
"11671","23","66"
"11671","24","2"
"11672","23","66"
"11672","24","2"
"11673","23","66"
"11673","24","3"
"11674","23","66"
"11675","23","66"
"11676","23","66"
"11677","23","66"
"11678","23","66"
"11678","24","2"
"11679","23","66"
"11679","24","3"
"11680","23","66"
"11680","24","3"
"11681","23","66"
"11681","24","4"
"11682","23","66"
"11682","24","2"
"11683","23","66"
"11683","24","3"
"11684","23","66"
"11684","24","3"
"11685","23","66"
"11685","24","2"
"11686","23","66"
"11686","24","2"
"11687","23","66"
"11687","24","2"
"11688","23","66"
"11688","24","2"
"11689","23","66"
"11689","24","2"
"11690","23","66"
"11690","24","2"
"11691","23","66"
"11691","24","2"
"11692","23","66"
"11692","24","2"
"11693","23","66"
"11693","24","2"
"11694","23","66"
"11694","24","2"
"11695","23","66"
"11695","24","2"
"11696","23","66"
"11696","24","2"
"11697","23","66"
"11697","24","2"
"11698","23","66"
"11698","24","2"
"11699","23","66"
"11699","24","1"
"11700","23","66"
"11701","23","66"
"11702","23","65"
"11702","24","11"
"11703","23","65"
"11703","24","11"
"11704","23","65"
"11704","24","11"
"11705","23","65"
"11705","24","11"
"11706","23","65"
"11706","24","11"
"11707","23","65"
"11707","24","10"
"11708","23","65"
"11708","24","11"
"11709","23","65"
"11709","24","11"
"11710","23","65"
"11710","24","10"
"11711","23","65"
"11711","24","9"
"11712","23","65"
"11712","24","9"
"11713","23","65"
"11713","24","8"
"11714","23","65"
"11714","24","8"
"11715","23","65"
"11716","23","65"
"11717","23","65"
"11717","24","8"
"11718","23","65"
"11718","24","8"
"11719","23","65"
"11719","24","8"
"11720","23","65"
"11720","24","8"
"11721","23","65"
"11721","24","8"
"11722","23","65"
"11722","24","9"
"11723","23","65"
"11723","24","9"
"11724","23","65"
"11724","24","9"
"11725","23","65"
"11725","24","9"
"11726","23","65"
"11726","24","9"
"11727","23","65"
"11727","24","9"
"11728","23","65"
"11728","24","9"
"11729","23","65"
"11729","24","9"
"11730","23","65"
"11730","24","9"
"11731","23","65"
"11731","24","9"
"11732","23","65"
"11732","24","10"
"11733","23","65"
"11733","24","9"
"11734","23","65"
"11734","24","10"
"11735","23","65"
"11735","24","9"
"11736","23","65"
"11737","23","65"
"11737","24","10"
"11738","23","65"
"11738","24","10"
"11739","23","65"
"11739","24","10"
"11740","23","65"
"11740","24","10"
"11741","23","65"
"11741","24","10"
"11742","23","65"
"11742","24","10"
"11743","23","65"
"11743","24","10"
"11744","23","65"
"11744","24","11"
"11745","23","65"
"11745","24","11"
"11746","23","65"
"11746","24","11"
"11747","23","65"
"11747","24","11"
"11748","23","65"
"11748","24","11"
"11749","23","65"
"11749","24","11"
"11750","23","65"
"11750","24","11"
"11751","23","65"
"11751","24","11"
"11752","23","65"
"11752","24","11"
"11753","23","66"
"11754","23","66"
"11755","23","66"
"11756","23","66"
"11757","23","66"
"11758","23","66"
"11759","23","66"
"11760","23","66"
"11761","23","66"
"11762","23","66"
"11763","23","66"
"11764","23","66"
"11765","23","66"
"11766","23","66"
"11766","24","1"
"11767","23","66"
"11767","24","1"
"11768","23","66"
"11769","23","66"
"11770","23","66"
"11771","23","66"
"11772","23","66"
"11773","23","66"
"11774","23","66"
"11775","23","65"
"11775","24","10"
"11776","23","65"
"11776","24","10"
"11777","23","65"
"11777","24","10"
"11778","23","65"
"11778","24","10"
"11779","23","65"
"11779","24","10"
"11780","23","65"
"11780","24","10"
"11781","23","65"
"11781","24","10"
"11782","23","65"
"11782","24","10"
"11783","23","65"
"11783","24","10"
"11784","23","65"
"11784","24","8"
"11785","23","65"
"11785","24","8"
"11786","23","65"
"11786","24","9"
"11787","23","65"
"11787","24","10"
"11788","23","65"
"11788","24","10"
"11789","23","65"
"11789","24","9"
"11790","23","65"
"11790","24","9"
"11791","23","65"
"11791","24","9"
"11792","23","65"
"11792","24","9"
"11793","23","65"
"11793","24","9"
"11794","23","65"
"11794","24","9"
"11795","23","65"
"11795","24","9"
"11796","23","65"
"11796","24","9"
"11797","23","65"
"11797","24","9"
"11798","23","65"
"11798","24","9"
"11799","23","65"
"11799","24","9"
"11800","23","65"
"11800","24","9"
"11801","23","65"
"11801","24","9"
"11802","23","65"
"11802","24","9"
"11803","23","65"
"11803","24","9"
"11804","23","65"
"11804","24","9"
"11805","23","65"
"11805","24","9"
"11806","23","65"
"11806","24","9"
"11807","23","65"
"11807","24","9"
"11808","23","65"
"11808","24","9"
"11809","23","65"
"11809","24","7"
"11810","23","65"
"11810","24","7"
"11811","23","65"
"11811","24","7"
"11812","23","65"
"11812","24","7"
"11813","23","65"
"11813","24","6"
"11814","23","65"
"11814","24","6"
"11815","23","65"
"11815","24","6"
"11816","23","65"
"11816","24","6"
"11817","23","65"
"11817","24","6"
"11818","23","65"
"11818","24","6"
"11819","23","65"
"11819","24","6"
"11820","23","65"
"11820","24","6"
"11821","23","65"
"11821","24","6"
"11822","23","65"
"11822","24","6"
"11823","23","65"
"11823","24","6"
"11824","23","65"
"11824","24","6"
"11825","23","65"
"11825","24","7"
"11826","23","65"
"11826","24","7"
"11827","23","65"
"11827","24","7"
"11828","23","65"
"11828","24","7"
"11829","23","65"
"11829","24","6"
"11830","23","65"
"11830","24","6"
"11831","23","65"
"11831","24","7"
"11832","23","65"
"11832","24","7"
"11833","23","65"
"11833","24","7"
"11834","23","65"
"11834","24","7"
"11835","23","65"
"11835","24","8"
"11836","23","65"
"11836","24","8"
"11837","23","65"
"11837","24","8"
"11838","23","65"
"11838","24","8"
"11839","23","65"
"11839","24","8"
"11840","23","65"
"11840","24","8"
"11841","23","65"
"11841","24","8"
"11842","23","65"
"11842","24","8"
"11843","23","65"
"11843","24","8"
"11844","23","65"
"11844","24","8"
"11845","23","65"
"11845","24","8"
"11846","23","65"
"11846","24","8"
"11847","23","65"
"11847","24","8"
"11848","23","65"
"11848","24","9"
"11849","23","65"
"11849","24","8"
"11850","23","65"
"11850","24","9"
"11851","23","65"
"11851","24","10"
"11852","23","65"
"11852","24","11"
"11853","23","65"
"11853","24","11"
"11854","23","65"
"11854","24","9"
"11855","23","65"
"11855","24","9"
"11856","23","65"
"11856","24","9"
"11857","23","65"
"11857","24","9"
"11858","23","65"
"11858","24","8"
"11859","23","65"
"11859","24","10"
"11860","23","65"
"11860","24","10"
"11861","23","65"
"11861","24","10"
"11862","23","65"
"11862","24","11"
"11863","23","66"
"11864","23","66"
"11865","23","66"
"11866","23","66"
"11867","23","66"
"11868","23","66"
"11869","23","66"
"11870","23","66"
"11871","23","66"
"11872","23","66"
"11873","23","66"
"11873","24","1"
"11874","23","66"
"11874","24","1"
"11875","23","66"
"11875","24","2"
"11876","23","66"
"11876","24","2"
"11877","23","66"
"11877","24","2"
"11878","23","66"
"11878","24","2"
"11879","23","66"
"11879","24","2"
"11880","23","66"
"11880","24","2"
"11881","23","66"
"11881","24","2"
"11882","23","66"
"11882","24","3"
"11883","23","66"
"11883","24","3"
"11884","23","66"
"11884","24","3"
"11885","23","66"
"11885","24","3"
"11886","23","66"
"11886","24","3"
"11887","23","66"
"11887","24","3"
"11888","23","66"
"11888","24","3"
"11889","23","66"
"11889","24","2"
"11890","23","66"
"11890","24","3"
"11891","23","66"
"11891","24","3"
"11892","23","66"
"11893","23","66"
"11894","23","66"
"11894","24","1"
"11895","23","66"
"11896","23","66"
"11896","24","1"
"11897","23","66"
"11898","23","66"
"11899","23","66"
"11900","23","66"
"11901","23","65"
"11901","24","11"
"11902","23","65"
"11902","24","11"
"11903","23","65"
"11903","24","11"
"11904","23","66"
"11905","23","66"
"11906","23","65"
"11906","24","11"
"11907","23","65"
"11907","24","11"
"11908","23","65"
"11908","24","11"
"11909","23","65"
"11909","24","11"
"11910","23","65"
"11910","24","11"
"11911","23","66"
"11912","23","66"
"11913","23","65"
"11913","24","11"
"11914","23","66"
"11914","24","1"
"11915","23","66"
"11915","24","1"
"11916","23","66"
"11916","24","1"
"11917","23","66"
"11917","24","1"
"11918","23","66"
"11918","24","1"
"11919","23","66"
"11919","24","1"
"11920","23","66"
"11920","24","1"
"11921","23","66"
"11921","24","1"
"11922","23","66"
"11922","24","1"
"11923","23","66"
"11923","24","2"
"11924","23","66"
"11924","24","2"
"11925","23","66"
"11925","24","2"
"11926","23","66"
"11926","24","2"
"11927","23","66"
"11927","24","2"
"11928","23","66"
"11928","24","2"
"11929","23","66"
"11930","23","66"
"11930","24","2"
"11931","23","66"
"11931","24","3"
"11932","23","66"
"11932","24","3"
"11933","23","66"
"11933","24","3"
"11934","23","66"
"11934","24","3"
"11935","23","66"
"11935","24","3"
"11936","23","66"
"11936","24","3"
"11937","23","66"
"11937","24","2"
"11938","23","66"
"11938","24","2"
"11939","23","66"
"11939","24","2"
"11940","23","66"
"11940","24","2"
"11941","23","66"
"11941","24","2"
"11942","23","66"
"11942","24","2"
"11943","23","66"
"11943","24","2"
"11944","23","66"
"11944","24","2"
"11945","23","66"
"11945","24","2"
"11946","23","66"
"11946","24","2"
"11947","23","66"
"11947","24","2"
"11948","23","66"
"11948","24","2"
"11949","23","66"
"11949","24","1"
"11950","23","66"
"11950","24","1"
"11951","23","66"
"11951","24","1"
"11952","23","66"
"11952","24","1"
"11953","23","66"
"11953","24","1"
"11954","23","66"
"11954","24","2"
"11955","23","66"
"11955","24","2"
"11956","23","66"
"11956","24","2"
"11957","23","66"
"11958","23","65"
"11958","24","11"
"11959","23","65"
"11959","24","11"
"11960","23","65"
"11960","24","11"
"11961","23","65"
"11961","24","11"
"11962","23","65"
"11962","24","11"
"11963","23","65"
"11963","24","11"
"11964","23","65"
"11964","24","10"
"11965","23","65"
"11965","24","10"
"11966","23","65"
"11966","24","11"
"11967","23","65"
"11967","24","11"
"11968","23","65"
"11968","24","10"
"11969","23","65"
"11969","24","10"
"11970","23","65"
"11970","24","10"
"11971","23","65"
"11971","24","10"
"11972","23","65"
"11972","24","10"
"11973","23","65"
"11973","24","10"
"11974","23","65"
"11974","24","10"
"11975","23","65"
"11975","24","10"
"11976","23","65"
"11976","24","10"
"11977","23","65"
"11977","24","10"
"11978","23","65"
"11978","24","10"
"11979","23","65"
"11979","24","10"
"11980","23","65"
"11980","24","9"
"11981","23","65"
"11981","24","9"
"11982","23","65"
"11982","24","9"
"11983","23","65"
"11983","24","9"
"11984","23","65"
"11984","24","9"
"11985","23","65"
"11985","24","8"
"11986","23","65"
"11986","24","8"
"11987","23","65"
"11987","24","7"
"11988","23","65"
"11988","24","7"
"11989","23","65"
"11989","24","7"
"11990","23","65"
"11990","24","7"
"11991","23","65"
"11991","24","7"
"11992","23","65"
"11992","24","7"
"11993","23","65"
"11993","24","7"
"11994","23","65"
"11994","24","7"
"11995","23","65"
"11995","24","7"
"11996","23","65"
"11996","24","8"
"11997","23","65"
"11997","24","10"
"11998","23","65"
"11998","24","10"
"11999","23","65"
"11999","24","10"
"12000","23","65"
"12000","24","10"
"12001","23","65"
"12001","24","10"
"12002","23","65"
"12002","24","10"
"12003","23","65"
"12003","24","10"
"12004","23","65"
"12004","24","10"
"12005","23","65"
"12005","24","10"
"12006","23","65"
"12006","24","10"
"12007","23","65"
"12007","24","10"
"12008","23","65"
"12008","24","10"
"12009","23","65"
"12009","24","10"
"12010","23","65"
"12010","24","9"
"12011","23","65"
"12011","24","10"
"12012","23","65"
"12012","24","10"
"12013","23","65"
"12013","24","10"
"12014","23","65"
"12014","24","9"
"12015","23","65"
"12015","24","8"
"12016","23","65"
"12016","24","9"
"12017","23","65"
"12017","24","9"
"12018","23","65"
"12018","24","9"
"12019","23","65"
"12019","24","9"
"12020","23","65"
"12020","24","9"
"12021","23","65"
"12021","24","9"
"12022","23","65"
"12022","24","9"
"12023","23","65"
"12023","24","9"
"12024","23","65"
"12024","24","9"
"12025","23","65"
"12025","24","7"
"12026","23","65"
"12026","24","6"
"12027","23","65"
"12027","24","6"
"12028","23","65"
"12028","24","6"
"12029","23","65"
"12029","24","6"
"12030","23","65"
"12030","24","6"
"12031","23","65"
"12031","24","6"
"12032","23","65"
"12032","24","6"
"12033","23","65"
"12033","24","6"
"12034","23","65"
"12034","24","6"
"12035","23","65"
"12035","24","6"
"12036","23","65"
"12036","24","6"
"12037","23","65"
"12037","24","6"
"12038","23","65"
"12038","24","6"
"12039","23","65"
"12039","24","6"
"12040","23","65"
"12040","24","6"
"12041","23","65"
"12041","24","5"
"12042","23","65"
"12042","24","5"
"12043","23","65"
"12043","24","5"
"12044","23","65"
"12044","24","5"
"12045","23","65"
"12045","24","6"
"12046","23","65"
"12046","24","5"
"12047","23","65"
"12047","24","4"
"12048","23","65"
"12048","24","4"
"12049","23","65"
"12049","24","2"
"12050","23","65"
"12050","24","2"
"12051","23","64"
"12051","24","7"
"12052","23","64"
"12052","24","6"
"12053","23","64"
"12053","24","3"
"12054","23","64"
"12054","24","2"
"12055","23","64"
"12055","24","1"
"12056","23","64"
"12056","24","1"
"12057","23","64"
"12058","23","63"
"12058","24","2"
"12059","23","63"
"12059","24","2"
"12060","23","63"
"12060","24","2"
"12061","23","63"
"12061","24","2"
"12062","23","63"
"12062","24","2"
"12063","23","63"
"12063","24","4"
"12064","23","63"
"12064","24","4"
"12065","23","63"
"12065","24","2"
"12066","23","63"
"12066","24","4"
"12067","23","63"
"12067","24","4"
"12068","23","63"
"12068","24","4"
"12069","23","63"
"12069","24","4"
"12070","23","63"
"12070","24","4"
"12071","23","63"
"12071","24","4"
"12072","23","63"
"12072","24","4"
"12073","23","63"
"12073","24","4"
"12074","23","63"
"12074","24","4"
"12075","23","63"
"12075","24","4"
"12076","23","63"
"12076","24","6"
"12077","23","63"
"12077","24","7"
"12078","23","63"
"12078","24","8"
"12079","23","63"
"12079","24","8"
"12080","23","63"
"12080","24","6"
"12081","23","63"
"12081","24","5"
"12082","23","63"
"12082","24","6"
"12083","23","63"
"12083","24","6"
"12084","23","63"
"12084","24","3"
"12085","23","63"
"12085","24","3"
"12086","23","63"
"12086","24","6"
"12087","23","63"
"12087","24","7"
"12088","23","63"
"12088","24","4"
"12089","23","63"
"12089","24","4"
"12090","23","63"
"12090","24","4"
"12091","23","63"
"12091","24","4"
"12092","23","63"
"12092","24","4"
"12093","23","63"
"12093","24","4"
"12094","23","63"
"12094","24","4"
"12095","23","63"
"12095","24","6"
"12096","23","63"
"12096","24","1"
"12097","23","63"
"12097","24","1"
"12098","23","62"
"12098","24","9"
"12099","23","62"
"12099","24","9"
"12100","23","62"
"12100","24","8"
"12101","23","62"
"12101","24","9"
"12102","23","62"
"12102","24","4"
"12103","23","62"
"12103","24","6"
"12104","23","62"
"12104","24","5"
"12105","23","62"
"12105","24","5"
"12106","23","62"
"12106","24","6"
"12107","23","62"
"12107","24","6"
"12108","23","62"
"12108","24","6"
"12109","23","62"
"12109","24","7"
"12110","23","62"
"12110","24","7"
"12111","23","62"
"12111","24","8"
"12112","23","62"
"12112","24","8"
"12113","23","62"
"12113","24","8"
"12114","23","62"
"12114","24","8"
"12115","23","62"
"12115","24","8"
"12116","23","62"
"12116","24","8"
"12117","23","62"
"12117","24","6"
"12118","23","62"
"12118","24","4"
"12119","23","62"
"12119","24","2"
"12120","23","61"
"12120","24","6"
"12121","23","61"
"12121","24","4"
"12122","23","61"
"12122","24","4"
"12123","23","61"
"12123","24","4"
"12124","23","62"
"12125","23","63"
"12126","23","63"
"12127","23","63"
"12128","23","63"
"12129","23","63"
"12130","23","63"
"12130","24","2"
"12131","23","63"
"12131","24","5"
"12132","23","63"
"12132","24","5"
"12133","23","63"
"12133","24","5"
"12134","23","63"
"12134","24","4"
"12135","23","63"
"12135","24","4"
"12136","23","63"
"12136","24","3"
"12137","23","63"
"12137","24","3"
"12138","23","63"
"12138","24","4"
"12139","23","63"
"12139","24","3"
"12140","23","63"
"12140","24","3"
"12141","23","63"
"12141","24","3"
"12142","23","63"
"12142","24","2"
"12143","23","63"
"12143","24","1"
"12144","23","63"
"12144","24","1"
"12145","23","63"
"12145","24","1"
"12146","23","62"
"12146","24","11"
"12147","23","62"
"12147","24","11"
"12148","23","62"
"12148","24","10"
"12149","23","62"
"12149","24","88"
"12150","23","62"
"12150","24","7"
"12151","23","62"
"12151","24","8"
"12152","23","62"
"12152","24","5"
"12153","23","62"
"12153","24","6"
"12154","23","62"
"12155","23","62"
"12155","24","7"
"12156","23","62"
"12156","24","7"
"12157","23","62"
"12157","24","7"
"12158","23","62"
"12158","24","7"
"12159","23","62"
"12159","24","7"
"12160","23","62"
"12160","24","7"
"12161","23","62"
"12161","24","6"
"12162","23","62"
"12162","24","7"
"12163","23","62"
"12163","24","7"
"12164","23","62"
"12164","24","8"
"12165","23","62"
"12165","24","8"
"12166","23","62"
"12166","24","7"
"12167","23","62"
"12167","24","7"
"12168","23","62"
"12168","24","7"
"12169","23","62"
"12169","24","7"
"12170","23","62"
"12170","24","6"
"12171","23","62"
"12171","24","8"
"12172","23","62"
"12172","24","8"
"12173","23","62"
"12173","24","9"
"12174","23","62"
"12174","24","9"
"12175","23","62"
"12175","24","9"
"12176","23","62"
"12176","24","10"
"12177","23","62"
"12177","24","10"
"12178","23","62"
"12178","24","10"
"12179","23","62"
"12180","23","62"
"12180","24","1"
"12181","23","63"
"12182","23","63"
"12182","24","1"
"12183","23","63"
"12183","24","1"
"12184","23","63"
"12184","24","1"
"12185","23","63"
"12185","24","1"
"12186","23","63"
"12186","24","2"
"12187","23","63"
"12187","24","2"
"12188","23","63"
"12188","24","4"
"12189","23","63"
"12189","24","6"
"12190","23","63"
"12190","24","6"
"12191","23","63"
"12191","24","6"
"12192","23","63"
"12192","24","6"
"12193","23","63"
"12193","24","8"
"12194","23","63"
"12194","24","8"
"12195","23","63"
"12195","24","9"
"12196","23","63"
"12196","24","9"
"12197","23","63"
"12197","24","10"
"12198","23","63"
"12198","24","10"
"12199","23","63"
"12200","23","63"
"12201","23","63"
"12201","24","10"
"12202","23","63"
"12202","24","10"
"12203","23","63"
"12203","24","11"
"12204","23","63"
"12205","23","64"
"12206","23","64"
"12207","23","64"
"12208","23","64"
"12208","24","1"
"12209","23","64"
"12210","23","64"
"12211","23","64"
"12212","23","64"
"12213","23","64"
"12214","23","63"
"12214","24","10"
"12215","23","63"
"12215","24","10"
"12216","23","63"
"12216","24","10"
"12217","23","63"
"12217","24","10"
"12218","23","63"
"12218","24","10"
"12219","23","63"
"12219","24","9"
"12220","23","63"
"12220","24","8"
"12221","23","63"
"12221","24","9"
"12222","23","63"
"12222","24","9"
"12223","23","63"
"12223","24","8"
"12224","23","64"
"12225","23","63"
"12225","24","8"
"12226","23","63"
"12226","24","7"
"12227","23","63"
"12227","24","8"
"12228","23","63"
"12228","24","9"
"12229","23","63"
"12230","23","63"
"12230","24","10"
"12231","23","63"
"12231","24","10"
"12232","23","63"
"12232","24","8"
"12233","23","63"
"12233","24","8"
"12234","23","63"
"12235","23","63"
"12235","24","10"
"12236","23","63"
"12236","24","10"
"12237","23","63"
"12237","24","10"
"12238","23","63"
"12238","24","10"
"12239","23","63"
"12239","24","10"
"12240","23","63"
"12240","24","11"
"12241","23","63"
"12241","24","11"
"12242","23","63"
"12242","24","11"
"12243","23","63"
"12243","24","11"
"12244","23","63"
"12244","24","11"
"12245","23","63"
"12245","24","11"
"12246","23","64"
"12247","23","64"
"12248","23","64"
"12249","23","64"
"12249","24","3"
"12250","23","64"
"12251","23","64"
"12252","23","64"
"12253","23","64"
"12254","23","64"
"12255","23","64"
"12256","23","64"
"12256","24","1"
"12257","23","64"
"12257","24","1"
"12258","23","64"
"12258","24","2"
"12259","23","64"
"12259","24","2"
"12260","23","64"
"12260","24","1"
"12261","23","64"
"12262","23","64"
"12263","23","64"
"12264","23","64"
"12264","24","2"
"12265","23","64"
"12265","24","2"
"12266","23","64"
"12267","23","64"
"12268","23","64"
"12269","23","63"
"12269","24","11"
"12270","23","63"
"12270","24","10"
"12271","23","63"
"12271","24","10"
"12272","23","63"
"12272","24","9"
"12273","23","63"
"12273","24","4"
"12274","23","63"
"12274","24","4"
"12275","23","63"
"12275","24","4"
"12276","23","62"
"12276","24","10"
"12277","23","62"
"12277","24","10"
"12278","23","62"
"12278","24","11"
"12279","23","62"
"12279","24","10"
"12280","23","62"
"12280","24","11"
"12281","23","62"
"12281","24","10"
"12282","23","62"
"12282","24","10"
"12283","23","62"
"12283","24","8"
"12284","23","62"
"12284","24","9"
"12285","23","62"
"12285","24","9"
"12286","23","62"
"12286","24","10"
"12287","23","62"
"12287","24","10"
"12288","23","62"
"12288","24","10"
"12289","23","62"
"12289","24","10"
"12290","23","62"
"12290","24","10"
"12291","23","62"
"12291","24","9"
"12292","23","62"
"12292","24","9"
"12293","23","62"
"12293","24","10"
"12294","23","62"
"12294","24","10"
"12295","23","62"
"12295","24","10"
"12296","23","62"
"12296","24","10"
"12297","23","62"
"12297","24","9"
"12298","23","62"
"12298","24","8"
"12299","23","62"
"12299","24","8"
"12300","23","62"
"12300","24","8"
"12301","23","62"
"12301","24","7"
"12302","23","62"
"12302","24","7"
"12303","23","62"
"12303","24","8"
"12304","23","62"
"12304","24","9"
"12305","23","62"
"12305","24","10"
"12306","23","62"
"12306","24","10"
"12307","23","62"
"12307","24","10"
"12308","23","62"
"12308","24","10"
"12309","23","62"
"12309","24","10"
"12310","23","62"
"12310","24","11"
"12311","23","63"
"12312","23","63"
"12313","23","63"
"12313","24","1"
"12314","23","63"
"12314","24","2"
"12315","23","63"
"12315","24","3"
"12316","23","63"
"12316","24","3"
"12317","23","63"
"12317","24","3"
"12318","23","63"
"12318","24","3"
"12319","23","63"
"12319","24","4"
"12320","23","63"
"12320","24","5"
"12321","23","63"
"12321","24","5"
"12322","23","63"
"12322","24","5"
"12323","23","63"
"12323","24","5"
"12324","23","63"
"12324","24","5"
"12325","23","63"
"12325","24","5"
"12326","23","63"
"12326","24","4"
"12327","23","63"
"12327","24","4"
"12328","23","63"
"12328","24","4"
"12329","23","63"
"12329","24","5"
"12330","23","63"
"12330","24","5"
"12331","23","63"
"12331","24","5"
"12332","23","63"
"12332","24","5"
"12333","23","63"
"12333","24","5"
"12334","23","63"
"12334","24","5"
"12335","23","63"
"12335","24","6"
"12336","23","63"
"12336","24","6"
"12337","23","63"
"12337","24","5"
"12338","23","63"
"12338","24","5"
"12339","23","63"
"12339","24","6"
"12340","23","63"
"12340","24","6"
"12341","23","63"
"12341","24","6"
"12342","23","63"
"12342","24","6"
"12343","23","63"
"12343","24","6"
"12344","23","63"
"12344","24","6"
"12345","23","63"
"12345","24","7"
"12346","23","63"
"12346","24","7"
"12347","23","63"
"12347","24","6"
"12348","23","63"
"12348","24","6"
"12349","23","63"
"12349","24","7"
"12350","23","63"
"12350","24","6"
"12351","23","63"
"12351","24","6"
"12352","23","63"
"12352","24","4"
"12353","23","63"
"12353","24","9"
"12354","23","63"
"12355","23","62"
"12355","24","9"
"12356","23","62"
"12356","24","10"
"12357","23","62"
"12357","24","10"
"12358","23","62"
"12358","24","10"
"12359","23","62"
"12359","24","10"
"12360","23","62"
"12360","24","10"
"12361","23","62"
"12361","24","10"
"12362","23","62"
"12362","24","10"
"12363","23","62"
"12363","24","10"
"12364","23","62"
"12364","24","10"
"12365","23","62"
"12365","24","10"
"12366","23","62"
"12366","24","9"
"12367","23","62"
"12367","24","8"
"12368","23","62"
"12368","24","7"
"12369","23","62"
"12369","24","8"
"12370","23","62"
"12370","24","6"
"12371","23","62"
"12371","24","6"
"12372","23","62"
"12372","24","6"
"12373","23","62"
"12373","24","6"
"12374","23","62"
"12374","24","6"
"12375","23","62"
"12375","24","6"
"12376","23","62"
"12376","24","6"
"12377","23","62"
"12377","24","5"
"12378","23","62"
"12378","24","6"
"12379","23","62"
"12379","24","6"
"12380","23","62"
"12380","24","5"
"12381","23","62"
"12381","24","1"
"12382","23","62"
"12383","23","61"
"12383","24","10"
"12384","23","62"
"12385","23","62"
"12385","24","3"
"12386","23","62"
"12386","24","3"
"12387","23","62"
"12387","24","3"
"12388","23","62"
"12388","24","2"
"12389","23","62"
"12389","24","4"
"12390","23","62"
"12390","24","3"
"12391","23","62"
"12391","24","5"
"12392","23","62"
"12392","24","6"
"12393","23","62"
"12393","24","4"
"12394","23","62"
"12394","24","4"
"12395","23","62"
"12395","24","4"
"12396","23","63"
"12396","24","5"
"12397","23","62"
"12397","24","6"
"12398","23","63"
"12398","24","7"
"12399","23","62"
"12399","24","9"
"12400","23","62"
"12400","24","9"
"12401","23","62"
"12401","24","9"
"12402","23","62"
"12402","24","5"
"12403","23","62"
"12403","24","2"
"12404","23","62"
"12405","23","62"
"12405","24","2"
"12406","23","62"
"12406","24","2"
"12407","23","61"
"12407","24","10"
"12408","23","61"
"12408","24","10"
"12409","23","61"
"12409","24","10"
"12410","23","61"
"12410","24","10"
"12411","23","61"
"12411","24","10"
"12412","23","61"
"12412","24","10"
"12413","23","61"
"12413","24","10"
"12414","23","61"
"12414","24","11"
"12415","23","62"
"12415","24","3"
"12416","23","62"
"12416","24","2"
"12417","23","62"
"12417","24","4"
"12418","23","62"
"12418","24","4"
"12419","23","62"
"12419","24","6"
"12420","23","62"
"12420","24","6"
"12421","23","62"
"12421","24","6"
"12422","23","62"
"12422","24","6"
"12423","23","63"
"12424","23","62"
"12425","23","63"
"12425","24","4"
"12426","23","63"
"12427","23","64"
"12428","23","63"
"12428","24","10"
"12429","23","62"
"12429","24","10"
"12430","23","62"
"12430","24","10"
"12431","23","63"
"12432","23","63"
"12433","23","63"
"12434","23","63"
"12435","23","63"
"12436","23","63"
"12437","23","62"
"12437","24","9"
"12438","23","62"
"12438","24","9"
"12439","23","62"
"12439","24","7"
"12440","23","62"
"12440","24","7"
"12441","23","62"
"12441","24","8"
"12442","23","62"
"12442","24","8"
"12443","23","62"
"12443","24","8"
"12444","23","62"
"12444","24","8"
"12445","23","62"
"12445","24","8"
"12446","23","62"
"12446","24","6"
"12447","23","62"
"12447","24","5"
"12448","23","62"
"12448","24","5"
"12449","23","62"
"12449","24","5"
"12450","23","62"
"12450","24","5"
"12451","23","62"
"12451","24","5"
"12452","23","62"
"12452","24","6"
"12453","23","62"
"12453","24","6"
"12454","23","62"
"12454","24","6"
"12455","23","62"
"12455","24","6"
"12456","23","62"
"12456","24","6"
"12457","23","62"
"12457","24","6"
"12458","23","62"
"12458","24","8"
"12459","23","62"
"12459","24","8"
"12460","23","62"
"12460","24","9"
"12461","23","62"
"12461","24","10"
"12462","23","62"
"12462","24","10"
"12463","23","62"
"12463","24","10"
"12464","23","62"
"12464","24","10"
"12465","23","62"
"12465","24","10"
"12466","23","62"
"12466","24","10"
"12467","23","62"
"12467","24","10"
"12468","23","62"
"12468","24","10"
"12469","23","62"
"12469","24","10"
"12470","23","62"
"12470","24","10"
"12471","23","62"
"12472","23","63"
"12473","23","63"
"12474","23","63"
"12475","23","63"
"12476","23","63"
"12477","23","63"
"12478","23","63"
"12479","23","63"
"12480","23","63"
"12481","23","63"
"12482","23","63"
"12483","23","63"
"12484","23","63"
"12485","23","63"
"12486","23","63"
"12487","23","63"
"12488","23","63"
"12489","23","63"
"12490","23","63"
"12491","23","63"
"12492","23","63"
"12493","23","63"
"12494","23","63"
"12495","23","63"
"12496","23","63"
"12497","23","63"
"12498","23","63"
"12499","23","63"
"12500","23","63"
"12501","23","63"
"12502","23","63"
"12503","23","63"
"12504","23","63"
"12505","23","63"
"12506","23","63"
"12507","23","63"
"12508","23","63"
"12509","23","63"
"12510","23","63"
"12511","23","63"
"12512","23","63"
"12513","23","63"
"12514","23","63"
"12515","23","63"
"12516","23","63"
"12517","23","63"
"12518","23","63"
"12519","23","63"
"12520","23","63"
"12521","23","63"
"12522","23","63"
"12523","23","63"
"12524","23","63"
"12525","23","63"
"12526","23","63"
"12527","23","63"
"12528","23","63"
"12529","23","63"
"12530","23","63"
"12531","23","63"
"12532","23","63"
"12533","23","63"
"12534","23","63"
"12535","23","63"
"12536","23","63"
"12537","23","63"
"12538","23","63"
"12539","23","63"
"12540","23","63"
"12541","23","63"
"12542","23","63"
"12543","23","63"
"12544","23","63"
"12545","23","63"
"12546","23","63"
"12547","23","63"
"12548","23","63"
"12549","23","63"
"12550","23","63"
"12551","23","63"
"12552","23","63"
"12553","23","63"
"12554","23","63"
"12555","23","63"
"12556","23","63"
"12557","23","63"
"12558","23","63"
"12559","23","63"
"12560","23","63"
"12561","23","63"
"12562","23","63"
"12563","23","63"
"12564","23","63"
"12565","23","63"
"12566","23","63"
"12567","23","63"
"12568","23","63"
"12569","23","63"
"12570","23","63"
"12571","23","63"
"12572","23","63"
"12573","23","63"
"12574","23","63"
"12575","23","63"
"12576","23","63"
"12577","23","63"
"12578","23","63"
"12579","23","63"
"12580","23","63"
"12581","23","63"
"12582","23","63"
"12583","23","63"
"12584","23","63"
"12585","23","63"
"12586","23","63"
"12587","23","63"
"12588","23","63"
"12589","23","63"
"12590","23","63"
"12591","23","63"
"12592","23","63"
"12593","23","63"
"12594","23","63"
"12595","23","63"
"12596","23","63"
"12597","23","63"
"12598","23","63"
"12599","23","63"
"12600","23","63"
"12601","23","63"
"12602","23","63"
"12603","23","63"
"12604","23","63"
"12605","23","63"
"12606","23","63"
"12607","23","63"
"12608","23","63"
"12609","23","63"
"12610","23","63"
"12611","23","63"
"12612","23","63"
"12613","23","63"
"12614","23","63"
"12615","23","63"
"12616","23","63"
"12617","23","63"
"12618","23","63"
"12619","23","63"
"12620","23","63"
"12621","23","63"
"12622","23","63"
"12623","23","63"
"12624","23","63"
"12625","23","63"
"12626","23","63"
"12627","23","63"
"12628","23","63"
"12629","23","63"
"12630","23","63"
"12631","23","63"
"12632","23","63"
"12633","23","62"
"12633","24","10"
"12634","23","62"
"12634","24","10"
"12635","23","62"
"12635","24","11"
"12636","23","63"
"12637","23","62"
"12637","24","10"
"12638","23","62"
"12638","24","10"
"12639","23","61"
"12639","24","10"
"12640","23","62"
"12640","24","10"
"12641","23","62"
"12641","24","10"
"12642","23","62"
"12642","24","9"
"12643","23","62"
"12643","24","9"
"12644","23","62"
"12644","24","8"
"12645","23","62"
"12645","24","8"
"12646","23","62"
"12646","24","8"
"12647","23","62"
"12647","24","8"
"12648","23","62"
"12648","24","8"
"12649","23","62"
"12649","24","8"
"12650","23","62"
"12650","24","8"
"12651","23","62"
"12651","24","8"
"12652","23","62"
"12652","24","8"
"12653","23","62"
"12653","24","8"
"12654","23","62"
"12654","24","8"
"12655","23","62"
"12655","24","8"
"12656","23","62"
"12656","24","8"
"12657","23","62"
"12657","24","8"
"12658","23","62"
"12658","24","8"
"12659","23","62"
"12659","24","8"
"12660","23","62"
"12660","24","8"
"12661","23","62"
"12661","24","8"
"12662","23","62"
"12662","24","8"
"12663","23","62"
"12663","24","8"
"12664","23","62"
"12664","24","8"
"12665","23","62"
"12665","24","8"
"12666","23","62"
"12666","24","8"
"12667","23","62"
"12667","24","8"
"12668","23","62"
"12668","24","8"
"12669","23","62"
"12669","24","9"
"12670","23","62"
"12670","24","9"
"12671","23","62"
"12671","24","9"
"12672","23","62"
"12672","24","9"
"12673","23","62"
"12673","24","9"
"12674","23","62"
"12674","24","9"
"12675","23","62"
"12675","24","9"
"12676","23","62"
"12676","24","9"
"12677","23","62"
"12677","24","9"
"12678","23","62"
"12678","24","9"
"12679","23","62"
"12679","24","9"
"12680","23","62"
"12680","24","9"
"12681","23","62"
"12681","24","9"
"12682","23","62"
"12682","24","6"
"12683","23","62"
"12683","24","8"
"12684","23","62"
"12684","24","8"
"12685","23","62"
"12685","24","8"
"12686","23","62"
"12686","24","8"
"12687","23","62"
"12687","24","8"
"12688","23","62"
"12688","24","8"
"12689","23","62"
"12689","24","8"
"12690","23","61"
"12690","24","4"
"12691","23","61"
"12691","24","4"
"12692","23","61"
"12693","23","61"
"12694","23","63"
"12695","23","63"
"12696","23","63"
"12697","23","63"
"12698","23","63"
"12699","23","63"
"12700","23","63"
"12701","23","63"
"12702","23","63"
"12703","23","63"
"12704","23","63"
"12705","23","63"
"12706","23","63"
"12707","23","63"
"12708","23","63"
"12709","23","63"
"12710","23","63"
"12711","23","63"
"12712","23","63"
"12713","23","63"
"12714","23","63"
"12715","23","63"
"12716","23","63"
"12717","23","63"
"12718","23","63"
"12719","23","63"
"12720","23","63"
"12721","23","63"
"12722","23","63"
"12723","23","63"
"12724","23","63"
"12725","23","63"
"12726","23","63"
"12727","23","63"
"12728","23","63"
"12729","23","63"
"12730","23","63"
"12731","23","63"
"12732","23","63"
"12733","23","63"
"12734","23","63"
"12735","23","63"
"12736","23","63"
"12737","23","63"
"12738","23","63"
"12739","23","63"
"12740","23","63"
"12741","23","63"
"12742","23","63"
"12743","23","63"
"12744","23","63"
"12745","23","63"
"12746","23","63"
"12747","23","63"
"12748","23","63"
"12749","23","63"
"12750","23","63"
"12751","23","63"
"12752","23","63"
"12753","23","63"
"12754","23","63"
"12755","23","63"
"12756","23","63"
"12757","23","63"
"12758","23","63"
"12759","23","63"
"12760","23","63"
"12761","23","63"
"12762","23","63"
"12763","23","63"
"12764","23","63"
"12765","23","63"
"12766","23","63"
"12767","23","63"
"12768","23","63"
"12769","23","63"
"12770","23","63"
"12771","23","63"
"12772","23","63"
"12773","23","63"
"12774","23","63"
"12775","23","63"
"12776","23","63"
"12777","23","63"
"12778","23","63"
"12779","23","63"
"12780","23","63"
"12781","23","63"
"12782","23","63"
"12783","23","63"
"12784","23","63"
"12785","23","63"
"12786","23","63"
"12787","23","63"
"12788","23","63"
"12789","23","63"
"12790","23","63"
"12791","23","63"
"12792","23","63"
"12793","23","63"
"12794","23","63"
"12795","23","63"
"12796","23","63"
"12797","23","63"
"12798","23","63"
"12799","23","63"
"12800","23","63"
"12801","23","63"
"12802","23","63"
"12803","23","63"
"12804","23","63"
"12805","23","63"
"12806","23","63"
"12807","23","63"
"12808","23","63"
"12809","23","63"
"12810","23","63"
"12811","23","63"
"12812","23","63"
"12813","23","63"
"12814","23","63"
"12815","23","63"
"12816","23","63"
"12817","23","63"
"12818","23","63"
"12819","23","63"
"12820","23","63"
"12821","23","63"
"12822","23","63"
"12823","23","63"
"12824","23","63"
"12825","23","63"
"12826","23","63"
"12827","23","63"
"12828","23","63"
"12829","23","63"
"12830","23","63"
"12831","23","63"
"12832","23","63"
"12833","23","63"
"12834","23","63"
"12835","23","63"
"12836","23","63"
"12837","23","63"
"12838","23","63"
"12839","23","63"
"12840","23","62"
"12840","24","6"
"12841","23","62"
"12841","24","10"
"12842","23","63"
"12843","23","63"
"12844","23","63"
"12845","23","63"
"12846","23","63"
"12847","23","63"
"12848","23","63"
"12849","23","63"
"12850","23","63"
"12851","23","63"
"12852","23","63"
"12853","23","63"
"12854","23","63"
"12855","23","63"
"12856","23","63"
"12857","23","63"
"12858","23","63"
"12859","23","63"
"12860","23","63"
"12861","23","63"
"12862","23","63"
"12863","23","63"
"12864","23","63"
"12865","23","63"
"12866","23","63"
"12867","23","63"
"12868","23","63"
"12869","23","63"
"12870","23","63"
"12871","23","63"
"12872","23","63"
"12873","23","63"
"12874","23","63"
"12875","23","63"
"12876","23","63"
"12877","23","63"
"12878","23","63"
"12879","23","63"
"12880","23","63"
"12881","23","63"
"12882","23","63"
"12883","23","63"
"12884","23","63"
"12885","23","63"
"12886","23","63"
"12887","23","63"
"12888","23","63"
"12889","23","63"
"12890","23","63"
"12891","23","63"
"12892","23","63"
"12893","23","63"
"12894","23","63"
"12895","23","63"
"12896","23","63"
"12897","23","63"
"12898","23","63"
"12899","23","63"
"12900","23","63"
"12901","23","63"
"12902","23","63"
"12903","23","63"
"12904","23","63"
"12905","23","63"
"12906","23","63"
"12907","23","63"
"12908","23","63"
"12909","23","63"
"12910","23","63"
"12911","23","63"
"12912","23","63"
"12913","23","63"
"12914","23","63"
"12915","23","63"
"12916","23","63"
"12917","23","63"
"12918","23","63"
"12919","23","63"
"12920","23","63"
"12921","23","63"
"12922","23","63"
"12923","23","63"
"12924","23","63"
"12925","23","63"
"12926","23","63"
"12927","23","63"
"12928","23","63"
"12929","23","63"
"12930","23","63"
"12931","23","63"
"12932","23","63"
"12933","23","63"
"12934","23","63"
"12935","23","63"
"12936","23","63"
"12937","23","63"
"12938","23","63"
"12939","23","63"
"12940","23","63"
"12941","23","63"
"12942","23","63"
"12943","23","63"
"12944","23","63"
"12945","23","63"
"12946","23","63"
"12947","23","63"
"12948","23","63"
"12949","23","63"
"12950","23","63"
"12951","23","63"
"12952","23","63"
"12953","23","63"
"12954","23","63"
"12955","23","63"
"12956","23","63"
"12957","23","63"
"12958","23","63"
"12959","23","63"
"12960","23","63"
"12961","23","63"
"12962","23","63"
"12963","23","63"
"12964","23","63"
"12965","23","63"
"12966","23","63"
"12967","23","63"
"12968","23","63"
"12969","23","63"
"12970","23","63"
"12971","23","63"
"12972","23","63"
"12973","23","63"
"12974","23","63"
"12975","23","63"
"12976","23","63"
"12977","23","63"
"12978","23","63"
"12979","23","63"
"12980","23","63"
"12981","23","63"
"12982","23","63"
"12983","23","63"
"12984","23","63"
"12985","23","63"
"12986","23","63"
"12987","23","63"
"12988","23","63"
"12989","23","63"
"12990","23","63"
"12991","23","63"
"12992","23","63"
"12993","23","63"
"12994","23","63"
"12995","23","63"
"12996","23","63"
"12997","23","63"
"12998","23","63"
"12999","23","63"
"13000","23","63"
"13001","23","63"
"13002","23","63"
"13003","23","63"
"13004","23","63"
"13005","23","63"
"13006","23","63"
"13007","23","63"
"13008","23","63"
"13009","23","63"
"13010","23","63"
"13011","23","63"
"13012","23","63"
"13013","23","63"
"13014","23","63"
"13015","23","63"
"13016","23","63"
"13017","23","63"
"13018","23","63"
"13019","23","63"
"13020","23","63"
"13021","23","63"
"13022","23","63"
"13023","23","63"
"13024","23","63"
"13025","23","63"
"13026","23","63"
"13027","23","63"
"13028","23","63"
"13029","23","63"
"13030","23","63"
"13031","23","63"
"13032","23","63"
"13033","23","63"
"13034","23","63"
"13035","23","63"
"13036","23","63"
"13037","23","63"
"13038","23","63"
"13039","23","63"
"13040","23","63"
"13041","23","63"
"13042","23","63"
"13043","23","63"
"13044","23","63"
"13045","23","63"
"13046","23","63"
"13047","23","63"
"13048","23","63"
"13049","23","63"
"13050","23","63"
"13051","23","63"
"13052","23","63"
"13053","23","63"
"13054","23","63"
"13055","23","63"
"13056","23","63"
"13057","23","63"
"13058","23","63"
"13059","23","63"
"13060","23","63"
"13061","23","63"
"13062","23","63"
"13063","23","63"
"13064","23","63"
"13065","23","63"
"13066","23","63"
"13067","23","63"
"13068","23","63"
"13069","23","63"
"13070","23","63"
"13071","23","63"
"13072","23","63"
"13073","23","63"
"13074","23","63"
"13075","23","63"
"13076","23","63"
"13077","23","63"
"13078","23","63"
"13079","23","63"
"13080","23","63"
"13081","23","63"
"13082","23","63"
"13083","23","63"
"13084","23","63"
"13085","23","63"
"13086","23","63"
"13087","23","63"
"13088","23","63"
"13089","23","63"
"13090","23","63"
"13091","23","63"
"13092","23","63"
"13093","23","63"
"13094","23","63"
"13095","23","63"
"13096","23","63"
"13097","23","63"
"13098","23","63"
"13099","23","63"
"13100","23","63"
"13101","23","63"
"13102","23","63"
"13103","23","63"
"13104","23","63"
"13105","23","63"
"13106","23","63"
"13107","23","63"
"13108","23","63"
"13109","23","63"
"13110","23","63"
"13111","23","63"
"13112","23","63"
"13113","23","63"
"13114","23","63"
"13115","23","63"
"13116","23","63"
"13117","23","63"
"13118","23","63"
"13119","23","63"
"13120","23","63"
"13121","23","63"
"13122","23","63"
"13123","23","63"
"13124","23","63"
"13125","23","63"
"13126","23","63"
"13127","23","63"
"13128","23","63"
"13129","23","63"
"13130","23","63"
"13131","23","63"
"13132","23","63"
"13133","23","63"
"13134","23","63"
"13135","23","63"
"13136","23","63"
"13137","23","63"
"13138","23","63"
"13139","23","63"
"13140","23","63"
"13141","23","63"
"13142","23","63"
"13143","23","63"
"13144","23","63"
"13145","23","63"
"13146","23","63"
"13147","23","63"
"13148","23","63"
"13149","23","63"
"13150","23","63"
"13151","23","63"
"13152","23","63"
"13153","23","63"
"13154","23","63"
"13155","23","63"
"13156","23","63"
"13157","23","63"
"13158","23","63"
"13159","23","63"
"13160","23","63"
"13161","23","63"
"13162","23","63"
"13163","23","63"
"13164","23","63"
"13165","23","63"
"13166","23","63"
"13167","23","63"
"13168","23","63"
"13169","23","63"
"13170","23","63"
"13171","23","63"
"13172","23","63"
"13173","23","63"
"13174","23","63"
"13175","23","63"
"13176","23","63"
"13177","23","63"
"13178","23","63"
"13179","23","63"
"13180","23","63"
"13181","23","63"
"13182","23","63"
"13183","23","63"
"13184","23","63"
"13185","23","63"
"13186","23","63"
"13187","23","63"
"13188","23","63"
"13189","23","63"
"13190","23","63"
"13191","23","63"
"13192","23","63"
"13193","23","63"
"13194","23","63"
"13195","23","63"
"13196","23","63"
"13197","23","63"
"13198","23","63"
"13199","23","63"
"13200","23","63"
"13201","23","63"
"13202","23","63"
"13203","23","63"
"13204","23","63"
"13205","23","63"
"13206","23","63"
"13207","23","63"
"13208","23","63"
"13209","23","63"
"13210","23","63"
"13211","23","63"
"13212","23","63"
"13213","23","63"
"13214","23","63"
"13215","23","63"
"13216","23","63"
"13217","23","63"
"13218","23","66"
"13219","23","66"
"13220","23","66"
"13221","23","66"
"13222","23","66"
"13222","24","1"
"13223","23","66"
"13223","24","6"
"13224","23","66"
"13225","23","66"
"13225","24","2"
"13226","23","66"
"13226","24","6"
"13227","23","66"
"13228","23","66"
"13228","24","2"
"13229","23","66"
"13230","23","66"
"13231","23","66"
"13231","24","2"
"13232","23","66"
"13232","24","2"
"13233","23","66"
"13233","24","2"
"13234","23","66"
"13234","24","1"
"13235","23","66"
"13235","24","1"
"13236","23","66"
"13236","24","1"
"13237","23","66"
"13237","24","1"
"13238","23","66"
"13238","24","1"
"13239","23","66"
"13239","24","1"
"13240","23","66"
"13240","24","1"
"13241","23","66"
"13241","24","3"
"13242","23","66"
"13242","24","2"
"13243","23","66"
"13243","24","3"
"13244","23","66"
"13244","24","3"
"13245","23","66"
"13245","24","3"
"13246","23","66"
"13246","24","3"
"13247","23","66"
"13247","24","3"
"13248","23","66"
"13248","24","3"
"13249","23","66"
"13249","24","4"
"13250","23","66"
"13250","24","5"
"13251","23","66"
"13251","24","5"
"13252","23","66"
"13252","24","5"
"13253","23","66"
"13253","24","7"
"13254","23","66"
"13254","24","7"
"13255","23","66"
"13255","24","7"
"13256","23","66"
"13256","24","6"
"13257","23","66"
"13257","24","6"
"13258","23","66"
"13258","24","6"
"13259","23","66"
"13259","24","6"
"13260","23","66"
"13260","24","7"
"13261","23","66"
"13261","24","6"
"13262","23","66"
"13262","24","7"
"13263","23","66"
"13263","24","6"
"13264","23","66"
"13264","24","6"
"13265","23","66"
"13265","24","6"
"13266","23","66"
"13266","24","6"
"13267","23","66"
"13267","24","6"
"13268","23","66"
"13268","24","6"
"13269","23","66"
"13269","24","7"
"13270","23","67"
"13271","23","67"
"13272","23","66"
"13272","24","11"
"13273","23","66"
"13273","24","11"
"13274","23","67"
"13275","23","66"
"13275","24","10"
"13276","23","67"
"13277","23","67"
"13278","23","67"
"13279","23","67"
"13280","23","66"
"13280","24","10"
"13281","23","67"
"13282","23","66"
"13282","24","10"
"13283","23","66"
"13283","24","8"
"13284","23","66"
"13284","24","8"
"13285","23","66"
"13285","24","10"
"13286","23","66"
"13286","24","10"
"13287","23","66"
"13287","24","10"
"13288","23","66"
"13288","24","10"
"13289","23","66"
"13289","24","8"
"13290","23","66"
"13290","24","4"
"13291","23","66"
"13291","24","6"
"13292","23","66"
"13293","23","66"
"13293","24","7"
"13294","23","66"
"13294","24","6"
"13295","23","66"
"13295","24","9"
"13296","23","66"
"13296","24","8"
"13297","23","66"
"13297","24","6"
"13298","23","66"
"13298","24","6"
"13299","23","66"
"13299","24","8"
"13300","23","66"
"13300","24","8"
"13301","23","66"
"13301","24","8"
"13302","23","66"
"13302","24","10"
"13303","23","66"
"13303","24","10"
"13304","23","66"
"13304","24","10"
"13305","23","66"
"13305","24","10"
"13306","23","66"
"13306","24","10"
"13307","23","66"
"13307","24","8"
"13308","23","66"
"13308","24","8"
"13309","23","66"
"13309","24","8"
"13310","23","66"
"13310","24","2"
"13311","23","66"
"13311","24","10"
"13312","23","66"
"13312","24","6"
"13313","23","66"
"13313","24","8"
"13314","23","66"
"13314","24","8"
"13315","23","66"
"13315","24","8"
"13316","23","66"
"13316","24","8"
"13317","23","66"
"13318","23","66"
"13318","24","8"
"13319","23","66"
"13319","24","4"
"13320","23","67"
"13321","23","67"
"13322","23","67"
"13323","23","67"
"13324","23","67"
"13324","24","10"
"13325","23","67"
"13325","24","10"
"13326","23","60"
"13327","23","67"
"13328","23","67"
"13329","23","67"
"13330","23","67"
"13331","23","67"
"13332","23","67"
"13333","23","67"
"13334","23","67"
"13335","23","67"
"13336","23","67"
"13337","23","67"
"13338","23","67"
"13339","23","67"
"13340","23","67"
"13340","24","4"
"13341","23","67"
"13341","24","2"
"13342","23","67"
"13342","24","2"
"13343","23","67"
"13343","24","7"
"13344","23","67"
"13344","24","4"
"13345","23","67"
"13345","24","4"
"13346","23","67"
"13346","24","4"
"13347","23","67"
"13347","24","4"
"13348","23","67"
"13348","24","4"
"13349","23","67"
"13349","24","2"
"13350","23","67"
"13350","24","5"
"13351","23","67"
"13351","24","4"
"13352","23","67"
"13352","24","6"
"13353","23","67"
"13353","24","4"
"13354","23","67"
"13354","24","2"
"13355","23","67"
"13355","24","2"
"13356","23","67"
"13356","24","2"
"13357","23","67"
"13357","24","2"
"13358","23","67"
"13358","24","2"
"13359","23","67"
"13359","24","2"
"13360","23","67"
"13360","24","3"
"13361","23","67"
"13361","24","3"
"13362","23","67"
"13362","24","6"
"13363","23","67"
"13363","24","4"
"13364","23","67"
"13364","24","6"
"13365","23","67"
"13365","24","6"
"13366","23","67"
"13366","24","4"
"13367","23","67"
"13367","24","5"
"13368","23","67"
"13368","24","7"
"13369","23","67"
"13369","24","7"
"13370","23","67"
"13370","24","7"
"13371","23","67"
"13371","24","5"
"13372","23","67"
"13372","24","8"
"13373","23","67"
"13373","24","8"
"13374","23","67"
"13374","24","7"
"13375","23","67"
"13375","24","7"
"13376","23","67"
"13376","24","7"
"13377","23","67"
"13377","24","7"
"13378","23","67"
"13378","24","8"
"13379","23","67"
"13379","24","8"
"13380","23","67"
"13380","24","8"
"13381","23","67"
"13381","24","7"
"13382","23","67"
"13382","24","9"
"13383","23","67"
"13383","24","6"
"13384","23","67"
"13384","24","10"
"13385","23","67"
"13385","24","10"
"13386","23","67"
"13386","24","10"
"13387","23","68"
"13388","23","68"
"13389","23","68"
"13390","23","68"
"13391","23","68"
"13391","24","2"
"13392","23","68"
"13392","24","2"
"13393","23","68"
"13393","24","2"
"13394","23","68"
"13394","24","2"
"13395","23","68"
"13396","23","68"
"13396","24","2"
"13397","23","68"
"13397","24","2"
"13398","23","68"
"13398","24","4"
"13399","23","68"
"13400","23","68"
"13401","23","68"
"13401","24","4"
"13402","23","68"
"13402","24","4"
"13403","23","68"
"13404","23","68"
"13404","24","1"
"13405","23","68"
"13405","24","1"
"13406","23","68"
"13406","24","6"
"13407","23","68"
"13407","24","4"
"13408","23","68"
"13408","24","6"
"13409","23","68"
"13409","24","6"
"13410","23","68"
"13410","24","4"
"13411","23","68"
"13411","24","4"
"13412","23","68"
"13412","24","5"
"13413","23","68"
"13413","24","5"
"13414","23","68"
"13414","24","5"
"13415","23","68"
"13415","24","6"
"13416","23","68"
"13416","24","6"
"13417","23","68"
"13417","24","6"
"13418","23","68"
"13418","24","6"
"13419","23","68"
"13419","24","6"
"13420","23","68"
"13420","24","6"
"13421","23","68"
"13421","24","6"
"13422","23","68"
"13422","24","6"
"13423","23","68"
"13423","24","6"
"13424","23","68"
"13424","24","6"
"13425","23","68"
"13425","24","6"
"13426","23","68"
"13426","24","6"
"13427","23","68"
"13427","24","2"
"13428","23","68"
"13428","24","2"
"13429","23","68"
"13429","24","2"
"13430","23","68"
"13430","24","2"
"13431","23","68"
"13431","24","2"
"13432","23","68"
"13432","24","2"
"13433","23","68"
"13433","24","3"
"13434","23","68"
"13434","24","3"
"13435","23","68"
"13435","24","2"
"13436","23","68"
"13436","24","2"
"13437","23","68"
"13437","24","3"
"13438","23","68"
"13438","24","2"
"13439","23","68"
"13439","24","2"
"13440","23","68"
"13440","24","2"
"13441","23","68"
"13441","24","3"
"13442","23","68"
"13442","24","4"
"13443","23","68"
"13443","24","3"
"13444","23","68"
"13444","24","4"
"13445","23","68"
"13446","23","60"
"13447","23","68"
"13447","24","6"
"13448","23","68"
"13448","24","4"
"13449","23","68"
"13449","24","4"
"13450","23","68"
"13450","24","4"
"13451","23","68"
"13451","24","2"
"13452","23","68"
"13452","24","3"
"13453","23","68"
"13453","24","4"
"13454","23","68"
"13454","24","4"
"13455","23","68"
"13455","24","2"
"13456","23","68"
"13456","24","4"
"13457","23","68"
"13457","24","4"
"13458","23","68"
"13458","24","6"
"13459","23","68"
"13459","24","10"
"13460","23","68"
"13460","24","6"
"13461","23","68"
"13461","24","6"
"13462","23","68"
"13462","24","6"
"13463","23","68"
"13463","24","6"
"13464","23","68"
"13464","24","6"
"13465","23","68"
"13465","24","6"
"13466","23","68"
"13466","24","6"
"13467","23","68"
"13467","24","6"
"13468","23","68"
"13468","24","6"
"13469","23","68"
"13469","24","6"
"13470","23","68"
"13470","24","8"
"13471","23","68"
"13471","24","7"
"13472","23","68"
"13472","24","7"
"13473","23","68"
"13473","24","6"
"13474","23","68"
"13474","24","6"
"13475","23","68"
"13475","24","6"
"13476","23","68"
"13476","24","6"
"13477","23","68"
"13477","24","6"
"13478","23","68"
"13478","24","5"
"13479","23","68"
"13479","24","6"
"13480","23","68"
"13481","23","68"
"13481","24","7"
"13482","23","68"
"13482","24","7"
"13483","23","68"
"13483","24","6"
"13484","23","68"
"13485","23","68"
"13485","24","7"
"13486","23","68"
"13486","24","8"
"13487","23","68"
"13487","24","7"
"13488","23","69"
"13489","23","69"
"13489","24","2"
"13490","23","69"
"13491","23","69"
"13491","24","2"
"13492","23","69"
"13492","24","1"
"13493","23","69"
"13493","24","1"
"13494","23","69"
"13494","24","1"
"13495","23","69"
"13496","23","69"
"13496","24","1"
"13497","23","69"
"13497","24","1"
"13498","23","69"
"13498","24","2"
"13499","23","69"
"13499","24","2"
"13500","23","69"
"13500","24","2"
"13501","23","69"
"13501","24","1"
"13502","23","69"
"13502","24","1"
"13503","23","69"
"13503","24","1"
"13504","23","69"
"13504","24","2"
"13505","23","69"
"13505","24","2"
"13506","23","69"
"13506","24","1"
"13507","23","69"
"13507","24","2"
"13508","23","69"
"13508","24","2"
"13509","23","69"
"13509","24","1"
"13510","23","69"
"13510","24","2"
"13511","23","69"
"13511","24","2"
"13512","23","69"
"13512","24","2"
"13513","23","69"
"13513","24","2"
"13514","23","69"
"13514","24","2"
"13515","23","69"
"13516","23","69"
"13516","24","2"
"13517","23","69"
"13517","24","2"
"13518","23","69"
"13518","24","2"
"13519","23","69"
"13519","24","2"
"13520","23","69"
"13520","24","2"
"13521","23","69"
"13522","23","69"
"13522","24","4"
"13523","23","69"
"13523","24","2"
"13524","23","69"
"13524","24","4"
"13525","23","69"
"13525","24","4"
"13526","23","69"
"13526","24","4"
"13527","23","69"
"13527","24","4"
"13528","23","69"
"13528","24","5"
"13529","23","69"
"13529","24","4"
"13530","23","69"
"13530","24","4"
"13531","23","69"
"13531","24","4"
"13532","23","69"
"13532","24","4"
"13533","23","69"
"13533","24","6"
"13534","23","69"
"13534","24","6"
"13535","23","69"
"13535","24","4"
"13536","23","69"
"13536","24","5"
"13537","23","69"
"13537","24","5"
"13538","23","69"
"13538","24","5"
"13539","23","69"
"13539","24","5"
"13540","23","69"
"13540","24","5"
"13541","23","69"
"13541","24","5"
"13542","23","69"
"13542","24","6"
"13543","23","69"
"13544","23","69"
"13544","24","5"
"13545","23","69"
"13545","24","4"
"13546","23","69"
"13546","24","4"
"13547","23","69"
"13547","24","4"
"13548","23","69"
"13548","24","5"
"13549","23","69"
"13549","24","4"
"13550","23","69"
"13550","24","4"
"13551","23","69"
"13551","24","6"
"13552","23","69"
"13552","24","6"
"13553","23","69"
"13553","24","6"
"13554","23","69"
"13554","24","6"
"13555","23","69"
"13555","24","6"
"13556","23","69"
"13556","24","6"
"13557","23","69"
"13557","24","4"
"13558","23","69"
"13558","24","4"
"13559","23","69"
"13559","24","6"
"13560","23","69"
"13560","24","5"
"13561","23","69"
"13561","24","5"
"13562","23","70"
"13562","24","8"
"13563","23","70"
"13563","24","8"
"13564","23","70"
"13564","24","8"
"13565","23","70"
"13565","24","8"
"13566","23","70"
"13566","24","8"
"13567","23","70"
"13567","24","8"
"13568","23","70"
"13568","24","8"
"13569","23","70"
"13569","24","8"
"13570","23","70"
"13570","24","8"
"13571","23","70"
"13571","24","8"
"13572","23","70"
"13572","24","9"
"13573","23","70"
"13573","24","9"
"13574","23","70"
"13574","24","10"
"13575","23","70"
"13575","24","10"
"13576","23","70"
"13576","24","9"
"13577","23","70"
"13577","24","10"
"13578","23","70"
"13578","24","11"
"13579","23","70"
"13579","24","11"
"13580","23","70"
"13580","24","10"
"13581","23","70"
"13581","24","10"
"13582","23","70"
"13582","24","11"
"13583","23","70"
"13583","24","11"
"13584","23","70"
"13584","24","11"
"13585","23","70"
"13585","24","10"
"13586","23","70"
"13586","24","10"
"13587","23","70"
"13587","24","10"
"13588","23","70"
"13588","24","10"
"13589","23","70"
"13589","24","11"
"13590","23","71"
"13591","23","71"
"13592","23","71"
"13593","23","71"
"13594","23","71"
"13595","23","71"
"13596","23","71"
"13597","23","71"
"13598","23","71"
"13599","23","71"
"13600","23","71"
"13601","23","71"
"13602","23","71"
"13603","23","71"
"13604","23","71"
"13605","23","71"
"13606","23","71"
"13607","23","71"
"13608","23","71"
"13609","23","71"
"13610","23","71"
"13611","23","71"
"13612","23","70"
"13612","24","11"
"13613","23","70"
"13613","24","11"
"13614","23","70"
"13614","24","11"
"13615","23","70"
"13615","24","10"
"13616","23","70"
"13616","24","11"
"13617","23","70"
"13617","24","11"
"13618","23","70"
"13618","24","11"
"13619","23","71"
"13620","23","70"
"13620","24","11"
"13621","23","71"
"13622","23","70"
"13622","24","10"
"13623","23","70"
"13623","24","10"
"13624","23","70"
"13624","24","10"
"13625","23","71"
"13626","23","71"
"13627","23","71"
"13628","23","70"
"13628","24","10"
"13629","23","70"
"13629","24","10"
"13630","23","70"
"13630","24","10"
"13631","23","71"
"13632","23","70"
"13632","24","11"
"13633","23","70"
"13633","24","10"
"13634","23","70"
"13634","24","9"
"13635","23","70"
"13635","24","9"
"13636","23","70"
"13636","24","10"
"13637","23","70"
"13637","24","9"
"13638","23","70"
"13638","24","10"
"13639","23","70"
"13639","24","10"
"13640","23","70"
"13640","24","10"
"13641","23","70"
"13641","24","9"
"13642","23","70"
"13642","24","9"
"13643","23","70"
"13643","24","10"
"13644","23","70"
"13644","24","9"
"13645","23","70"
"13645","24","11"
"13646","23","70"
"13646","24","11"
"13647","23","70"
"13647","24","11"
"13648","23","70"
"13648","24","11"
"13649","23","70"
"13649","24","10"
"13650","23","70"
"13650","24","10"
"13651","23","70"
"13651","24","10"
"13652","23","70"
"13652","24","10"
"13653","23","70"
"13653","24","10"
"13654","23","70"
"13654","24","10"
"13655","23","70"
"13655","24","10"
"13656","23","70"
"13656","24","10"
"13657","23","70"
"13657","24","10"
"13658","23","70"
"13658","24","10"
"13659","23","71"
"13660","23","71"
"13661","23","70"
"13661","24","10"
"13662","23","70"
"13662","24","10"
"13663","23","71"
"13664","23","70"
"13664","24","10"
"13665","23","70"
"13665","24","10"
"13666","23","70"
"13666","24","10"
"13667","23","70"
"13667","24","10"
"13668","23","70"
"13668","24","11"
"13669","23","70"
"13669","24","10"
"13670","23","70"
"13670","24","10"
"13671","23","70"
"13671","24","11"
"13672","23","70"
"13672","24","11"
"13673","23","70"
"13673","24","10"
"13674","23","70"
"13674","24","10"
"13675","23","70"
"13675","24","10"
"13676","23","69"
"13676","24","10"
"13677","23","70"
"13677","24","9"
"13678","23","70"
"13678","24","8"
"13679","23","70"
"13679","24","9"
"13680","23","70"
"13680","24","9"
"13681","23","70"
"13681","24","9"
"13682","23","70"
"13682","24","8"
"13683","23","70"
"13683","24","9"
"13684","23","70"
"13684","24","8"
"13685","23","70"
"13685","24","9"
"13686","23","70"
"13686","24","9"
"13687","23","70"
"13687","24","7"
"13688","23","70"
"13688","24","7"
"13689","23","70"
"13689","24","9"
"13690","23","70"
"13690","24","10"
"13691","23","70"
"13691","24","10"
"13692","23","70"
"13692","24","10"
"13693","23","70"
"13693","24","9"
"13694","23","70"
"13694","24","9"
"13695","23","70"
"13695","24","10"
"13696","23","70"
"13696","24","9"
"13697","23","70"
"13697","24","8"
"13698","23","70"
"13698","24","9"
"13699","23","70"
"13699","24","10"
"13700","23","70"
"13700","24","10"
"13701","23","70"
"13701","24","8"
"13702","23","70"
"13702","24","10"
"13703","23","70"
"13703","24","10"
"13704","23","70"
"13704","24","10"
"13705","23","70"
"13705","24","10"
"13706","23","70"
"13706","24","10"
"13707","23","70"
"13707","24","10"
"13708","23","70"
"13708","24","11"
"13709","23","70"
"13709","24","9"
"13710","23","70"
"13710","24","10"
"13711","23","70"
"13711","24","9"
"13712","23","70"
"13712","24","9"
"13713","23","70"
"13713","24","10"
"13714","23","70"
"13714","24","10"
"13715","23","70"
"13715","24","10"
"13716","23","70"
"13716","24","10"
"13717","23","70"
"13717","24","10"
"13718","23","70"
"13718","24","10"
"13719","23","70"
"13719","24","10"
"13720","23","70"
"13720","24","10"
"13721","23","70"
"13721","24","10"
"13722","23","70"
"13722","24","10"
"13723","23","70"
"13723","24","10"
"13724","23","70"
"13724","24","10"
"13725","23","70"
"13726","23","70"
"13727","23","70"
"13727","24","10"
"13728","23","70"
"13728","24","10"
"13729","23","70"
"13729","24","9"
"13730","23","70"
"13730","24","10"
"13731","23","70"
"13731","24","10"
"13732","23","70"
"13732","24","10"
"13733","23","70"
"13733","24","9"
"13734","23","70"
"13734","24","9"
"13735","23","70"
"13736","23","70"
"13736","24","10"
"13737","23","70"
"13737","24","10"
"13738","23","70"
"13738","24","10"
"13739","23","70"
"13739","24","9"
"13740","23","70"
"13740","24","9"
"13741","23","70"
"13741","24","10"
"13742","23","70"
"13742","24","10"
"13743","23","70"
"13743","24","10"
"13744","23","70"
"13745","23","70"
"13745","24","10"
"13746","23","70"
"13746","24","10"
"13747","23","70"
"13747","24","10"
"13748","23","70"
"13748","24","10"
"13749","23","70"
"13749","24","10"
"13750","23","70"
"13750","24","10"
"13751","23","70"
"13751","24","10"
"13752","23","70"
"13752","24","10"
"13753","23","70"
"13753","24","10"
"13754","23","70"
"13754","24","10"
"13755","23","70"
"13755","24","10"
"13756","23","70"
"13756","24","10"
"13757","23","70"
"13758","23","70"
"13758","24","10"
"13759","23","70"
"13760","23","70"
"13760","24","10"
"13761","23","70"
"13761","24","10"
"13762","23","70"
"13762","24","10"
"13763","23","70"
"13764","23","70"
"13765","23","70"
"13766","23","70"
"13767","23","70"
"13767","24","9"
"13768","23","70"
"13768","24","10"
"13769","23","70"
"13770","23","70"
"13771","23","70"
"13771","24","9"
"13772","23","70"
"13772","24","9"
"13773","23","70"
"13773","24","10"
"13774","23","70"
"13775","23","70"
"13775","24","9"
"13776","23","70"
"13776","24","6"
"13777","23","70"
"13777","24","6"
"13778","23","70"
"13779","23","70"
"13779","24","6"
"13780","23","70"
"13780","24","6"
"13781","23","70"
"13782","23","70"
"13783","23","70"
"13784","23","70"
"13785","23","70"
"13785","24","6"
"13786","23","70"
"13787","23","70"
"13787","24","6"
"13788","23","70"
"13789","23","70"
"13789","24","5"
"13790","23","70"
"13790","24","8"
"13791","23","70"
"13791","24","8"
"13792","23","70"
"13793","23","70"
"13793","24","9"
"13794","23","70"
"13795","23","70"
"13795","24","8"
"13796","23","70"
"13796","24","10"
"13797","23","70"
"13797","24","10"
"13798","23","70"
"13798","24","10"
"13799","23","70"
"13799","24","10"
"13800","23","70"
"13800","24","10"
"13801","23","70"
"13801","24","8"
"13802","23","70"
"13802","24","10"
"13803","23","70"
"13803","24","9"
"13804","23","70"
"13804","24","10"
"13805","23","70"
"13805","24","10"
"13806","23","70"
"13806","24","9"
"13807","23","70"
"13807","24","10"
"13808","23","70"
"13808","24","9"
"13809","23","70"
"13809","24","9"
"13810","23","70"
"13810","24","10"
"13811","23","70"
"13811","24","10"
"13812","23","70"
"13812","24","10"
"13813","23","70"
"13813","24","10"
"13814","23","70"
"13815","23","70"
"13815","24","10"
"13816","23","70"
"13817","23","70"
"13817","24","10"
"13818","23","70"
"13819","23","70"
"13819","24","10"
"13820","23","70"
"13820","24","10"
"13821","23","70"
"13821","24","10"
"13822","23","70"
"13822","24","10"
"13823","23","70"
"13823","24","9"
"13824","23","70"
"13824","24","9"
"13825","23","70"
"13825","24","9"
"13826","23","70"
"13826","24","10"
"13827","23","70"
"13827","24","8"
"13828","23","70"
"13828","24","10"
"13829","23","70"
"13829","24","10"
"13830","23","70"
"13830","24","9"
"13831","23","70"
"13831","24","10"
"13832","23","70"
"13832","24","9"
"13833","23","70"
"13833","24","8"
"13834","23","70"
"13834","24","8"
"13835","23","70"
"13835","24","8"
"13836","23","70"
"13836","24","9"
"13837","23","70"
"13837","24","9"
"13838","23","70"
"13838","24","8"
"13839","23","70"
"13839","24","10"
"13840","23","70"
"13840","24","8"
"13841","23","70"
"13841","24","7"
"13842","23","70"
"13842","24","8"
"13843","23","70"
"13843","24","8"
"13844","23","70"
"13845","23","70"
"13845","24","10"
"13846","23","70"
"13846","24","8"
"13847","23","70"
"13847","24","8"
"13848","23","70"
"13849","23","71"
"13850","23","70"
"13850","24","10"
"13851","23","70"
"13851","24","11"
"13852","23","70"
"13852","24","11"
"13853","23","70"
"13853","24","11"
"13854","23","70"
"13854","24","8"
"13855","23","70"
"13855","24","7"
"13856","23","70"
"13856","24","7"
"13857","23","70"
"13857","24","8"
"13858","23","70"
"13858","24","9"
"13859","23","70"
"13859","24","4"
"13860","23","70"
"13860","24","6"
"13861","23","70"
"13861","24","6"
"13862","23","70"
"13862","24","7"
"13863","23","70"
"13863","24","7"
"13864","23","70"
"13864","24","7"
"13865","23","70"
"13865","24","6"
"13866","23","70"
"13866","24","7"
"13867","23","70"
"13867","24","7"
"13868","23","70"
"13868","24","9"
"13869","23","70"
"13869","24","8"
"13870","23","70"
"13870","24","8"
"13871","23","70"
"13871","24","6"
"13872","23","70"
"13872","24","6"
"13873","23","70"
"13873","24","6"
"13874","23","70"
"13874","24","6"
"13875","23","70"
"13875","24","8"
"13876","23","70"
"13876","24","8"
"13877","23","70"
"13877","24","8"
"13878","23","70"
"13878","24","8"
"13879","23","70"
"13879","24","9"
"13880","23","69"
"13881","23","70"
"13881","24","7"
"13882","23","70"
"13882","24","7"
"13883","23","70"
"13883","24","7"
"13884","23","70"
"13884","24","7"
"13885","23","70"
"13885","24","7"
"13886","23","70"
"13886","24","7"
"13887","23","70"
"13887","24","7"
"13888","23","70"
"13888","24","6"
"13889","23","70"
"13889","24","4"
"13890","23","70"
"13890","24","5"
"13891","23","70"
"13891","24","3"
"13892","23","70"
"13892","24","3"
"13893","23","70"
"13893","24","4"
"13894","23","70"
"13894","24","5"
"13895","23","70"
"13895","24","3"
"13896","23","70"
"13896","24","2"
"13897","23","70"
"13898","23","70"
"13899","23","70"
"13899","24","2"
"13900","23","70"
"13900","24","4"
"13901","23","70"
"13901","24","4"
"13902","23","70"
"13902","24","4"
"13903","23","70"
"13904","23","70"
"13904","24","6"
"13905","23","70"
"13905","24","7"
"13906","23","70"
"13906","24","8"
"13907","23","70"
"13907","24","8"
"13908","23","70"
"13908","24","9"
"13909","23","70"
"13909","24","9"
"13910","23","70"
"13910","24","8"
"13911","23","70"
"13911","24","6"
"13912","23","70"
"13912","24","7"
"13913","23","70"
"13913","24","9"
"13914","23","70"
"13914","24","7"
"13915","23","70"
"13915","24","8"
"13916","23","70"
"13917","23","70"
"13917","24","9"
"13918","23","70"
"13918","24","8"
"13919","23","70"
"13919","24","7"
"13920","23","70"
"13920","24","8"
"13921","23","70"
"13921","24","6"
"13922","23","70"
"13922","24","9"
"13923","23","70"
"13923","24","10"
"13924","23","70"
"13924","24","8"
"13925","23","70"
"13925","24","8"
"13926","23","70"
"13926","24","9"
"13927","23","70"
"13927","24","9"
"13928","23","70"
"13928","24","9"
"13929","23","70"
"13929","24","7"
"13930","23","70"
"13930","24","5"
"13931","23","70"
"13931","24","4"
"13932","23","70"
"13932","24","1"
"13933","23","70"
"13933","24","1"
"13934","23","70"
"13934","24","1"
"13935","23","69"
"13935","24","10"
"13936","23","69"
"13936","24","10"
"13937","23","68"
"13937","24","8"
"13938","23","68"
"13938","24","8"
"13939","23","68"
"13939","24","8"
"13940","23","68"
"13940","24","8"
"13941","23","68"
"13941","24","9"
"13942","23","68"
"13942","24","9"
"13943","23","68"
"13943","24","9"
"13944","23","68"
"13944","24","9"
"13945","23","68"
"13945","24","9"
"13946","23","68"
"13946","24","9"
"13947","23","68"
"13947","24","10"
"13948","23","68"
"13948","24","9"
"13949","23","68"
"13949","24","9"
"13950","23","68"
"13950","24","8"
"13951","23","68"
"13951","24","10"
"13952","23","68"
"13952","24","8"
"13953","23","68"
"13953","24","8"
"13954","23","68"
"13954","24","8"
"13955","23","68"
"13955","24","8"
"13956","23","68"
"13956","24","8"
"13957","23","68"
"13957","24","8"
"13958","23","68"
"13958","24","8"
"13959","23","68"
"13959","24","8"
"13960","23","69"
"13961","23","69"
"13962","23","69"
"13963","23","69"
"13964","23","69"
"13965","23","69"
"13966","23","69"
"13967","23","69"
"13968","23","68"
"13968","24","8"
"13969","23","69"
"13970","23","69"
"13971","23","69"
"13972","23","69"
"13972","24","2"
"13973","23","69"
"13973","24","2"
"13974","23","69"
"13974","24","2"
"13975","23","69"
"13975","24","3"
"13976","23","69"
"13976","24","3"
"13977","23","69"
"13977","24","3"
"13978","23","69"
"13978","24","3"
"13979","23","69"
"13979","24","3"
"13980","23","69"
"13980","24","3"
"13981","23","69"
"13981","24","3"
"13982","23","69"
"13983","23","69"
"13984","23","69"
"13985","23","69"
"13986","23","69"
"13986","24","1"
"13987","23","69"
"13987","24","1"
"13988","23","68"
"13988","24","2"
"13989","23","69"
"13990","23","69"
"13990","24","2"
"13991","23","69"
"13991","24","2"
"13992","23","69"
"13992","24","2"
"13993","23","69"
"13993","24","2"
"13994","23","69"
"13994","24","2"
"13995","23","69"
"13995","24","2"
"13996","23","69"
"13997","23","69"
"13997","24","2"
"13998","23","69"
"13999","23","69"
"14000","23","69"
"14001","23","69"
"14001","24","1"
"14002","23","69"
"14002","24","2"
"14003","23","69"
"14004","23","69"
"14005","23","69"
"14005","24","2"
"14006","23","69"
"14007","23","68"
"14007","24","10"
"14008","23","69"
"14009","23","69"
"14010","23","69"
"14011","23","69"
"14012","23","68"
"14012","24","10"
"14013","23","69"
"14014","23","69"
"14015","23","69"
"14016","23","69"
"14017","23","68"
"14017","24","10"
"14018","23","68"
"14018","24","10"
"14019","23","69"
"14020","23","69"
"14021","23","69"
"14022","23","69"
"14023","23","69"
"14024","23","69"
"14025","23","69"
"14026","23","69"
"14027","23","69"
"14028","23","69"
"14029","23","69"
"14030","23","69"
"14030","24","1"
"14031","23","69"
"14031","24","2"
"14032","23","69"
"14032","24","2"
"14033","23","69"
"14033","24","2"
"14034","23","69"
"14034","24","2"
"14035","23","69"
"14035","24","2"
"14036","23","69"
"14036","24","2"
"14037","23","69"
"14037","24","2"
"14038","23","69"
"14038","24","2"
"14039","23","69"
"14039","24","2"
"14040","23","69"
"14040","24","3"
"14041","23","69"
"14042","23","69"
"14043","23","69"
"14043","24","2"
"14044","23","69"
"14044","24","2"
"14045","23","69"
"14045","24","2"
"14046","23","69"
"14047","23","69"
"14048","23","69"
"14049","23","69"
"14049","24","2"
"14050","23","69"
"14050","24","2"
"14051","23","69"
"14051","24","2"
"14052","23","69"
"14053","23","68"
"14053","24","10"
"14054","23","68"
"14054","24","10"
"14055","23","68"
"14055","24","10"
"14056","23","68"
"14056","24","10"
"14057","23","68"
"14057","24","9"
"14058","23","68"
"14058","24","10"
"14059","23","68"
"14059","24","9"
"14060","23","68"
"14060","24","10"
"14061","23","68"
"14061","24","8"
"14062","23","68"
"14062","24","8"
"14063","23","68"
"14063","24","10"
"14064","23","68"
"14064","24","10"
"14065","23","68"
"14065","24","10"
"14066","23","68"
"14067","23","69"
"14068","23","69"
"14069","23","69"
"14070","23","68"
"14070","24","11"
"14071","23","68"
"14071","24","10"
"14072","23","68"
"14072","24","10"
"14073","23","69"
"14074","23","69"
"14074","24","2"
"14075","23","69"
"14076","23","69"
"14076","24","2"
"14077","23","69"
"14078","23","68"
"14078","24","11"
"14079","23","69"
"14080","23","69"
"14081","23","69"
"14082","23","69"
"14083","23","69"
"14084","23","69"
"14085","23","69"
"14086","23","68"
"14086","24","11"
"14087","23","69"
"14088","23","69"
"14088","24","1"
"14089","23","69"
"14089","24","1"
"14090","23","69"
"14091","23","69"
"14092","23","69"
"14093","23","69"
"14094","23","69"
"14095","23","69"
"14096","23","69"
"14097","23","69"
"14097","24","1"
"14098","23","69"
"14098","24","1"
"14099","23","69"
"14100","23","69"
"14100","24","1"
"14101","23","69"
"14102","23","69"
"14103","23","69"
"14104","23","69"
"14105","23","69"
"14106","23","69"
"14107","23","69"
"14108","23","68"
"14108","24","11"
"14109","23","69"
"14110","23","68"
"14110","24","11"
"14111","23","69"
"14112","23","69"
"14113","23","69"
"14114","23","69"
"14115","23","69"
"14116","23","69"
"14117","23","69"
"14118","23","68"
"14118","24","10"
"14119","23","69"
"14120","23","69"
"14121","23","69"
"14122","23","69"
"14123","23","69"
"14124","23","69"
"14125","23","69"
"14126","23","69"
"14126","24","1"
"14127","23","69"
"14127","24","1"
"14128","23","69"
"14128","24","4"
"14129","23","69"
"14130","23","68"
"14130","24","10"
"14131","23","68"
"14131","24","11"
"14132","23","68"
"14132","24","11"
"14133","23","69"
"14134","23","69"
"14135","23","69"
"14136","23","69"
"14137","23","69"
"14138","23","69"
"14139","23","69"
"14140","23","69"
"14141","23","69"
"14142","23","69"
"14143","23","69"
"14144","23","69"
"14145","23","69"
"14146","23","69"
"14147","23","69"
"14148","23","69"
"14149","23","69"
"14150","23","69"
"14151","23","69"
"14152","23","69"
"14153","23","69"
"14154","23","69"
"14155","23","69"
"14156","23","69"
"14156","24","2"
"14157","23","69"
"14158","23","69"
"14158","24","1"
"14159","23","69"
"14160","23","69"
"14161","23","69"
"14162","23","69"
"14163","23","69"
"14164","23","69"
"14165","23","69"
"14166","23","69"
"14166","24","1"
"14167","23","69"
"14168","23","69"
"14169","23","69"
"14169","24","2"
"14170","23","69"
"14171","23","68"
"14171","24","11"
"14172","23","69"
"14173","23","69"
"14174","23","69"
"14175","23","69"
"14176","23","69"
"14177","23","69"
"14178","23","69"
"14178","24","2"
"14179","23","69"
"14179","24","2"
"14180","23","69"
"14181","23","69"
"14182","23","69"
"14183","23","69"
"14183","24","1"
"14184","23","69"
"14185","23","69"
"14185","24","2"
"14186","23","69"
"14187","23","69"
"14188","23","69"
"14189","23","69"
"14189","24","1"
"14190","23","69"
"14191","23","69"
"14192","23","69"
"14192","24","2"
"14193","23","69"
"14194","23","69"
"14194","24","2"
"14195","23","69"
"14195","24","2"
"14196","23","69"
"14197","23","69"
"14197","24","2"
"14198","23","69"
"14199","23","69"
"14200","23","69"
"14201","23","69"
"14201","24","2"
"14202","23","69"
"14203","23","69"
"14203","24","2"
"14204","23","69"
"14204","24","2"
"14205","23","69"
"14205","24","4"
"14206","23","69"
"14206","24","4"
"14207","23","69"
"14207","24","3"
"14208","23","69"
"14208","24","4"
"14209","23","69"
"14209","24","2"
"14210","23","69"
"14210","24","2"
"14211","23","69"
"14211","24","4"
"14212","23","69"
"14212","24","3"
"14213","23","69"
"14213","24","3"
"14214","23","69"
"14214","24","3"
"14215","23","69"
"14215","24","3"
"14216","23","69"
"14216","24","2"
"14217","23","69"
"14217","24","2"
"14218","23","69"
"14218","24","3"
"14219","23","69"
"14219","24","3"
"14220","23","69"
"14220","24","3"
"14221","23","69"
"14221","24","3"
"14222","23","69"
"14222","24","4"
"14223","23","69"
"14223","24","4"
"14224","23","69"
"14224","24","4"
"14225","23","69"
"14225","24","5"
"14226","23","69"
"14226","24","5"
"14227","23","69"
"14227","24","4"
"14228","23","69"
"14228","24","4"
"14229","23","69"
"14229","24","4"
"14230","23","69"
"14230","24","5"
"14231","23","69"
"14231","24","5"
"14232","23","69"
"14232","24","4"
"14233","23","69"
"14233","24","5"
"14234","23","69"
"14234","24","5"
"14235","23","69"
"14235","24","4"
"14236","23","69"
"14236","24","4"
"14237","23","69"
"14237","24","4"
"14238","23","69"
"14238","24","4"
"14239","23","69"
"14239","24","6"
"14240","23","69"
"14240","24","4"
"14241","23","69"
"14241","24","4"
"14242","23","69"
"14242","24","6"
"14243","23","69"
"14243","24","4"
"14244","23","69"
"14244","24","6"
"14245","23","69"
"14245","24","6"
"14246","23","69"
"14246","24","6"
"14247","23","69"
"14247","24","6"
"14248","23","69"
"14248","24","6"
"14249","23","69"
"14249","24","6"
"14250","23","69"
"14250","24","6"
"14251","23","69"
"14251","24","6"
"14252","23","69"
"14252","24","6"
"14253","23","69"
"14253","24","6"
"14254","23","69"
"14254","24","6"
"14255","23","69"
"14255","24","6"
"14256","23","69"
"14256","24","5"
"14257","23","69"
"14257","24","6"
"14258","23","69"
"14258","24","4"
"14259","23","69"
"14259","24","6"
"14260","23","69"
"14260","24","6"
"14261","23","69"
"14262","23","69"
"14262","24","5"
"14263","23","69"
"14263","24","4"
"14264","23","69"
"14264","24","6"
"14265","23","69"
"14265","24","5"
"14266","23","69"
"14266","24","1"
"14267","23","69"
"14268","23","69"
"14269","23","69"
"14270","23","69"
"14271","23","68"
"14271","24","11"
"14272","23","68"
"14272","24","10"
"14273","23","68"
"14273","24","9"
"14274","23","68"
"14274","24","9"
"14275","23","69"
"14276","23","69"
"14277","23","69"
"14278","23","69"
"14279","23","69"
"14279","24","2"
"14280","23","69"
"14281","23","69"
"14282","23","69"
"14282","24","1"
"14283","23","69"
"14283","24","1"
"14284","23","69"
"14285","23","69"
"14285","24","2"
"14286","23","69"
"14286","24","3"
"14287","23","69"
"14287","24","1"
"14288","23","69"
"14289","23","69"
"14289","24","2"
"14290","23","69"
"14290","24","1"
"14291","23","69"
"14291","24","2"
"14292","23","69"
"14292","24","2"
"14293","23","69"
"14293","24","2"
"14294","23","69"
"14295","23","69"
"14295","24","4"
"14296","23","69"
"14297","23","68"
"14297","24","10"
"14298","23","68"
"14298","24","10"
"14299","23","69"
"14300","23","69"
"14301","23","69"
"14302","23","68"
"14302","24","11"
"14303","23","68"
"14303","24","11"
"14304","23","68"
"14304","24","10"
"14305","23","68"
"14305","24","10"
"14306","23","68"
"14306","24","2"
"14307","23","68"
"14307","24","2"
"14308","23","68"
"14308","24","4"
"14309","23","68"
"14309","24","4"
"14310","23","68"
"14310","24","11"
"14311","23","68"
"14311","24","11"
"14312","23","69"
"14313","23","68"
"14313","24","10"
"14314","23","69"
"14315","23","69"
"14316","23","69"
"14317","23","68"
"14317","24","8"
"14318","23","68"
"14318","24","8"
"14319","23","68"
"14319","24","6"
"14320","23","68"
"14320","24","8"
"14321","23","68"
"14321","24","8"
"14322","23","68"
"14322","24","8"
"14323","23","68"
"14323","24","8"
"14324","23","68"
"14324","24","6"
"14325","23","68"
"14325","24","8"
"14326","23","68"
"14326","24","8"
"14327","23","68"
"14327","24","8"
"14328","23","68"
"14328","24","6"
"14329","23","68"
"14329","24","6"
"14330","23","68"
"14330","24","6"
"14331","23","68"
"14331","24","6"
"14332","23","68"
"14332","24","6"
"14333","23","68"
"14333","24","6"
"14334","23","68"
"14334","24","6"
"14335","23","68"
"14335","24","6"
"14336","23","68"
"14336","24","7"
"14337","23","68"
"14337","24","7"
"14338","23","68"
"14338","24","7"
"14339","23","68"
"14339","24","8"
"14340","23","68"
"14340","24","5"
"14341","23","68"
"14341","24","5"
"14342","23","68"
"14342","24","9"
"14343","23","68"
"14343","24","8"
"14344","23","68"
"14344","24","6"
"14345","23","68"
"14345","24","6"
"14346","23","68"
"14346","24","6"
"14347","23","68"
"14347","24","6"
"14348","23","68"
"14348","24","6"
"14349","23","68"
"14349","24","6"
"14350","23","68"
"14350","24","6"
"14351","23","68"
"14351","24","6"
"14352","23","68"
"14352","24","8"
"14353","23","68"
"14353","24","6"
"14354","23","68"
"14354","24","6"
"14355","23","68"
"14355","24","8"
"14356","23","68"
"14356","24","8"
"14357","23","68"
"14357","24","8"
"14358","23","68"
"14358","24","6"
"14359","23","68"
"14359","24","7"
"14360","23","68"
"14360","24","6"
"14361","23","68"
"14361","24","7"
"14362","23","68"
"14362","24","7"
"14363","23","68"
"14363","24","4"
"14364","23","68"
"14364","24","5"
"14365","23","68"
"14365","24","5"
"14366","23","68"
"14366","24","4"
"14367","23","68"
"14367","24","4"
"14368","23","68"
"14368","24","3"
"14369","23","68"
"14369","24","2"
"14370","23","68"
"14371","23","68"
"14372","23","68"
"14373","23","68"
"14373","24","2"
"14374","23","68"
"14374","24","2"
"14375","23","68"
"14375","24","2"
"14376","23","68"
"14376","24","2"
"14377","23","68"
"14377","24","2"
"14378","23","68"
"14378","24","6"
"14379","23","68"
"14379","24","4"
"14380","23","68"
"14380","24","4"
"14381","23","68"
"14381","24","5"
"14382","23","68"
"14382","24","4"
"14383","23","68"
"14383","24","2"
"14384","23","68"
"14385","23","68"
"14386","23","68"
"14387","23","68"
"14387","24","4"
"14388","23","68"
"14388","24","4"
"14389","23","68"
"14389","24","4"
"14390","23","68"
"14390","24","4"
"14391","23","68"
"14391","24","3"
"14392","23","68"
"14392","24","3"
"14393","23","68"
"14393","24","4"
"14394","23","68"
"14394","24","4"
"14395","23","68"
"14395","24","6"
"14396","23","68"
"14396","24","4"
"14397","23","68"
"14397","24","4"
"14398","23","68"
"14398","24","2"
"14399","23","68"
"14399","24","2"
"14400","23","68"
"14400","24","2"
"14401","23","68"
"14401","24","1"
"14402","23","68"
"14403","23","68"
"14404","23","68"
"14405","23","68"
"14406","23","68"
"14406","24","1"
"14407","23","68"
"14407","24","1"
"14408","23","68"
"14409","23","68"
"14410","23","68"
"14410","24","3"
"14411","23","68"
"14411","24","3"
"14412","23","68"
"14412","24","1"
"14413","23","68"
"14413","24","1"
"14414","23","68"
"14415","23","68"
"14416","23","68"
"14417","23","68"
"14417","24","4"
"14418","23","68"
"14418","24","4"
"14419","23","68"
"14419","24","4"
"14420","23","68"
"14420","24","4"
"14421","23","68"
"14421","24","4"
"14422","23","68"
"14422","24","4"
"14423","23","68"
"14423","24","4"
"14424","23","68"
"14424","24","4"
"14425","23","68"
"14425","24","4"
"14426","23","68"
"14426","24","4"
"14427","23","68"
"14427","24","4"
"14428","23","68"
"14428","24","4"
"14429","23","68"
"14429","24","4"
"14430","23","68"
"14430","24","4"
"14431","23","68"
"14431","24","6"
"14432","23","68"
"14432","24","6"
"14433","23","68"
"14433","24","6"
"14434","23","68"
"14434","24","6"
"14435","23","68"
"14435","24","6"
"14436","23","68"
"14436","24","5"
"14437","23","68"
"14437","24","6"
"14438","23","68"
"14438","24","6"
"14439","23","68"
"14439","24","6"
"14440","23","68"
"14440","24","6"
"14441","23","68"
"14441","24","4"
"14442","23","68"
"14442","24","5"
"14443","23","68"
"14443","24","6"
"14444","23","68"
"14444","24","6"
"14445","23","68"
"14445","24","5"
"14446","23","68"
"14446","24","6"
"14447","23","68"
"14447","24","6"
"14448","23","68"
"14448","24","3"
"14449","23","68"
"14449","24","4"
"14450","23","68"
"14450","24","4"
"14451","23","68"
"14451","24","4"
"14452","23","68"
"14452","24","4"
"14453","23","68"
"14453","24","3"
"14454","23","68"
"14454","24","4"
"14455","23","68"
"14456","23","68"
"14457","23","68"
"14457","24","1"
"14458","23","68"
"14459","23","68"
"14459","24","2"
"14460","23","68"
"14460","24","6"
"14461","23","68"
"14461","24","6"
"14462","23","68"
"14462","24","6"
"14463","23","68"
"14463","24","6"
"14464","23","68"
"14464","24","6"
"14465","23","68"
"14465","24","4"
"14466","23","68"
"14466","24","4"
"14467","23","68"
"14467","24","4"
"14468","23","68"
"14468","24","4"
"14469","23","68"
"14469","24","4"
"14470","23","68"
"14470","24","4"
"14471","23","68"
"14471","24","4"
"14472","23","68"
"14472","24","2"
"14473","23","68"
"14473","24","2"
"14474","23","68"
"14475","23","68"
"14475","24","4"
"14476","23","68"
"14476","24","4"
"14477","23","68"
"14477","24","2"
"14478","23","68"
"14478","24","2"
"14479","23","68"
"14479","24","3"
"14480","23","68"
"14480","24","2"
"14481","23","68"
"14481","24","1"
"14482","23","68"
"14482","24","1"
"14483","23","68"
"14483","24","1"
"14484","23","68"
"14484","24","2"
"14485","23","68"
"14485","24","1"
"14486","23","68"
"14486","24","1"
"14487","23","68"
"14488","23","68"
"14488","24","2"
"14489","23","68"
"14490","23","68"
"14491","23","68"
"14492","23","68"
"14493","23","68"
"14493","24","1"
"14494","23","68"
"14494","24","1"
"14495","23","68"
"14495","24","1"
"14496","23","68"
"14496","24","2"
"14497","23","68"
"14497","24","2"
"14498","23","68"
"14498","24","2"
"14499","23","68"
"14499","24","4"
"14500","23","68"
"14500","24","4"
"14501","23","68"
"14501","24","3"
"14502","23","68"
"14502","24","4"
"14503","23","68"
"14503","24","4"
"14504","23","68"
"14504","24","4"
"14505","23","68"
"14505","24","4"
"14506","23","68"
"14506","24","4"
"14507","23","68"
"14507","24","4"
"14508","23","68"
"14508","24","4"
"14509","23","68"
"14509","24","5"
"14510","23","68"
"14510","24","5"
"14511","23","68"
"14511","24","5"
"14512","23","68"
"14512","24","5"
"14513","23","68"
"14513","24","5"
"14514","23","68"
"14514","24","5"
"14515","23","68"
"14515","24","5"
"14516","23","68"
"14516","24","4"
"14517","23","68"
"14517","24","6"
"14518","23","68"
"14518","24","4"
"14519","23","68"
"14519","24","4"
"14520","23","68"
"14520","24","6"
"14521","23","68"
"14521","24","4"
"14522","23","68"
"14522","24","6"
"14523","23","68"
"14523","24","7"
"14524","23","68"
"14524","24","7"
"14525","23","68"
"14525","24","5"
"14526","23","68"
"14526","24","6"
"14527","23","68"
"14527","24","6"
"14528","23","68"
"14528","24","6"
"14529","23","68"
"14530","23","68"
"14530","24","6"
"14531","23","68"
"14532","23","68"
"14532","24","6"
"14533","23","68"
"14533","24","6"
"14534","23","68"
"14535","23","68"
"14536","23","68"
"14536","24","7"
"14537","23","68"
"14537","24","6"
"14538","23","67"
"14539","23","68"
"14540","23","67"
"14541","23","67"
"14542","23","67"
"14542","24","4"
"14543","23","67"
"14543","24","4"
"14544","23","67"
"14544","24","5"
"14545","23","67"
"14545","24","6"
"14546","23","67"
"14546","24","6"
"14547","23","67"
"14547","24","6"
"14548","23","67"
"14548","24","6"
"14549","23","67"
"14549","24","6"
"14550","23","67"
"14550","24","6"
"14551","23","67"
"14551","24","6"
"14552","23","67"
"14552","24","7"
"14553","23","67"
"14553","24","7"
"14554","23","67"
"14554","24","6"
"14555","23","67"
"14555","24","6"
"14556","23","67"
"14556","24","6"
"14557","23","67"
"14557","24","7"
"14558","23","67"
"14558","24","5"
"14559","23","67"
"14559","24","5"
"14560","23","67"
"14560","24","5"
"14561","23","67"
"14561","24","6"
"14562","23","67"
"14562","24","6"
"14563","23","67"
"14563","24","3"
"14564","23","67"
"14564","24","3"
"14565","23","67"
"14565","24","4"
"14566","23","67"
"14566","24","1"
"14567","23","67"
"14568","23","67"
"14568","24","1"
"14569","23","67"
"14569","24","2"
"14570","23","67"
"14570","24","1"
"14571","23","67"
"14572","23","67"
"14572","24","2"
"14573","23","67"
"14574","23","67"
"14575","23","67"
"14576","23","67"
"14577","23","67"
"14578","23","67"
"14579","23","65"
"14579","24","8"
"14580","23","66"
"14580","24","8"
"14581","23","67"
"14582","23","67"
"14583","23","67"
"14584","23","66"
"14584","24","8"
"14585","23","66"
"14585","24","10"
"14586","23","67"
"14587","23","67"
"14588","23","67"
"14589","23","67"
"14590","23","67"
"14591","23","67"
"14592","23","67"
"14592","24","2"
"14593","23","67"
"14593","24","2"
"14594","23","66"
"14594","24","11"
"14595","23","67"
"14595","24","2"
"14596","23","67"
"14596","24","1"
"14597","23","67"
"14598","23","67"
"14599","23","67"
"14599","24","4"
"14600","23","67"
"14601","23","67"
"14601","24","1"
"14602","23","67"
"14602","24","1"
"14603","23","67"
"14604","23","67"
"14605","23","67"
"14606","23","67"
"14607","23","66"
"14607","24","10"
"14608","23","67"
"14609","23","66"
"14609","24","10"
"14610","23","66"
"14610","24","10"
"14611","23","66"
"14611","24","8"
"14612","23","66"
"14612","24","9"
"14613","23","66"
"14613","24","7"
"14614","23","66"
"14614","24","8"
"14615","23","66"
"14615","24","8"
"14616","23","66"
"14616","24","9"
"14617","23","66"
"14617","24","9"
"14618","23","66"
"14618","24","9"
"14619","23","66"
"14619","24","10"
"14620","23","66"
"14620","24","10"
"14621","23","66"
"14621","24","10"
"14622","23","66"
"14622","24","10"
"14623","23","66"
"14623","24","8"
"14624","23","66"
"14624","24","10"
"14625","23","66"
"14625","24","11"
"14626","23","60"
"14627","23","66"
"14627","24","10"
"14628","23","60"
"14629","23","67"
"14630","23","66"
"14630","24","10"
"14631","23","66"
"14631","24","10"
"14632","23","66"
"14632","24","11"
"14633","23","66"
"14633","24","10"
"14634","23","66"
"14634","24","10"
"14635","23","66"
"14635","24","10"
"14636","23","67"
"14637","23","66"
"14637","24","8"
"14638","23","66"
"14638","24","10"
"14639","23","66"
"14639","24","11"
"14640","23","67"
"14640","24","1"
"14641","23","67"
"14642","23","67"
"14642","24","2"
"14643","23","67"
"14643","24","6"
"14644","23","67"
"14645","23","67"
"14645","24","3"
"14646","23","67"
"14646","24","2"
"14647","23","67"
"14647","24","3"
"14648","23","67"
"14648","24","3"
"14649","23","67"
"14649","24","3"
"14650","23","67"
"14650","24","3"
"14651","23","67"
"14651","24","4"
"14652","23","67"
"14653","23","67"
"14653","24","4"
"14654","23","67"
"14654","24","4"
"14655","23","67"
"14655","24","4"
"14656","23","67"
"14656","24","4"
"14657","23","67"
"14657","24","4"
"14658","23","67"
"14658","24","4"
"14659","23","67"
"14659","24","5"
"14660","23","67"
"14661","23","67"
"14661","24","6"
"14662","23","67"
"14662","24","6"
"14663","23","67"
"14663","24","6"
"14664","23","67"
"14664","24","6"
"14665","23","67"
"14665","24","7"
"14666","23","67"
"14666","24","7"
"14667","23","67"
"14667","24","4"
"14668","23","67"
"14668","24","2"
"14669","23","67"
"14669","24","2"
"14670","23","67"
"14670","24","4"
"14671","23","67"
"14671","24","4"
"14672","23","67"
"14672","24","8"
"14673","23","67"
"14673","24","8"
"14674","23","67"
"14674","24","8"
"14675","23","67"
"14675","24","4"
"14676","23","67"
"14676","24","4"
"14677","23","67"
"14677","24","7"
"14678","23","67"
"14678","24","8"
"14679","23","67"
"14679","24","8"
"14680","23","67"
"14680","24","6"
"14681","23","67"
"14681","24","6"
"14682","23","67"
"14682","24","6"
"14683","23","67"
"14683","24","8"
"14684","23","67"
"14684","24","8"
"14685","23","67"
"14685","24","8"
"14686","23","67"
"14686","24","6"
"14687","23","67"
"14687","24","6"
"14688","23","67"
"14688","24","7"
"14689","23","67"
"14689","24","7"
"14690","23","67"
"14690","24","8"
"14691","23","67"
"14691","24","8"
"14692","23","67"
"14692","24","9"
"14693","23","67"
"14693","24","9"
"14694","23","67"
"14694","24","9"
"14695","23","67"
"14695","24","9"
"14696","23","67"
"14696","24","9"
"14697","23","67"
"14697","24","8"
"14698","23","67"
"14698","24","8"
"14699","23","67"
"14699","24","8"
"14700","23","67"
"14700","24","9"
"14701","23","67"
"14701","24","9"
"14702","23","67"
"14702","24","10"
"14703","23","67"
"14703","24","10"
"14704","23","67"
"14704","24","10"
"14705","23","67"
"14705","24","10"
"14706","23","67"
"14706","24","8"
"14707","23","67"
"14707","24","9"
"14708","23","67"
"14708","24","8"
"14709","23","67"
"14709","24","10"
"14710","23","67"
"14710","24","9"
"14711","23","67"
"14711","24","9"
"14712","23","67"
"14712","24","8"
"14713","23","67"
"14713","24","8"
"14714","23","67"
"14714","24","8"
"14715","23","67"
"14715","24","9"
"14716","23","67"
"14716","24","9"
"14717","23","67"
"14717","24","6"
"14718","23","67"
"14718","24","9"
"14719","23","68"
"14720","23","68"
"14721","23","68"
"14722","23","67"
"14722","24","10"
"14723","23","67"
"14723","24","10"
"14724","23","67"
"14724","24","8"
"14725","23","67"
"14725","24","8"
"14726","23","67"
"14726","24","8"
"14727","23","67"
"14727","24","10"
"14728","23","67"
"14728","24","10"
"14729","23","67"
"14729","24","10"
"14730","23","67"
"14730","24","9"
"14731","23","67"
"14731","24","9"
"14732","23","67"
"14732","24","9"
"14733","23","67"
"14733","24","8"
"14734","23","67"
"14734","24","8"
"14735","23","67"
"14735","24","8"
"14736","23","67"
"14736","24","7"
"14737","23","67"
"14737","24","8"
"14738","23","67"
"14738","24","9"
"14739","23","67"
"14739","24","9"
"14740","23","67"
"14740","24","10"
"14741","23","67"
"14741","24","9"
"14742","23","67"
"14742","24","9"
"14743","23","67"
"14743","24","10"
"14744","23","67"
"14744","24","10"
"14745","23","67"
"14745","24","8"
"14746","23","67"
"14746","24","10"
"14747","23","67"
"14747","24","10"
"14748","23","67"
"14748","24","8"
"14749","23","67"
"14749","24","8"
"14750","23","67"
"14750","24","6"
"14751","23","67"
"14751","24","6"
"14752","23","67"
"14752","24","6"
"14753","23","67"
"14753","24","8"
"14754","23","67"
"14754","24","7"
"14755","23","67"
"14755","24","8"
"14756","23","67"
"14756","24","8"
"14757","23","67"
"14757","24","8"
"14758","23","67"
"14758","24","8"
"14759","23","67"
"14759","24","9"
"14760","23","67"
"14760","24","9"
"14761","23","67"
"14761","24","9"
"14762","23","67"
"14762","24","9"
"14763","23","67"
"14763","24","9"
"14764","23","67"
"14764","24","9"
"14765","23","67"
"14765","24","9"
"14766","23","67"
"14766","24","7"
"14767","23","67"
"14767","24","7"
"14768","23","67"
"14768","24","8"
"14769","23","67"
"14769","24","8"
"14770","23","67"
"14770","24","8"
"14771","23","67"
"14771","24","8"
"14772","23","67"
"14772","24","8"
"14773","23","67"
"14773","24","8"
"14774","23","67"
"14774","24","10"
"14775","23","67"
"14775","24","10"
"14776","23","67"
"14777","23","67"
"14777","24","10"
"14778","23","67"
"14778","24","9"
"14779","23","67"
"14779","24","9"
"14780","23","67"
"14780","24","9"
"14781","23","67"
"14781","24","10"
"14782","23","67"
"14782","24","10"
"14783","23","67"
"14783","24","10"
"14784","23","67"
"14784","24","10"
"14785","23","67"
"14785","24","10"
"14786","23","67"
"14786","24","8"
"14787","23","67"
"14787","24","8"
"14788","23","67"
"14788","24","8"
"14789","23","67"
"14789","24","8"
"14790","23","67"
"14790","24","8"
"14791","23","67"
"14791","24","6"
"14792","23","67"
"14792","24","4"
"14793","23","67"
"14793","24","4"
"14794","23","67"
"14794","24","5"
"14795","23","67"
"14795","24","5"
"14796","23","67"
"14796","24","5"
"14797","23","67"
"14797","24","6"
"14798","23","67"
"14798","24","6"
"14799","23","67"
"14800","23","66"
"14800","24","10"
"14801","23","66"
"14801","24","8"
"14802","23","66"
"14802","24","4"
"14803","23","65"
"14804","23","65"
"14805","23","64"
"14806","23","64"
"14807","23","64"
"14808","23","65"
"14808","24","3"
"14809","23","65"
"14809","24","6"
"14810","23","66"
"14811","23","66"
"14812","23","67"
"14812","24","1"
"14813","23","67"
"14813","24","1"
"14814","23","66"
"14814","24","8"
"14815","23","66"
"14815","24","5"
"14816","23","66"
"14816","24","1"
"14817","23","66"
"14818","23","66"
"14819","23","66"
"14820","23","66"
"14820","24","2"
"14821","23","66"
"14822","23","66"
"14823","23","66"
"14823","24","2"
"14824","23","66"
"14825","23","67"
"14826","23","67"
"14827","23","67"
"14828","23","67"
"14829","23","67"
"14830","23","67"
"14831","23","67"
"14832","23","67"
"14833","23","67"
"14834","23","67"
"14835","23","67"
"14836","23","67"
"14837","23","68"
"14838","23","68"
"14839","23","68"
"14840","23","68"
"14841","23","68"
"14842","23","68"
"14843","23","68"
"14844","23","68"
"14845","23","68"
"14846","23","68"
"14847","23","68"
"14848","23","68"
"14849","23","68"
"14850","23","68"
"14851","23","67"
"14852","23","67"
"14853","23","67"
"14854","23","67"
"14855","23","67"
"14856","23","67"
"14857","23","67"
"14858","23","67"
"14859","23","67"
"14860","23","67"
"14861","23","67"
"14862","23","67"
"14863","23","67"
"14864","23","67"
"14865","23","67"
"14866","23","67"
"14867","23","67"
"14868","23","67"
"14869","23","67"
"14870","23","68"
"14871","23","68"
"14872","23","68"
"14873","23","68"
"14874","23","68"
"14875","23","68"
"14876","23","68"
"14877","23","68"
"14878","23","68"
"14879","23","66"
"14879","24","7"
"14880","23","66"
"14880","24","9"
"14881","23","68"
"14882","23","68"
"14883","23","66"
"14883","24","9"
"14884","23","66"
"14884","24","6"
"14885","23","66"
"14885","24","6"
"14886","23","67"
"14887","23","66"
"14887","24","6"
"14888","23","66"
"14888","24","6"
"14889","23","68"
"14890","23","67"
"14891","23","68"
"14892","23","66"
"14892","24","8"
"14893","23","66"
"14894","23","66"
"14895","23","66"
"14896","23","68"
"14897","23","66"
"14897","24","6"
"14898","23","68"
"14899","23","73"
"14900","23","70"
"14901","23","68"
"14902","23","69"
"14902","24","6"
"14903","23","69"
"14903","24","6"
"14904","23","69"
"14904","24","6"
"14905","23","67"
"14905","24","6"
"14906","23","69"
"14906","24","6"
"14907","23","69"
"14908","23","69"
"14909","23","69"
"14910","23","69"
"14911","23","69"
"14912","23","69"
"14913","23","70"
"14914","23","70"
"14915","23","70"
"14916","23","70"
"14917","23","70"
"14918","23","70"
"14919","23","73"
"14920","23","73"
"14921","23","73"
"14922","23","73"
"14923","23","73"
"14924","23","73"
"14925","23","72"
"14926","23","74"
"14927","23","76"
"14928","23","76"
"14929","23","76"
"14930","23","76"
"14931","23","76"
"14932","23","76"
"14933","23","74"
"14934","23","73"
"14935","23","74"
"14936","23","74"
"14937","23","74"
"14938","23","74"
"14939","23","74"
"14940","23","74"
"14941","23","74"
"14942","23","74"
"14943","23","74"
"14944","23","74"
"14945","23","74"
"14946","23","76"
"14947","23","76"
"14948","23","76"
"14949","23","76"
"14950","23","76"
"14951","23","76"
"14952","23","76"
"14953","23","76"
"14954","23","76"
"14955","23","75"
"14956","23","75"
"14957","23","75"
"14958","23","75"
"14959","23","75"
"14960","23","75"
"14961","23","75"
"14962","23","75"
"14963","23","75"
"14964","23","75"
"14965","23","75"
"14966","23","75"
"14967","23","75"
"14968","23","75"
"14969","23","75"
"14970","23","75"
"14971","23","75"
"14972","23","75"
"14973","23","75"
"14974","23","75"
"14975","23","75"
"14976","23","75"
"14977","23","75"
"14978","23","75"
"14979","23","75"
"14980","23","75"
"14981","23","75"
"14982","23","74"
"14983","23","73"
"14984","23","73"
"14985","23","73"
"14986","23","73"
"14987","23","73"
"14988","23","73"
"14989","23","73"
"14990","23","73"
"14991","23","73"
"14992","23","73"
"14993","23","73"
"14994","23","73"
"14995","23","73"
"14996","23","73"
"14997","23","73"
"14998","23","73"
"14999","23","73"
"15000","23","75"
"15001","23","75"
"15002","23","75"
"15003","23","75"
"15004","23","74"
"15005","23","75"
"15006","23","79"
"15007","23","77"
"15008","23","75"
"15009","23","75"
"15010","23","75"
"15011","23","74"
"15012","23","75"
"15013","23","74"
"15014","23","75"
"15015","23","75"
"15016","23","75"
"15017","23","75"
"15018","23","74"
"15019","23","76"
"15020","23","75"
"15021","23","74"
"15022","23","75"
"15023","23","75"
"15024","23","75"
"15025","23","75"
"15026","23","75"
"15027","23","75"
"15028","23","75"
"15029","23","75"
"15030","23","75"
"15031","23","75"
"15032","23","74"
"15032","24","7"
"15033","23","76"
"15033","24","9"
"15034","23","77"
"15035","23","74"
"15036","23","74"
"15037","23","74"
"15038","23","74"
"15039","23","74"
"15040","23","74"
"15041","23","74"
"15042","23","74"
"15043","23","74"
"15044","23","74"
"15045","23","74"
"15046","23","70"
"15047","23","72"
"15048","23","72"
"15049","23","72"
"15050","23","72"
"15051","23","72"
"15052","23","72"
"15052","24","9"
"15053","23","72"
"15054","23","72"
"15055","23","72"
"15056","23","72"
"15057","23","72"
"15058","23","72"
"15059","23","72"
"15060","23","72"
"15061","23","72"
"15062","23","72"
"15063","23","72"
"15064","23","75"
"15065","23","74"
"15066","23","74"
"15067","23","74"
"15068","23","74"
"15069","23","74"
"15070","23","74"
"15071","23","72"
"15072","23","72"
"15073","23","72"
"15074","23","72"
"15075","23","72"
"15076","23","72"
"15077","23","74"
"15078","23","74"
"15079","23","74"
"15080","23","74"
"15081","23","74"
"15082","23","74"
"15083","23","74"
"15084","23","74"
"15085","23","74"
"15086","23","74"
"15087","23","74"
"15088","23","74"
"15089","23","74"
"15090","23","74"
"15091","23","74"
"15092","23","74"
"15093","23","74"
"15094","23","74"
"15095","23","75"
"15096","23","75"
"15097","23","75"
"15098","23","74"
"15098","24","8"
"15099","23","74"
"15099","24","8"
"15100","23","74"
"15100","24","8"
"15101","23","74"
"15101","24","8"
"15102","23","75"
"15103","23","74"
"15103","24","8"
"15104","23","74"
"15104","24","8"
"15105","23","75"
"15106","23","74"
"15106","24","8"
"15107","23","75"
"15108","23","75"
"15109","23","75"
"15110","23","75"
"15111","23","75"
"15112","23","75"
"15113","23","75"
"15114","23","75"
"15115","23","75"
"15116","23","75"
"15117","23","75"
"15118","23","75"
"15119","23","75"
"15120","23","75"
"15121","23","75"
"15122","23","75"
"15123","23","75"
"15124","23","75"
"15125","23","75"
"15126","23","75"
"15127","23","75"
"15128","23","75"
"15129","23","75"
"15130","23","75"
"15131","23","75"
"15131","24","2"
"15132","23","75"
"15132","24","2"
"15133","23","75"
"15133","24","2"
"15134","23","75"
"15135","23","75"
"15136","23","75"
"15137","23","75"
"15138","23","75"
"15139","23","75"
"15140","23","75"
"15141","23","75"
"15142","23","75"
"15143","23","76"
"15144","23","76"
"15145","23","76"
"15146","23","76"
"15147","23","76"
"15148","23","76"
"15149","23","76"
"15150","23","76"
"15151","23","76"
"15152","23","76"
"15153","23","76"
"15153","24","1"
"15154","23","76"
"15154","24","1"
"15155","23","76"
"15155","24","6"
"15156","23","76"
"15156","24","5"
"15157","23","76"
"15157","24","9"
"15158","23","76"
"15158","24","8"
"15159","23","76"
"15160","23","76"
"15160","24","6"
"15161","23","76"
"15162","23","77"
"15163","23","77"
"15164","23","74"
"15164","24","8"
"15165","23","74"
"15165","24","8"
"15166","23","74"
"15166","24","8"
"15167","23","74"
"15167","24","8"
"15168","23","74"
"15168","24","8"
"15169","23","74"
"15169","24","8"
"15170","23","74"
"15170","24","8"
"15171","23","74"
"15171","24","8"
"15172","23","74"
"15172","24","8"
"15173","23","74"
"15173","24","8"
"15174","23","74"
"15174","24","8"
"15175","23","74"
"15175","24","8"
"15176","23","74"
"15176","24","8"
"15177","23","74"
"15177","24","8"
"15178","23","74"
"15178","24","8"
"15179","23","74"
"15179","24","8"
"15180","23","74"
"15180","24","8"
"15181","23","74"
"15181","24","8"
"15182","23","74"
"15182","24","8"
"15183","23","74"
"15183","24","8"
"15184","23","74"
"15184","24","8"
"15185","23","74"
"15185","24","8"
"15186","23","74"
"15186","24","8"
"15187","23","74"
"15187","24","8"
"15188","23","77"
"15189","23","77"
"15190","23","77"
"15191","23","77"
"15192","23","77"
"15193","23","77"
"15194","23","77"
"15195","23","77"
"15196","23","77"
"15197","23","77"
"15198","23","77"
"15199","23","77"
"15200","23","77"
"15201","23","77"
"15202","23","77"
"15203","23","77"
"15204","23","77"
"15205","23","77"
"15206","23","77"
"15207","23","77"
"15208","23","77"
"15209","23","77"
"15210","23","77"
"15211","23","77"
"15212","23","77"
"15213","23","77"
"15214","23","77"
"15215","23","77"
"15216","23","77"
"15217","23","77"
"15218","23","77"
"15219","23","77"
"15220","23","77"
"15221","23","77"
"15222","23","77"
"15223","23","77"
"15223","24","10"
"15224","23","77"
"15224","24","10"
"15225","23","78"
"15226","23","78"
"15227","23","78"
"15228","23","78"
"15229","23","78"
"15230","23","78"
"15231","23","76"
"15231","24","6"
"15232","23","76"
"15232","24","6"
"15233","23","75"
"15234","23","75"
"15235","23","77"
"15236","23","73"
"15237","23","74"
"15237","24","10"
"15238","23","76"
"15239","23","76"
"15240","23","76"
"15241","23","76"
"15241","24","8"
"15242","23","77"
"15243","23","77"
"15244","23","77"
"15245","23","77"
"15246","23","77"
"15247","23","77"
"15248","23","77"
"15249","23","77"
"15250","23","77"
"15251","23","77"
"15252","23","77"
"15253","23","77"
"15254","23","78"
"15255","23","78"
"15256","23","78"
"15257","23","78"
"15258","23","78"
"15259","23","78"
"15260","23","78"
"15261","23","78"
"15262","23","78"
"15263","23","78"
"15264","23","78"
"15265","23","78"
"15266","23","78"
"15267","23","78"
"15268","25","12"
"15269","25","12"
"15270","25","12"
"15271","25","11.4"
"15272","25","12"
"15273","25","11.4"
"15274","25","12"
"15275","25","12"
"15276","25","12"
"15277","25","12"
"15278","25","12"
"15279","25","13"
"15280","25","13.5"
"15281","25","13.5"
"15282","25","13.5"
"15283","25","12"
"15284","25","12"
"15285","25","12"
"15286","25","12"
"15287","25","12"
"15288","25","12"
"15289","25","14.3"
"15290","25","14.5"
"15291","25","14.5"
"15292","25","14.5"
"15293","25","14.5"
"15294","25","13.4"
"15295","25","13.5"
"15296","25","13.4"
"15297","25","13"
"15298","25","12"
"15299","25","11"
"15300","25","11.4"
"15301","25","12"
"15302","25","12"
"15303","25","11"
"15304","25","10"
"15305","25","9.8"
"15306","25","10"
"15307","25","9.6"
"15308","25","10"
"15309","25","10"
"15310","25","10"
"15311","25","10"
"15312","25","10"
"15313","25","11.5"
"15314","25","11.5"
"15315","25","11.5"
"15316","25","12.5"
"15317","25","12"
"15318","26","18"
"15319","26","12"
"15320","26","14"
"15321","26","14"
"15322","26","16"
"15323","26","16"
"15324","26","22"
"15325","26","24.5"
"15326","26","25.3"
"15327","27","20"
"15328","27","20"
"15329","27","20"
"15330","27","20"
"15330","28","9"
"15331","27","25"
"15332","27","35"
"15333","27","27"
"15334","27","29"
"15335","27","27"
"15336","27","29"
"15337","27","31"
"15338","27","33"
"15339","27","34"
"15340","27","37"
"15341","27","47"
"15341","28","6"
"15342","27","47"
"15343","27","46"
"15343","28","6"
"15344","27","47"
"15345","27","44"
"15346","27","44"
"15347","27","46"
"15348","27","47"
"15349","27","47"
"15350","27","47"
"15351","27","47"
"15352","27","47"
"15353","27","47"
"15354","27","49"
"15355","27","50"
"15356","27","49"
"15357","27","50"
"15358","27","52"
"15358","28","6"
"15359","27","55"
"15360","27","58"
"15361","27","67"
"15361","28","9"
"15362","27","73"
"15363","27","93"
"15363","28","4"
"15364","27","98"
"15364","28","8"
"15365","27","93"
"15365","28","4"
"15366","27","93"
"15366","28","4"
"15367","27","98"
"15367","28","8"
"15368","27","102"
"15368","28","8"
"15369","27","102"
"15369","28","8"
"15370","27","102"
"15370","28","8"
"15371","27","106"
"15371","28","8"
"15372","27","109"
"15372","28","4"
"15373","27","110"
"15373","28","8"
"15374","27","110"
"15374","28","8"
"15375","27","120"
"15376","27","116"
"15376","28","8"
"15377","27","122"
"15377","28","8"
"15378","27","122"
"15378","28","8"
"15379","27","124"
"15379","28","8"
"15380","27","130"
"15381","27","130"
"15382","13","62"
"15383","13","64"
"15384","13","66"
"15385","13","64"
"15386","13","70"
"15387","13","70"
"15388","13","70"
"15389","13","72"
"15390","13","72"
"15391","13","70"
"15392","13","72"
"15393","13","74"
"15394","13","74"
"15395","13","74"
"15396","13","76"
"15397","13","90"
"15398","13","80"
"15399","13","82"
"15400","13","82"
"15401","13","83"
"15402","13","90"
"17129","38","74"
"17130","38","74"
"17131","38","74"
"17132","38","72"
"17133","38","72"
"17134","38","72"
"17135","38","72"
"17136","38","72"
"17137","38","72"
"17138","38","72"
"17139","38","72"
"17140","38","72"
"17141","38","72"
"17142","38","76"
"17143","38","76"
"17144","38","72"
"17145","38","72"
"17146","38","76"
"17147","38","74"
"17148","38","76"
"17149","38","72"
"17150","38","76"
"17151","38","72"
"17152","38","76"
"17153","38","76"
"17154","38","76"
"17155","38","78"
"17156","38","80"
"17157","38","78"
"17158","38","78"
"17159","38","78"
"17160","38","76"
"17161","38","80"
"17162","38","80"
"17163","38","77"
"17164","38","76"
"17165","38","78"
"17166","38","76"
"17167","38","80"
"17168","38","80"
"17169","38","80"
"17170","38","80"
"17171","38","80"
"17172","38","80"
"17173","38","84"
"17174","38","84"
"17175","38","86"
"17176","38","80"
"17177","38","80"
"17178","38","86"
"17179","38","80"
"17180","38","86"
"17181","38","90"
"17182","38","90"
"17183","38","80"
"17184","38","86"
"17185","38","80"
"17186","38","84"
"17187","38","95"
"17188","38","100"
"17189","38","100"
"17190","38","96"
"17191","38","90"
"17191","39","9"
"17192","38","96"
"17193","38","90"
"17194","38","90"
"17195","38","90"
"17196","38","100"
"17197","38","90"
"17198","38","90"
"17199","38","90"
"17200","40","63"
"17201","40","64"
"17202","40","67"
"17202","41","6"
"17203","40","67"
"17204","40","67"
"17204","41","4"
"17205","40","67"
"17206","40","67"
"17206","41","6"
"17207","40","67"
"17207","41","6"
"17208","40","67"
"17208","41","6"
"17209","40","67"
"17209","41","6"
"17210","40","67"
"17210","41","6"
"17211","40","67"
"17211","41","6"
"17212","40","68"
"17213","40","68"
"17214","40","68"
"17215","40","68"
"17216","40","68"
"17217","40","65"
"17218","40","66"
"17219","40","79"
"17219","41","2"
"17220","40","64"
"17221","40","78"
"17222","40","77"
"17223","40","77"
"17224","40","77"
"17225","40","77"
"17226","40","82"
"17227","40","83"
"17228","40","73"
"17229","40","71"
"17230","40","71"
"17231","40","70"
"17232","40","71"
"17233","40","71"
"17234","40","70"
"17235","40","70"
"17236","40","70"
"17237","40","71"
"17238","40","75"
"17239","40","72"
"17240","40","75"
"17241","40","75"
"17242","40","75"
"17243","40","74"
"17243","41","6"
"17244","40","74"
"17244","41","10"
"17245","40","75"
"17246","40","78"
"17247","40","78"
"17248","40","78"
"17249","40","77"
"17250","40","77"
"17251","40","78"
"17252","40","80"
"17253","40","82"
"17254","40","80"
"17255","40","82"
"17256","40","86"
"17257","40","85"
"17257","41","6"
"17258","40","86"
"17259","40","86"
"17260","40","86"
"17261","40","86"
"17262","40","86"
"17263","40","86"
"17264","40","86"
"17265","40","85"
"17265","41","6"
"17266","40","86"
"17267","40","86"
"17268","40","87"
"17269","40","86"
"17270","40","90"
"17271","40","90"
"17272","42","64"
"17272","43","6"
"17273","42","65"
"17273","43","1.5"
"17274","42","65"
"17274","43","2"
"17275","42","62"
"17275","43","8.5"
"17276","42","65"
"17276","43","2"
"17277","42","62"
"17277","43","6"
"17278","42","62"
"17278","43","6"
"17279","42","63"
"17279","43","6.5"
"17280","42","65"
"17280","43","1.5"
"17281","42","63"
"17281","43","9.5"
"17282","42","66"
"17282","43","3.5"
"17283","42","63"
"17283","43","1.5"
"17284","42","63"
"17284","43","1.5"
"17285","42","66"
"17285","43","3.5"
"17286","42","63"
"17286","43","1.5"
"17287","42","61"
"17287","43","3.5"
"17288","42","76"
"17289","42","88"
"17290","42","72"
"17291","42","72"
"17292","42","72"
"17293","42","72"
"17294","42","73"
"17295","42","73"
"17296","42","73"
"17297","42","88"
"17298","42","67"
"17298","43","6"
"17299","42","84"
"17300","42","84"
"17301","42","83"
"17301","43","6"
"17302","42","84"
"17303","42","82"
"17304","42","84"
"17305","42","84"
"17306","42","90"
"17307","42","90"
"17308","42","90"
"17309","42","90"
"17310","42","88"
"17311","42","87"
"17312","42","87"
"17313","42","88"
"17314","42","90"
"17315","42","90"
"17316","42","91"
"17317","42","91"
"17318","42","91"
"17318","43","6"
"17319","42","92"
"17320","42","92"
"17321","42","94"
"17322","42","95"
"17323","42","95"
"17324","42","95"
"17325","42","95"
"17326","42","95"
"17327","42","95"
"17328","42","95"
"17329","42","95"
"17330","42","95"
"17331","42","95"
"17332","42","95"
"17333","42","95"
"17334","42","95"
"17335","42","100"
"17336","42","100"
"17337","42","100"
"17338","42","100"
"17339","42","100"
"17340","42","100"
"17341","42","100"
"17342","42","100"
"17343","42","100"
"17344","42","100"
"17345","42","100"
"17346","42","100"
"17347","42","100"
"17348","42","100"
"17349","42","103"
"17350","42","104"
"17351","42","104"
"17352","42","103"
"17353","42","102"
"17354","42","104"
"17355","42","100"
"17356","42","103"
"17357","42","108"
"17559","44","64"
"17560","44","64"
"17560","45","2"
"17561","44","64"
"17561","45","2"
"17562","44","64"
"17562","45","2"
"17563","44","64"
"17563","45","2"
"17564","44","65"
"17564","45","3.5"
"17565","44","73"
"17565","45","6"
"17566","44","65"
"17566","45","3.5"
"17567","44","70"
"17568","44","72"
"17568","45","3.5"
"17569","44","74"
"17569","45","8"
"17570","44","75"
"17570","45","10"
"17571","44","72"
"17571","45","3.5"
"17572","44","72"
"17572","45","8"
"17573","44","70"
"17574","44","70"
"17574","45","7"
"17575","44","72"
"17575","45","3.5"
"17576","44","74"
"17576","45","8"
"17577","44","73"
"17577","45","6"
"17578","44","79"
"17578","45","3.5"
"17579","44","79"
"17579","45","3.5"
"17580","44","73"
"17580","45","6"
"17581","44","74"
"17581","45","8"
"17582","44","75"
"17582","45","10"
"17583","44","75"
"17583","45","7"
"17584","44","77"
"17585","44","79"
"17585","45","11"
"17586","44","77"
"17587","44","79"
"17587","45","3.5"
"17588","44","78"
"17588","45","2"
"17589","44","77"
"17590","44","75"
"17590","45","10"
"17591","44","77"
"17592","44","76"
"17592","45","3"
"17593","44","77"
"17594","44","77"
"17594","45","7"
"17595","44","75"
"17595","45","3.5"
"17596","44","75"
"17596","45","10"
"17597","44","72"
"17597","45","11"
"17598","44","74"
"17598","45","8"
"17599","44","77"
"17600","44","74"
"17600","45","1"
"17601","44","77"
"17602","44","77"
"17602","45","7"
"17603","44","77"
"17604","44","75"
"17604","45","10"
"17605","44","77"
"17606","44","74"
"17606","45","8"
"17607","44","75"
"17607","45","10"
"17608","44","74"
"17608","45","8"
"17609","44","75"
"17609","45","10"
"17610","44","74"
"17610","45","8"
"17611","44","75"
"17611","45","10"
"17612","44","74"
"17612","45","8"
"17613","44","75"
"17613","45","8"
"17614","44","77"
"17615","44","76"
"17615","45","3"
"17616","44","77"
"17617","44","76"
"17617","45","3"
"17618","44","77"
"17619","44","77"
"17620","44","77"
"17621","44","75"
"17621","45","10"
"17622","44","78"
"17622","45","2"
"17623","44","77"
"17624","44","78"
"17624","45","9"
"17625","44","79"
"17625","45","3.5"
"17626","44","80"
"17626","45","6"
"17627","44","81"
"17627","45","8"
"17628","44","82"
"17628","45","10"
"17629","44","88"
"17629","45","1"
"17630","44","87"
"17630","45","6"
"17631","44","86"
"17631","45","2"
"17632","44","84"
"17633","44","81"
"17633","45","8"
"17634","44","89"
"17634","45","10"
"17635","44","86"
"17635","45","2"
"17636","44","88"
"17636","45","8"
"17637","44","83"
"17637","45","2"
"17638","44","82"
"17638","45","10"
"17639","44","84"
"17640","44","81"
"17640","45","8"
"17641","44","82"
"17641","45","10"
"17642","44","80"
"17643","44","81"
"17643","45","8"
"17644","44","81"
"17644","45","8"
"17645","44","82"
"17645","45","10"
"17646","44","85"
"17646","45","2"
"17647","44","83"
"17647","45","5"
"17648","44","82"
"17648","45","10"
"17649","44","86"
"17649","45","10"
"17650","44","85"
"17650","45","2"
"17651","44","85"
"17651","45","2"
"17652","44","80"
"17653","44","88"
"17653","45","8"
"17654","44","91"
"17655","44","84"
"17656","44","85"
"17657","44","86"
"17658","44","90"
"17659","44","80"
"17660","44","92"
"17661","44","108"
"17662","44","110"
"17663","44","90"
"17664","44","92"
"17665","44","96"
"17666","44","94"
"17667","44","95"
"17668","44","80"
"17669","44","78"
"17670","44","81"
"17671","44","80"
"17672","44","82"
"17673","44","80"
"17674","44","81"
"17675","44","83"
"17675","45","8"
"17676","44","84"
"17677","44","86"
"17678","44","87"
"17679","44","87"
"17680","44","81"
"17680","45","8"
"17681","44","86"
"17682","44","87"
"17682","45","6"
"17683","44","88"
"17683","45","8"
"17684","44","93"
"17684","45","3.5"
"17685","44","85"
"17685","45","2"
"17686","44","85"
"17686","45","2"
"17687","44","86"
"17687","45","11"
"17688","44","87"
"17688","45","6"
"17689","44","88"
"17689","45","8"
"17690","44","89"
"17690","45","3"
"17691","44","93"
"17691","45","3.5"
"17692","44","94"
"17692","45","6"
"17693","44","88"
"17693","45","8"
"17694","44","85"
"17694","45","2"
"17695","44","86"
"17695","45","3.5"
"17696","44","87"
"17696","45","6"
"17697","44","87"
"17697","45","6"
"17698","44","88"
"17698","45","8"
"17699","44","91"
"17699","45","3.5"
"17700","44","93"
"17700","45","6"
"17701","44","94"
"17701","45","8"
"17702","44","95"
"17702","45","8"
"17703","44","88"
"17703","45","8"
"17704","44","95"
"17704","45","8"
"17705","44","95"
"17705","45","8"
"17706","44","98"
"17707","44","101"
"17707","45","6"
"17708","44","100"
"17708","45","3.5"
"17709","44","103"
"17709","45","10"
"17710","44","102"
"17710","45","8"
"17711","44","105"
"17712","44","92"
"17713","44","91"
"17714","44","92"
"17715","44","93"
"17716","44","95"
"17717","44","95"
"17718","44","97"
"17719","44","97"
"17720","44","96"
"17721","44","97"
"17722","44","98"
"17723","44","97"
"17724","44","100"
"17725","44","100"
"17725","45","6"
"17726","44","101"
"17726","45","6"
"17727","44","111"
"17728","44","110"
"17729","44","112"
"17730","44","110"
"17731","44","110"
"17732","44","110"
"17733","44","112"
"17734","44","112"
"17735","44","112"
"17736","44","111"
"17737","44","112"
"17738","44","111"
"17738","45","6"
"17739","44","110"
"17740","44","101"
"17741","44","104"
"17742","44","103"
"17743","44","103"
"17744","44","102"
"17744","45","6"
"17745","44","102"
"17746","44","102"
"17747","44","102"
"17748","44","101"
"17749","44","100"
"17750","44","102"
"17751","44","103"
"17752","44","103"
"17753","44","105"
"17754","44","104"
"17755","44","105"
"17756","44","106"
"17757","44","108"
"17758","44","112"
"17759","13","64"
"17760","13","64"
"17761","13","68"
"17762","13","70"
"17763","13","70"
"17764","13","68"
"17765","13","68"
"17765","14","2"
"17766","13","64"
"17767","13","64"
"17768","13","71"
"17768","14","11"
"17769","13","70"
"17770","13","72"
"17771","13","74"
"17772","13","74"
"17773","13","74"
"17774","13","67"
"17775","13","73"
"17776","13","67"
"17777","13","70"
"17778","13","71"
"17778","14","9.5"
"17779","13","71"
"17780","13","72"
"17781","13","70"
"17782","13","72"
"17783","13","73"
"17784","13","73"
"17785","13","74"
"17786","13","76"
"17787","13","73"
"17788","13","73"
"17789","13","73"
"17790","13","76"
"17791","13","82"
"17791","14","5"
"17792","13","83"
"17793","13","82"
"17793","14","8"
"17794","13","82"
"17795","13","83"
"17796","13","84"
"17797","13","84"
"17798","13","84"
"17799","13","82"
"17800","13","83"
"17801","13","81"
"17802","13","82"
"17803","13","85"
"17804","13","85"
"17805","13","87"
"17806","13","89"
"17807","13","89"
"17808","13","90"
"17809","13","90"
"17810","13","90"
"17811","13","90"
"17812","13","87"
"17813","13","90"
"17814","13","92"
"17815","13","93"
"17816","13","94"
"17817","13","95"
"17818","13","95"
"17819","13","95"
"17820","13","96"
"17821","13","100"
"17822","13","100"
"17823","13","100"
"17824","13","100"
"17825","13","104"
"17826","13","101"
"17826","14","6"
"17827","13","103"
"17828","13","103"
"17829","13","103"
"17830","13","106"
"17831","13","110"
"17832","13","113"
"17833","13","114"
"17834","13","114"
"17835","13","114"
"17836","13","116"
"17837","13","120"
"17838","13","124"
"17839","11","64"
"17840","11","64"
"17841","11","64"
"17842","12","10"
"17842","11","65"
"17843","12","2"
"17843","11","67"
"17844","11","64"
"17845","11","66"
"17846","11","64"
"17847","11","64"
"17848","11","64"
"17849","11","64"
"17850","11","64"
"17851","12","7"
"17851","11","64"
"17852","11","64"
"17853","12","1"
"17853","11","66"
"17854","12","11"
"17854","11","67"
"17855","11","70"
"17856","11","64"
"17857","11","64"
"17858","12","2"
"17858","11","65"
"17859","12","8"
"17859","11","66"
"17860","12","6"
"17860","11","66"
"17861","12","6"
"17861","11","66"
"17862","11","64"
"17863","12","6"
"17863","11","66"
"17864","12","11.5"
"17864","11","64"
"17865","11","64"
"17866","11","64"
"17867","11","68"
"17868","11","64"
"17869","12","1.5"
"17869","11","68"
"17870","12","8"
"17870","11","66"
"17871","11","64"
"17872","11","64"
"17873","11","63"
"17874","11","66"
"17875","11","66"
"17876","12","6"
"17876","11","64"
"17877","11","71"
"17878","11","66"
"17879","11","70"
"17880","12","8.5"
"17880","11","69"
"17881","11","64"
"17882","11","70"
"17883","11","70"
"17884","11","68"
"17885","11","71"
"17886","12","8"
"17886","11","71"
"17887","11","70"
"17888","11","72"
"17889","11","70"
"17890","11","73"
"17891","11","72"
"17892","11","72"
"17893","11","72"
"17894","11","73"
"17895","11","74"
"17896","11","73"
"17896","12","6"
"17897","11","74"
"17898","11","74"
"17899","11","74"
"17900","11","74"
"17901","11","74"
"17902","11","74"
"17903","11","74"
"17904","11","74"
"17905","11","74"
"17906","11","74"
"17907","11","74"
"17908","11","74"
"17909","11","73"
"17910","11","74"
"17911","11","74"
"17912","11","72"
"17913","11","72"
"17914","11","70"
"17915","11","70"
"17916","11","71"
"17917","11","72"
"17917","12","3.5"
"17918","11","72"
"17918","12","3.5"
"17919","11","72"
"17919","12","3.5"
"17920","11","72"
"17920","12","3.5"
"17921","11","72"
"17921","12","3.5"
"17922","11","70"
"17922","12","3.5"
"17923","11","72"
"17924","11","72"
"17925","11","73"
"17926","11","73"
"17927","11","72"
"17927","12","3.5"
"17928","11","71"
"17929","11","73"
"17930","11","72"
"17931","11","73"
"17932","11","73"
"17932","12","3.5"
"17933","11","73"
"17933","12","2"
"17934","11","73"
"17935","11","73"
"17935","12","3"
"17936","11","74"
"17937","11","73"
"17937","12","6"
"17938","11","73"
"17939","11","74"
"17939","12","8"
"17940","11","74"
"17941","11","74"
"17942","11","76"
"17942","12","3.5"
"17943","11","76"
"17944","11","76"
"17945","11","76"
"17946","11","77"
"17947","11","78"
"17948","11","81"
"17949","11","81"
"17950","11","82"
"17951","11","81"
"17951","12","10"
"17952","11","82"
"17953","11","82"
"17954","11","82"
"17954","12","6"
"17955","11","82"
"17955","12","8"
"17956","11","82"
"17956","12","8"
"17957","11","83"
"17957","12","6"
"17958","11","83"
"17958","12","6"
"17959","11","83"
"17959","12","6"
"17960","11","83"
"17960","12","6"
"17961","11","83"
"17961","12","6"
"17962","11","83"
"17962","12","6"
"17963","11","83"
"17963","12","6"
"17964","11","83"
"17964","12","11"
"17965","11","83"
"17965","12","6"
"17966","11","83"
"17966","12","11"
"17967","11","83"
"17967","12","11"
"17968","11","84"
"17969","11","84"
"17970","11","84"
"17971","11","85"
"17972","11","84"
"17973","11","85"
"17974","11","86"
"17975","11","85"
"17976","11","82"
"17976","12","6"
"17977","11","82"
"17977","12","6"
"17978","11","82"
"17978","12","3"
"17979","11","82"
"17979","12","8"
"17980","11","80"
"17981","11","80"
"17982","11","79"
"17982","12","6"
"17983","11","79"
"17983","12","6.5"
"17984","11","80"
"17985","11","79"
"17985","12","6"
"17986","11","79"
"17987","11","80"
"17988","11","80"
"17989","11","80"
"17990","11","80"
"17991","11","79"
"17992","11","80"
"17993","11","84"
"17994","11","80"
"17995","11","80"
"17996","11","80"
"17996","12","6"
"17997","11","81"
"17998","11","81"
"17999","11","80"
"18000","11","80"
"18001","11","80"
"18002","11","78"
"18003","11","80"
"18004","11","81"
"18005","11","81"
"18006","11","82"
"18007","11","80"
"18008","11","84"
"18009","11","84"
"18010","11","84"
"18011","11","84"
"18012","11","84"
"18013","11","83"
"18013","12","6"
"18014","11","84"
"18015","11","84"
"18016","11","82"
"18017","11","84"
"18018","11","82"
"18019","11","83"
"18020","11","83"
"18021","11","80"
"18022","11","82"
"18023","11","80"
"18024","11","81"
"18025","11","81"
"18026","11","81"
"18027","11","84"
"18028","11","84"
"18028","12","3.5"
"18029","11","82"
"18030","11","81"
"18030","12","8"
"18031","11","81"
"18032","11","82"
"18033","11","81"
"18034","11","82"
"18035","11","83"
"18035","12","2.5"
"18036","11","84"
"18037","11","88"
"18038","11","89"
"18039","11","89"
"18039","12","7"
"18040","11","89"
"18041","11","90"
"18042","11","90"
"18043","11","90"
"18044","11","90"
"18045","11","90"
"18046","11","90"
"18047","11","90"
"18048","11","93"
"18049","11","90"
"18050","11","90"
"18051","11","90"
"18052","11","89"
"18053","11","89"
"18054","11","89"
"18055","11","85"
"18056","11","93"
"18057","11","89"
"18057","12","6"
"18058","11","85"
"18059","11","86"
"18060","11","86"
"18061","11","87"
"18062","11","90"
"18063","11","87"
"18064","11","90"
"18065","11","87"
"18065","12","7"
"18066","11","90"
"18067","11","93"
"18068","11","90"
"18069","11","91"
"18070","11","91"
"18071","11","91"
"18072","11","91"
"18073","11","92"
"18074","11","92"
"18075","11","93"
"18076","11","92"
"18077","11","91"
"18077","12","3"
"18078","11","89"
"18078","12","10"
"18079","11","92"
"18080","11","92"
"18081","11","92"
"18082","11","93"
"18083","11","92"
"18084","11","93"
"18085","11","92"
"18086","11","94"
"18087","11","94"
"18088","11","94"
"18089","11","94"
"18090","11","93"
"18091","11","91"
"18092","11","93"
"18093","11","92"
"18094","11","93"
"18095","11","93"
"18096","11","93"
"18097","11","92"
"18098","11","92"
"18099","11","95"
"18100","11","96"
"18101","11","95"
"18102","11","94"
"18102","12","6"
"18103","11","94"
"18104","11","100"
"18105","11","93"
"18106","11","100"
"18107","11","100"
"18108","11","100"
"18109","11","100"
"18110","11","100"
"18111","11","100"
"18112","11","100"
"18113","11","100"
"18114","11","100"
"18115","11","100"
"18116","11","104"
"18117","11","100"
"18118","11","103"
"18119","11","103"
"18120","11","100"
"18121","11","103"
"18122","11","103"
"18123","11","103"
"18124","11","104"
"18125","11","108"
"18126","11","100"
"18127","11","100"
"18128","11","104"
"18129","11","104"
"18130","11","104"
"18131","11","100"
"18132","11","104"
"18133","11","104"
"18134","11","103"
"18135","11","100"
"18136","11","100"
"18137","11","103"
"18138","11","104"
"18139","11","103"
"18140","11","100"
"18141","11","104"
"18141","12","2"
"18142","11","103"
"18143","11","104"
"18144","11","105"
"18145","11","104"
"18146","11","104"
"18147","11","103"
"18148","11","100"
"18149","11","104"
"18150","11","104"
"18151","11","104"
"18152","11","104"
"18153","11","104"
"18154","11","104"
"18155","11","104"
"18155","12","3"
"18156","11","104"
"18157","11","104"
"18158","11","104"
"18159","11","106"
"18160","11","106"
"18161","11","106"
"18162","11","105"
"18162","12","3.5"
"18163","11","106"
"18164","11","106"
"18164","12","5"
"18165","11","107"
"18166","11","104"
"18167","11","107"
"18167","12","6"
"18168","11","108"
"18169","11","110"
"18170","11","108"
"18171","11","108"
"18172","11","100"
"18173","11","110"
"18174","11","109"
"18174","12","6"
"18175","11","110"
"18176","11","110"
"18176","12","5"
"18177","11","111"
"18177","12","2.5"
"18178","11","111"
"18179","11","111"
"18180","11","111"
"18181","11","110"
"18182","11","111"
"18183","11","111"
"18184","11","110"
"18185","11","109"
"18186","11","112"
"18187","11","112"
"18188","11","113"
"18189","11","110"
"18189","12","8"
"18190","11","114"
"18191","11","114"
"18192","11","114"
"18193","11","113"
"18194","11","114"
"18195","11","114"
"18196","11","114"
"18197","11","113"
"18197","12","8.5"
"18198","11","113"
"18198","12","10"
"18199","11","114"
"18200","11","114"
"18201","11","113"
"18201","12","6"
"18202","11","114"
"18203","11","111"
"18204","11","114"
"18205","11","114"
"18206","11","114"
"18207","11","114"
"18208","11","114"
"18209","11","110"
"18210","11","114"
"18211","11","114"
"18212","11","114"
"18213","11","114"
"18214","11","114"
"18215","11","114"
"18216","11","114"
"18217","11","114"
"18218","11","114"
"18219","11","114"
"18220","11","114"
"18221","11","114"
"18222","11","114"
"18223","11","114"
"18224","11","114"
"18225","11","114"
"18226","11","114"
"18227","11","114"
"18228","11","114"
"18229","11","114"
"18230","11","114"
"18231","11","114"
"18232","11","114"
"18233","11","114"
"18234","11","114"
"18235","11","114"
"18236","11","114"
"18237","11","114"
"18238","11","114"
"18239","11","114"
"18240","11","114"
"18241","11","114"
"18242","11","114"
"18243","11","114"
"18244","11","114"
"18245","11","116"
"18246","11","114"
"18247","11","114"
"18248","11","114"
"18249","11","114"
"18250","11","114"
"18251","11","114"
"18252","11","114"
"18253","11","114"
"18254","11","114"
"18255","11","114"
"18256","11","114"
"18257","11","115"
"18258","11","120"
"18259","11","116"
"18260","11","116"
"18261","11","120"
"18262","11","120"
"18263","11","118"
"18264","11","118"
"18265","11","120"
"18266","11","120"
"18267","11","120"
"18268","11","120"
"18269","11","120"
"18270","11","120"
"18271","11","120"
"18272","11","120"
"18273","11","122"
"18273","12","3.5"
"18274","11","122"
"18275","11","123"
"18276","11","122"
"18277","11","123"
"18278","11","123"
"18279","11","124"
"18280","11","123"
"18280","12","6"
"18281","11","123"
"18282","11","124"
"18283","11","123"
"18284","11","122"
"18284","12","10"
"18285","11","123"
"18286","11","124"
"18287","11","124"
"18288","11","124"
"18289","11","124"
"18290","11","124"
"18291","11","124"
"18292","11","124"
"18293","11","124"
"18294","11","124"
"18295","11","124"
"18296","11","124"
"18297","11","124"
"18298","11","124"
"18299","11","124"
"18300","11","124"
"18301","11","124"
"18302","11","124"
"18303","11","124"
"18304","11","124"
"18305","11","124"
"18306","11","124"
"18307","11","124"
"18308","11","124"
"18309","11","124"
"18310","11","124"
"18311","11","124"
"18312","11","124"
"18313","11","124"
"18314","11","124"
"18315","11","124"
"18316","11","124"
"18317","11","124"
"18318","11","124"
"18319","11","124"
"18320","11","124"
"18321","11","124"
"18322","11","124"
"18323","11","124"
"18324","11","124"
"18325","11","124"
"18326","11","124"
"18327","11","124"
"18328","11","124"
"18329","11","124"
"18330","11","124"
"18331","11","124"
"18332","11","124"
"18333","11","124"
"18334","11","124"
"18335","11","124"
"18336","11","124"
"18337","11","124"
"18338","21","62"
"18339","21","60"
"18340","21","63"
"18341","21","68"
"18341","22","9"
"18342","21","68"
"18343","21","68"
"18344","21","69"
"18344","22","10"
"18345","21","69"
"18346","21","70"
"18347","21","68"
"18348","21","68"
"18348","22","3"
"18349","21","68"
"18350","21","70"
"18351","21","70"
"18352","21","72"
"18352","22","6"
"18353","21","73"
"18353","22","4"
"18354","21","97"
"18355","21","97"
"18356","21","96"
"18357","21","96"
"18358","21","96"
"18359","21","96"
"18360","21","99"
"18361","21","101"
"18361","22","10"
"18362","21","108"
"18363","21","108"
"18364","21","108"
"18365","21","108"
"18366","21","109"
"18367","21","110"
"18368","21","112"
"18369","21","112"
"18370","21","112"
"18371","21","114"
"18372","21","114"
"18373","21","114"
"18374","21","114"
"18375","21","110"
"18376","21","110"
"18377","21","110"
"18378","21","112"
"18379","21","112"
"18380","21","114"
"18381","21","114"
"18382","21","115"
"18383","21","116"
"18384","21","117"
"18385","21","120"
"18386","21","120"
"18387","21","120"
"18388","21","123"
"18389","21","123"
"18390","21","125"
"18391","21","126"
"18392","21","127"
"18393","21","129"
"23658","21","66"
"23658","22","9"
"23659","21","65"
"23659","22","2"
"23660","21","67"
"23661","21","66"
"23661","22","8"
"23662","21","67"
"23663","21","66"
"23663","22","6"
"23664","21","65"
"23665","21","66"
"23666","21","66"
"23666","22","7"
"23667","21","66"
"23667","22","6"
"23668","21","66"
"23668","22","2"
"23669","21","66"
"23670","21","66"
"23670","22","6"
"23671","21","65"
"23671","22","2"
"23672","21","66"
"23673","21","60"
"23674","21","60"
"23675","21","64"
"23675","22","6"
"23676","21","66"
"23676","22","1"
"23677","21","64"
"23677","22","9"
"23678","21","65"
"23679","21","66"
"23680","21","66"
"23680","22","10"
"23681","21","66"
"23681","22","5"
"23682","21","66"
"23682","22","11"
"23683","21","64"
"23684","21","63"
"23684","22","4"
"23685","21","63"
"23686","21","62"
"23686","22","6"
"23687","21","60"
"23688","21","58"
"23688","22","11"
"23689","21","62"
"23690","21","57"
"23690","22","6"
"23691","21","59"
"23691","22","4"
"23692","21","56"
"23692","22","7"
"23693","21","60"
"23694","21","60"
"23695","21","61"
"23696","21","61"
"23696","22","5"
"23697","21","61"
"23697","22","1"
"23698","21","60"
"23698","22","6"
"23699","21","56"
"23699","22","6"
"23700","21","60"
"23700","22","8"
"23701","21","59"
"23701","22","3"
"23702","21","56"
"23702","22","6"
"23703","21","62"
"23703","22","6"
"23704","21","60"
"23705","21","60"
"23706","21","62"
"23707","21","59"
"23707","22","6"
"23708","21","60"
"23709","21","59"
"23709","22","1"
"23710","21","60"
"23711","21","59"
"23712","21","59"
"23712","22","6"
"23713","21","59"
"23714","21","58"
"23714","22","3"
"23715","21","55"
"23715","22","11"
"23716","21","58"
"23717","21","58"
"23717","22","4"
"23718","21","59"
"23718","22","10"
"23719","21","59"
"23719","22","10"
"23720","21","59"
"23721","21","59"
"23722","21","59"
"23723","21","59"
"23723","22","6"
"23724","21","60"
"23725","21","63"
"23725","22","10"
"23726","21","60"
"23726","22","3"
"23727","21","60"
"23727","22","8"
"23728","21","61"
"23729","21","61"
"23730","21","61"
"23731","21","58"
"23732","21","62"
"23732","22","4"
"23733","21","63"
"23734","21","61"
"23734","22","6"
"23735","21","62"
"23735","22","5"
"23736","21","62"
"23736","22","10"
"23737","21","62"
"23737","22","7"
"23738","21","62"
"23738","22","6"
"23739","21","62"
"23739","22","2"
"23740","21","62"
"23740","22","6"
"23741","21","62"
"23741","22","6"
"23742","21","61"
"23742","22","6"
"23743","21","61"
"23743","22","7"
"23744","21","62"
"23745","21","61"
"23745","22","11"
"23746","21","62"
"23747","21","62"
"23748","21","62"
"23748","22","6"
"23749","21","61"
"23749","22","4"
"23750","21","62"
"23751","21","62"
"23751","22","8"
"23752","21","62"
"23752","22","8"
"23753","21","63"
"23754","21","62"
"23754","22","6"
"23755","21","63"
"23756","21","62"
"23756","22","6"
"23757","21","63"
"23758","21","63"
"23758","22","4"
"23759","21","64"
"23760","21","65"
"23761","21","66"
"23761","22","6"
"23762","21","64"
"23762","22","10"
"23763","21","64"
"23763","22","10"
"23764","21","65"
"23764","22","8"
"23765","21","65"
"23765","22","8"
"23766","21","65"
"23766","22","8"
"23767","21","65"
"23767","22","6"
"23768","21","65"
"23768","22","4"
"23769","21","65"
"23769","22","6"
"23770","21","65"
"23770","22","3"
"23771","21","65"
"23771","22","4"
"23772","21","65"
"23772","22","4"
"23773","21","65"
"23774","21","65"
"23774","22","8"
"23775","21","65"
"23775","22","8"
"23776","21","65"
"23776","22","10"
"23777","21","66"
"23777","22","1"
"23778","21","66"
"23779","21","66"
"23779","22","1"
"23780","21","66"
"23781","21","64"
"23781","22","8"
"23782","21","64"
"23782","22","9"
"23783","21","64"
"23783","22","6"
"23784","21","63"
"23784","22","6"
"23785","21","65"
"23785","22","6"
"23786","21","62"
"23786","22","11"
"23787","21","65"
"23787","22","8"
"23788","21","65"
"23788","22","7"
"23789","21","66"
"23790","21","65"
"23790","22","9"
"23791","21","65"
"23791","22","8"
"23792","21","66"
"23792","22","1"
"23793","21","65"
"23793","22","2"
"23794","21","65"
"23794","22","6"
"23795","21","65"
"23795","22","2"
"23796","21","65"
"23796","22","2"
"23797","21","65"
"23797","22","4"
"23798","21","66"
"23799","21","65"
"23799","22","1"
"23800","21","65"
"23801","21","64"
"23801","22","8"
"23802","21","64"
"23802","22","5"
"23803","21","65"
"23803","22","10"
"23804","21","65"
"23804","22","3"
"23805","21","65"
"23806","21","65"
"23806","22","6"
"23807","21","65"
"23807","22","8"
"23808","21","65"
"23808","22","2"
"23809","21","66"
"23810","21","65"
"23810","22","6"
"23811","21","65"
"23811","22","4"
"23812","21","65"
"23812","22","6"
"23813","21","62"
"23814","21","62"
"23814","22","1"
"23815","21","62"
"23815","22","2"
"23816","21","63"
"23816","22","4"
"23817","21","63"
"23817","22","7"
"23818","21","63"
"23818","22","7"
"23819","21","62"
"23819","22","11"
"23820","21","62"
"23820","22","1"
"23821","21","62"
"23821","22","9"
"23822","21","62"
"23822","22","8"
"23823","21","62"
"23823","22","3"
"23824","21","62"
"23824","22","4"
"23825","21","63"
"23825","22","2"
"23826","21","62"
"23827","21","62"
"23827","22","6"
"23828","21","62"
"23828","22","8"
"23829","21","62"
"23829","22","6"
"23830","21","62"
"23831","21","62"
"23832","21","61"
"23832","22","3"
"23833","21","62"
"23834","21","62"
"23835","21","62"
"23836","21","60"
"23836","22","3"
"23837","21","60"
"23837","22","7"
"23838","21","61"
"23839","21","61"
"23839","22","6"
"23840","21","61"
"23840","22","8"
"23841","21","61"
"23841","22","3"
"23842","21","60"
"23842","22","5"
"23843","21","61"
"23843","22","5"
"23844","21","62"
"23845","21","62"
"23845","22","3"
"23846","21","62"
"23846","22","6"
"23847","21","62"
"23847","22","5"
"23848","21","61"
"23848","22","9"
"23849","21","62"
"23849","22","6"
"23850","21","62"
"23850","22","1"
"23851","21","62"
"23851","22","9"
"23852","21","62"
"23852","22","8"
"23853","21","62"
"23853","22","6"
"23854","21","62"
"23854","22","11"
"23855","21","63"
"23856","21","62"
"23856","22","8"
"23857","21","62"
"23857","22","8"
"23858","21","62"
"23858","22","8"
"23859","21","63"
"23859","22","1"
"23860","21","63"
"23861","21","62"
"23861","22","8"
"23862","21","61"
"23862","22","4"
"23863","21","63"
"23864","21","63"
"23864","22","2"
"23865","21","63"
"23866","21","64"
"23867","21","60"
"23867","22","2"
"23868","21","60"
"23868","22","2"
"23869","21","61"
"23869","22","7"
"23870","21","61"
"23870","22","8"
"23871","21","62"
"23871","22","10"
"23872","21","61"
"23872","22","9"
"23873","21","62"
"23873","22","6"
"23874","21","63"
"23874","22","9"
"23875","21","63"
"23875","22","11"
"23876","21","63"
"23876","22","10"
"23877","21","62"
"23877","22","6"
"23878","21","62"
"23878","22","10"
"23879","21","64"
"23880","21","64"
"23880","22","4"
"23881","21","64"
"23881","22","3"
"23882","21","65"
"23883","21","64"
"23884","21","66"
"23885","21","67"
"23886","21","65"
"23886","22","6"
"23887","21","66"
"23888","21","68"
"23889","21","67"
"23890","21","66"
"23891","21","68"
"23891","22","5"
"23892","21","67"
"23892","22","4"
"23893","21","68"
"23894","21","68"
"23895","21","67"
"23895","22","10"
"23896","21","68"
"23897","21","67"
"23898","21","68"
"23899","21","69"
"23900","21","68"
"23900","22","6"
"23901","21","68"
"23902","21","68"
"23902","22","1"
"23903","21","69"
"23904","21","70"
"23904","22","8"
"23905","21","70"
"23906","21","69"
"23906","22","6"
"23907","21","69"
"23907","22","3"
"23908","21","70"
"23909","21","68"
"23909","22","8"
"23910","21","69"
"23910","22","10"
"23911","21","69"
"23911","22","3"
"23912","21","70"
"23913","21","69"
"23914","21","69"
"23914","22","4"
"23915","21","70"
"23915","22","10"
"23916","21","69"
"23917","21","68"
"23917","22","6"
"23918","21","71"
"23919","21","67"
"23919","22","10"
"23920","21","68"
"23920","22","4"
"23921","21","68"
"23921","22","6"
"23922","21","68"
"23922","22","6"
"23923","21","68"
"23924","21","67"
"23925","21","67"
"23925","22","3"
"23926","21","70"
"23926","22","4"
"23927","21","68"
"23927","22","7"
"23928","21","68"
"23929","21","71"
"23929","22","1"
"23930","21","67"
"23931","21","68"
"23932","21","68"
"23933","21","70"
"23934","21","70"
"23934","22","1"
"23935","21","67"
"23935","22","8"
"23936","21","68"
"23937","21","68"
"23937","22","3"
"23938","21","67"
"23938","22","4"
"23939","21","67"
"23940","21","67"
"23940","22","2"
"23941","21","68"
"23941","22","6"
"23942","21","67"
"23942","22","6"
"23943","21","69"
"23944","21","68"
"23944","22","4"
"23945","21","68"
"23945","22","7"
"23946","21","68"
"23947","21","67"
"23948","21","68"
"23949","21","67"
"23949","22","3"
"23950","21","65"
"23950","22","4"
"23951","21","67"
"23951","22","4"
"23952","21","66"
"23953","21","65"
"23953","22","10"
"23954","21","66"
"23954","22","9"
"23955","21","66"
"23955","22","8"
"23956","21","66"
"23956","22","2"
"23957","21","70"
"23958","21","66"
"23959","21","70"
"23960","21","70"
"23961","21","65"
"23962","21","70"
"23963","21","65"
"23964","21","67"
"23964","22","8"
"23965","21","70"
"23966","21","67"
"23967","21","67"
"23968","21","68"
"23969","21","67"
"23969","22","8"
"23970","21","68"
"23971","21","67"
"23972","21","65"
"23972","22","6"
"23973","21","67"
"23973","22","8"
"23974","21","68"
"23975","21","66"
"23975","22","4"
"23976","21","65"
"23976","22","5"
"23977","21","65"
"23977","22","4"
"23978","21","66"
"23978","22","3"
"23979","21","67"
"23979","22","10"
"23980","21","67"
"23981","21","65"
"23981","22","8"
"23982","21","66"
"23982","22","8"
"23983","21","68"
"23984","21","65"
"23984","22","8"
"23985","21","67"
"23986","21","67"
"23987","21","68"
"23988","21","66"
"23988","22","6"
"23989","21","68"
"23990","21","64"
"23990","22","2"
"23991","21","67"
"23992","21","68"
"23993","21","66"
"23993","22","10"
"23994","21","66"
"23994","22","3"
"23995","21","67"
"23995","22","6"
"23996","21","68"
"23996","22","3"
"23997","21","66"
"23998","21","66"
"23999","21","68"
"24000","21","66"
"24001","21","67"
"24002","21","68"
"24003","21","66"
"24003","22","2"
"24004","21","68"
"24005","21","68"
"24005","22","9"
"24006","21","69"
"24007","21","66"
"24007","22","9"
"24008","21","68"
"24008","22","8"
"24009","21","68"
"24010","21","69"
"24010","22","6"
"24011","21","67"
"24012","21","66"
"24012","22","5"
"24013","21","67"
"24013","22","6"
"24014","21","66"
"24014","22","9"
"24015","21","69"
"24016","21","67"
"24016","22","7"
"24017","21","69"
"24018","21","67"
"24018","22","6"
"24019","21","66"
"24019","22","2"
"24020","21","69"
"24020","22","1"
"24021","21","70"
"24022","21","67"
"24022","22","6"
"24023","21","67"
"24024","21","68"
"24024","22","3"
"24025","21","67"
"24025","22","7"
"24026","21","69"
"24027","21","70"
"24028","21","68"
"24028","22","4"
"24029","21","68"
"24030","21","66"
"24030","22","3"
"24031","21","67"
"24031","22","6"
"24032","21","69"
"24033","21","70"
"24034","21","68"
"24035","21","66"
"24036","21","67"
"24037","21","67"
"24037","22","8"
"24038","21","69"
"24038","22","10"
"24039","21","67"
"24039","22","3"
"24040","21","68"
"24041","21","67"
"24041","22","6"
"24042","21","66"
"24042","22","7"
"24043","21","68"
"24044","21","67"
"24044","22","7"
"24045","21","69"
"24046","21","69"
"24047","21","68"
"24047","22","1"
"24048","21","66"
"24048","22","6"
"24049","21","66"
"24049","22","9"
"24050","21","66"
"24050","22","10"
"24051","21","68"
"24052","21","66"
"24053","21","67"
"24053","22","3"
"24054","21","66"
"24054","22","9"
"24055","21","68"
"24055","22","2"
"24056","21","69"
"24057","21","68"
"24058","21","67"
"24058","22","1"
"24059","21","68"
"24059","22","9"
"24060","21","67"
"24060","22","5"
"24061","21","69"
"24061","22","1"
"24062","21","66"
"24062","22","2"
"24063","21","68"
"24064","21","69"
"24065","21","68"
"24065","22","6"
"24066","21","67"
"24066","22","6"
"24067","21","69"
"24068","21","69"
"24069","21","69"
"24070","21","66"
"24070","22","8"
"24071","21","69"
"24072","21","68"
"24073","21","68"
"24074","21","69"
"24075","21","68"
"24076","21","68"
"24077","21","68"
"24078","21","68"
"24079","21","67"
"24079","22","6"
"24080","21","68"
"24081","21","68"
"24082","21","67"
"24082","22","6"
"24083","21","70"
"24084","21","68"
"24085","21","67"
"24086","21","68"
"24087","21","69"
"24088","21","67"
"24088","22","6"
"24089","21","66"
"24089","22","3"
"24090","21","67"
"24090","22","8"
"24091","21","69"
"24092","21","67"
"24093","21","65"
"24094","21","67"
"24094","22","9"
"24095","21","70"
"24096","21","67"
"24096","22","6"
"24097","21","68"
"24098","21","68"
"24099","21","65"
"24099","22","5"
"24100","21","68"
"24101","21","67"
"24101","22","9"
"24102","21","69"
"24103","21","68"
"24103","22","9"
"24104","21","67"
"24105","21","68"
"24106","21","68"
"24107","21","67"
"24107","22","2"
"24108","21","68"
"24109","21","68"
"24110","21","67"
"24110","22","6"
"24111","21","68"
"24112","21","66"
"24112","22","6"
"24113","21","67"
"24114","21","67"
"24114","22","6"
"24115","21","70"
"24116","21","67"
"24117","21","67"
"24117","22","6"
"24118","21","68"
"24118","22","6"
"24119","21","68"
"24120","21","67"
"24120","22","6"
"24121","21","67"
"24122","21","67"
"24122","22","9"
"24123","21","68"
"24123","22","6"
"24124","21","67"
"24124","22","9"
"24125","21","66"
"24126","21","68"
"24127","21","68"
"24127","22","6"
"24128","21","66"
"24128","22","3"
"24129","21","67"
"24129","22","6"
"24130","21","68"
"24131","21","68"
"24131","22","6"
"24132","21","68"
"24132","22","6"
"24133","21","67"
"24133","22","9"
"24134","21","67"
"24135","21","68"
"24136","21","68"
"24137","21","68"
"24138","21","68"
"24139","21","68"
"24140","21","68"
"24141","21","68"
"24141","22","6"
"24142","21","66"
"24142","22","8"
"24143","21","66"
"24143","22","10"
"24144","21","67"
"24144","22","6"
"24145","21","66"
"24146","21","68"
"24146","22","6"
"24147","21","67"
"24148","21","67"
"24148","22","6"
"24149","21","67"
"24149","22","6"
"24150","21","68"
"24150","22","6"
"24151","21","68"
"24152","21","67"
"24153","21","68"
"24153","22","5"
"24154","21","70"
"24155","21","67"
"24155","22","6"
"24156","21","66"
"24156","22","6"
"24157","21","67"
"24157","22","3"
"24158","21","67"
"24159","21","66"
"24160","21","68"
"24160","22","6"
"24161","21","68"
"24162","21","67"
"24163","21","67"
"24163","22","6"
"24164","21","68"
"24165","21","66"
"24166","21","67"
"24167","21","68"
"24168","21","68"
"24168","22","6"
"24169","21","68"
"24169","22","6"
"24170","21","67"
"24171","21","66"
"24172","21","68"
"24173","21","68"
"24173","22","6"
"24174","21","66"
"24175","21","66"
"24176","21","68"
"24177","21","68"
"24177","22","6"
"24178","21","67"
"24179","21","66"
"24180","21","67"
"24180","22","6"
"24181","21","68"
"24182","21","68"
"24182","22","6"
"24183","21","66"
"24184","21","66"
"24185","21","67"
"24185","22","6"
"24186","21","68"
"24187","21","68"
"24187","22","6"
"24188","21","67"
"24188","22","6"
"24189","21","68"
"24189","22","6"
"24190","21","67"
"24191","21","66"
"24192","21","67"
"24193","21","65"
"24193","22","6"
"24194","21","65"
"24195","21","68"
"24195","22","6"
"24196","21","68"
"24197","21","68"
"24197","22","6"
"24198","21","67"
"24199","21","67"
"24199","22","6"
"24200","21","67"
"24201","21","66"
"24201","22","6"
"24202","21","68"
"24202","22","6"
"24203","21","67"
"24203","22","10"
"24204","21","67"
"24205","21","67"
"24206","21","67"
"24207","21","67"
"24208","21","65"
"24208","22","3"
"24209","21","66"
"24209","22","6"
"24210","21","66"
"24210","22","6"
"24211","21","66"
"24211","22","3"
"24212","21","66"
"24213","21","66"
"24213","22","4"
"24214","21","66"
"24215","21","66"
"24215","22","6"
"24216","21","67"
"24217","21","66"
"24217","22","10"
"24218","21","66"
"24218","22","2"
"24219","21","66"
"24220","21","66"
"24221","21","66"
"24222","21","66"
"24223","21","65"
"24223","22","6"
"24224","21","67"
"24225","21","68"
"24225","22","6"
"24226","21","66"
"24226","22","9"
"24227","21","66"
"24227","22","6"
"24228","21","67"
"24229","21","68"
"24229","22","6"
"24230","21","70"
"24231","21","67"
"24232","21","66"
"24233","21","67"
"24234","21","68"
"24234","22","6"
"24235","21","66"
"24235","22","8"
"24236","21","67"
"24237","21","66"
"24237","22","3"
"24238","21","67"
"24239","21","68"
"24239","22","3"
"24240","21","67"
"24241","21","67"
"24242","21","66"
"24243","21","66"
"24244","21","67"
"24244","22","3"
"24245","21","65"
"24245","22","6"
"24246","21","67"
"24247","21","68"
"24247","22","6"
"24248","21","70"
"24249","21","67"
"24250","21","67"
"24251","21","67"
"24252","21","67"
"24253","21","66"
"24253","22","6"
"24254","21","67"
"24255","21","67"
"24256","21","67"
"24257","21","67"
"24258","21","67"
"24259","21","67"
"24260","21","66"
"24261","21","66"
"24262","21","68"
"24263","21","67"
"24264","21","65"
"24264","22","3"
"24265","21","66"
"24266","21","66"
"24267","21","65"
"24267","22","6"
"24268","21","66"
"24269","21","68"
"24270","21","66"
"24270","22","10"
"24271","21","67"
"24271","22","3"
"24272","21","68"
"24272","22","6"
"24273","21","65"
"24273","22","8"
"24274","21","67"
"24275","21","66"
"24276","21","67"
"24277","21","67"
"24277","22","9"
"24278","21","67"
"24279","21","66"
"24279","22","6"
"24280","21","67"
"24281","21","68"
"24282","21","68"
"24283","21","67"
"24283","22","6"
"24284","21","67"
"24285","21","67"
"24285","22","6"
"24286","21","70"
"24287","21","70"
"24288","21","68"
"24289","21","68"
"24290","21","67"
"24291","21","69"
"24292","21","69"
"24293","21","68"
"24294","21","69"
"24295","21","68"
"24295","22","4"
"24296","21","68"
"24296","22","6"
"24297","21","68"
"24297","22","6"
"24298","21","67"
"24299","21","68"
"24300","21","69"
"24301","21","68"
"24301","22","6"
"24302","21","69"
"24303","21","69"
"24304","21","68"
"24305","21","69"
"24306","21","70"
"24306","22","6"
"24307","21","70"
"24307","22","6"
"24308","21","70"
"24308","22","6"
"24309","21","69"
"24309","22","6"
"24310","21","71"
"24311","21","70"
"24311","22","6"
"24312","21","71"
"24313","21","70"
"24313","22","6"
"24314","21","72"
"24315","21","72"
"24316","21","72"
"24317","21","72"
"24318","21","72"
"24318","22","2"
"24319","21","72"
"24320","21","71"
"24321","21","72"
"24322","21","72"
"24322","22","6"
"24323","21","72"
"24324","21","72"
"24325","21","72"
"24326","21","72"
"24327","21","74"
"24328","21","72"
"24329","21","72"
"24330","21","73"
"24330","22","9"
"24331","21","73"
"24332","21","73"
"24332","22","6"
"24333","21","74"
"24334","21","75"
"24334","22","4"
"24335","21","75"
"24336","21","74"
"24337","21","75"
"24338","21","77"
"24339","21","74"
"24340","21","75"
"24340","22","8"
"24341","21","73"
"24341","22","9"
"24342","21","75"
"24342","22","8"
"24343","21","75"
"24344","21","76"
"24345","21","76"
"24345","22","8"
"24346","21","78"
"24347","21","76"
"24348","21","76"
"24349","21","77"
"24350","21","77"
"24351","21","74"
"24352","21","71"
"24353","21","71"
"24354","21","71"
"24355","21","74"
"24356","21","73"
"24356","22","6"
"24357","21","75"
"24358","21","75"
"24359","21","75"
"24360","21","76"
"24361","21","75"
"24362","21","72"
"24363","21","72"
"24364","21","72"
"24365","21","73"
"24365","22","6"
"24366","21","74"
"24366","22","6"
"24367","21","74"
"24368","21","74"
"24369","21","76"
"24370","21","73"
"24370","22","8"
"24371","21","74"
"24372","21","75"
"24373","21","72"
"24373","22","8"
"24374","21","73"
"24374","22","9"
"24375","21","76"
"24376","21","74"
"24377","21","75"
"24378","21","75"
"24378","22","6"
"24379","21","75"
"24380","21","76"
"24380","22","4"
"24381","21","76"
"24382","21","77"
"24383","21","76"
"24384","21","74"
"24384","22","3"
"24385","21","74"
"24386","21","76"
"24387","21","74"
"24387","22","3"
"24388","21","74"
"24388","22","4"
"24389","21","74"
"24389","22","4"
"24390","21","74"
"24390","22","8"
"24391","21","74"
"24391","22","2"
"24392","21","75"
"24392","22","10"
"24393","21","75"
"24394","21","75"
"24395","21","76"
"24396","21","72"
"24396","22","2"
"24397","21","53"
"24398","21","54"
"24399","21","53"
"24399","22","10"
"24400","21","54"
"24401","21","57"
"24402","21","60"
"24403","21","66"
"24404","21","58"
"24405","21","60"
"24406","21","59"
"24407","21","58"
"24408","21","57"
"24409","21","57"
"24410","21","56"
"24410","22","3"
"24411","21","56"
"24411","22","6"
"24412","21","57"
"24413","21","57"
"24414","21","57"
"24415","21","58"
"24416","21","56"
"24417","21","56"
"24418","21","56"
"24419","21","56"
"24419","22","6"
"24420","21","55"
"24420","22","10"
"24421","21","55"
"24422","21","55"
"24423","21","55"
"24424","21","55"
"24425","21","54"
"24425","22","10"
"24426","21","55"
"24426","22","3"
"24427","21","57"
"24427","22","3"
"24428","21","57"
"24429","21","58"
"24430","21","58"
"24430","22","10"
"24431","21","60"
"24432","21","61"
"24433","21","62"
"24434","21","62"
"24435","21","63"
"24436","21","64"
"24436","22","3"
"24437","21","66"
"24438","21","67"
"24438","22","6"
"24439","21","67"
"24439","22","10"
"24440","21","68"
"24441","21","68"
"24441","22","6"
"24442","21","61"
"24442","22","3"
"24443","21","62"
"24443","22","6"
"24444","21","62"
"24444","22","6"
"24445","21","62"
"24445","22","6"
"24446","21","63"
"24446","22","3"
"24447","21","63"
"24447","22","6"
"24448","21","63"
"24448","22","6"
"24449","21","64"
"24449","22","3"
"24450","21","64"
"24450","22","3"
"24451","21","65"
"24452","21","65"
"24452","22","3"
"24453","21","65"
"24454","21","65"
"24455","21","65"
"24455","22","6"
"24456","21","65"
"24456","22","6"
"24457","21","65"
"24457","22","6"
"24458","21","65"
"24458","22","6"
"24459","21","65"
"24459","22","6"
"24460","21","65"
"24460","22","6"
"24461","21","65"
"24461","22","6"
"24462","21","65"
"24462","22","10"
"24463","21","66"
"24464","21","66"
"24465","21","66"
"24466","21","66"
"24466","22","3"
"24467","21","66"
"24467","22","6"
"24468","21","67"
"24469","21","66"
"24470","21","66"
"24471","21","65"
"24471","22","10"
"24472","21","66"
"24472","22","6"
"24473","21","66"
"24473","22","6"
"24474","21","66"
"24475","21","66"
"24475","22","6"
"24476","21","67"
"24477","21","66"
"24478","21","66"
"24478","22","10"
"24479","21","67"
"24480","21","67"
"24481","21","53"
"24481","22","10"
"24482","21","54"
"24482","22","3"
"24483","21","57"
"24484","21","60"
"24485","21","66"
"24486","21","58"
"24487","21","60"
"24488","21","60"
"24489","21","58"
"24489","22","10"
"24490","21","57"
"24490","22","2"
"24491","21","57"
"24491","22","2"
"24492","21","56"
"24492","22","8"
"24493","21","58"
"24494","21","55"
"24494","22","2"
"24495","21","54"
"24495","22","9"
"24496","21","57"
"24497","21","55"
"24498","21","55"
"24499","21","55"
"24500","21","55"
"24500","22","2"
"24501","21","55"
"24501","22","8"
"24502","21","55"
"24502","22","9.5"
"24503","21","57"
"24504","21","57"
"24504","22","1"
"24505","21","57"
"24506","21","57"
"24506","22","2.5"
"24507","21","58"
"24508","21","58"
"24508","22","9"
"24509","21","60"
"24510","21","62"
"24511","21","60"
"24511","22","7"
"24512","21","62"
"24513","21","63"
"24513","22","3"
"24514","21","62"
"24515","21","63"
"24515","22","1"
"24516","21","64"
"24516","22","6"
"24517","21","67"
"24517","22","6"
"24518","21","66"
"24519","21","67"
"24519","22","6"
"24520","21","67"
"24521","21","67"
"24521","22","8"
"24522","21","62"
"24522","22","7"
"24523","21","62"
"24523","22","3"
"24524","21","62"
"24524","22","8"
"24525","21","63"
"24525","22","3"
"24526","21","63"
"24526","22","6"
"24527","21","64"
"24527","22","4"
"24528","21","64"
"24528","22","6"
"24529","21","65"
"24530","21","66"
"24531","21","66"
"24531","22","10"
"24532","21","66"
"24533","21","66"
"24534","21","66"
"24535","21","66"
"24535","22","6"
"24536","21","66"
"24537","21","66"
"24538","21","66"
"24539","21","65"
"24539","22","8"
"24540","21","67"
"24541","21","67"
"24542","21","67"
"24543","21","66"
"24543","22","8"
"24544","21","66"
"24544","22","8"
"24545","21","66"
"24545","22","8"
"24546","21","66"
"24546","22","8"
"24547","21","66"
"24547","22","8"
"24548","21","67"
"24549","11","52"
"24550","11","52"
"24551","11","53"
"24551","12","3"
"24552","11","53"
"24552","12","3"
"24553","11","53"
"24553","12","3"
"24554","11","49"
"24555","11","53"
"24555","12","3"
"24556","11","40"
"24556","12","1"
"24557","11","40"
"24557","12","1"
"24558","11","40"
"24558","12","1"
"24559","11","40"
"24559","12","1"
"24560","11","40"
"24560","12","1"
"24561","11","40"
"24561","12","1"
"24562","11","50"
"24562","12","6"
"24563","11","50"
"24563","12","6"
"24564","11","50"
"24564","12","6"
"24565","11","53"
"24565","12","3"
"24566","11","53"
"24566","12","3"
"24567","11","53"
"24567","12","3"
"24568","11","48"
"24569","11","49"
"24570","11","52"
"24571","11","52"
"24572","11","49"
"24572","12","3"
"24573","11","53"
"24573","12","3"
"24574","11","49"
"24574","12","3"
"24575","11","53"
"24575","12","3"
"24576","11","53"
"24576","12","3"
"24577","11","53"
"24577","12","3"
"24578","11","53"
"24578","12","3"
"24579","11","53"
"24579","12","3"
"24580","11","53"
"24580","12","3"
"24581","11","53"
"24581","12","3"
"24582","11","64"
"24583","11","64"
"24584","11","64"
"24585","11","64"
"24586","17","32"
"24587","17","32"
"24588","17","35"
"24589","17","35"
"24590","17","35"
"24591","17","35"
"24592","17","35"
"24592","18","4"
"24593","17","36"
"24594","17","37"
"24595","17","37"
"24596","17","37"
"24597","17","37"
"24598","17","37"
"24598","18","1"
"24599","17","36"
"24599","18","6"
"24600","17","37"
"24601","17","35"
"24602","17","36"
"24603","17","37"
"24604","17","37"
"24605","17","37"
"24606","17","37"
"24607","17","37"
"24608","17","37"
"24609","17","37"
"24610","17","35"
"24611","17","37"
"24612","17","37"
"24613","17","38"
"24614","17","39"
"24615","17","40"
"24616","17","39"
"24616","18","5.5"
"24617","17","39"
"24618","17","40"
"24619","17","39"
"24620","17","37"
"24621","17","37"
"24622","17","39"
"24623","17","39"
"24624","17","38"
"24625","17","38"
"24626","17","40"
"24627","17","40"
"24628","17","40"
"24629","17","40"
"24630","17","40"
"24631","17","41"
"24631","18","6"
"24632","17","43"
"24633","17","43"
"24633","18","6"
"24634","17","42"
"24634","18","6"
"24635","17","43"
"24635","18","6"
"24636","17","44"
"24637","17","44"
"24638","17","44"
"24638","18","5"
"24639","17","43"
"24640","17","45"
"24641","17","44"
"24642","17","44"
"24643","17","48"
"24644","17","46"
"24645","17","48"
"24645","18","6"
"24646","17","49"
"24647","17","49"
"24648","17","49"
"24648","18","6"
"24649","17","50"
"24650","17","50"
"24651","17","53"
"24652","17","57"
"24653","17","56"
"24654","17","57"
"24654","18","6"
"24655","17","56"
"24656","17","56"
"24657","17","56"
"24658","17","56"
"24659","17","55"
"24660","17","56"
"24661","17","56"
"24662","17","57"
"24663","17","57"
"24664","17","57"
"24665","17","57"
"24666","17","57"
"24667","17","56"
"24668","17","59"
"24668","18","10"
"24669","17","58"
"24669","18","6"
"24670","17","58"
"24671","17","60"
"24672","17","62"
"24673","17","62"
"24674","17","62"
"24675","17","62"
"24676","17","64"
"24677","17","64"
"24678","17","70"
"24679","17","33"
"24679","18","8"
"24680","17","33"
"24680","18","6"
"24681","17","33"
"24681","18","7.5"
"24682","17","33"
"24682","18","9.5"
"24683","17","33"
"24683","18","8.5"
"24684","17","33"
"24684","18","5.5"
"24685","17","33"
"24685","18","5"
"24686","17","33"
"24686","18","4"
"24687","17","33"
"24688","17","32"
"24688","18","6"
"24689","17","32"
"24689","18","7"
"24690","17","32"
"24690","18","8.5"
"24691","17","32"
"24691","18","7"
"24692","17","32"
"24692","18","6.25"
"24693","17","32"
"24693","18","7"
"24694","17","31"
"24694","18","10"
"24695","17","30"
"24695","18","10"
"24696","17","31"
"24696","18","7"
"24697","17","31"
"24697","18","8"
"24698","17","33"
"24698","18","10"
"24699","17","32"
"24699","18","11"
"24700","17","32"
"24700","18","10.5"
"24701","17","33"
"24701","18","3"
"24702","17","33"
"24702","18","5"
"24703","17","33"
"24703","18","5.5"
"24704","17","33"
"24704","18","2.5"
"24705","17","33"
"24705","18","7.5"
"24706","17","33"
"24706","18","7.25"
"24707","17","33"
"24707","18","6.5"
"24708","17","33"
"24708","18","3"
"24709","17","33"
"24709","18","6.5"
"24710","17","33"
"24710","18","6"
"24711","17","33"
"24711","18","4"
"24712","17","33"
"24712","18","4.75"
"24713","17","33"
"24713","18","4.75"
"24714","17","33"
"24714","18","5.5"
"24715","17","33"
"24715","18","6"
"24716","17","33"
"24716","18","6"
"24717","17","33"
"24717","18","1.5"
"24718","17","33"
"24718","18","2"
"24719","17","32"
"24719","18","7"
"24720","17","32"
"24720","18","6"
"24721","17","32"
"24721","18","7.5"
"24722","17","33"
"24722","18","1"
"24723","17","33"
"24723","18","2"
"24724","17","33"
"24724","18","6.5"
"24725","17","33"
"24725","18","7"
"24726","17","33"
"24726","18","8"
"24727","17","34"
"24727","18","4"
"24728","17","34"
"24728","18","4"
"24729","17","34"
"24730","17","34"
"24730","18","0.5"
"24731","17","33"
"24731","18","11"
"24732","17","33"
"24732","18","10"
"24733","17","33"
"24733","18","6.5"
"24734","17","33"
"24734","18","6"
"24735","17","33"
"24735","18","8.5"
"24736","17","33"
"24736","18","9"
"24737","17","33"
"24737","18","7.5"
"24738","17","33"
"24738","18","6"
"24739","17","33"
"24739","18","6.5"
"24740","17","33"
"24740","18","7.5"
"24741","17","33"
"24741","18","7"
"24742","17","33"
"24742","18","11"
"24743","17","33"
"24743","18","9"
"24744","17","33"
"24744","18","7"
"24745","17","33"
"24745","18","0.25"
"24746","17","33"
"24746","18","1"
"24747","17","33"
"24747","18","2"
"24748","17","33"
"24748","18","3"
"24749","17","33"
"24749","18","1"
"24750","17","33"
"24750","18","6"
"24751","17","33"
"24751","18","5"
"24752","17","33"
"24752","18","5.5"
"24753","17","33"
"24753","18","10.5"
"24754","17","33"
"24754","18","8"
"24755","17","33"
"24755","18","7"
"24756","17","33"
"24756","18","2"
"24757","17","33"
"24757","18","1"
"24758","17","34"
